entity_type,id,parent_id,building_code,building_name,floor,room_no,name,category,features,note
floor,floor:building:3-0:1층,building:3-0,3-0,농업생명과학대학 본관,1층,,,,,
floor,floor:building:3-0:2층,building:3-0,3-0,농업생명과학대학 본관,2층,,,,,
floor,floor:building:3-0:3층,building:3-0,3-0,농업생명과학대학 본관,3층,,,,,
floor,floor:building:3-0:4층,building:3-0,3-0,농업생명과학대학 본관,4층,,,,,
floor,floor:building:3-1:1층,building:3-1,3-1,농업생명과학대학 1호관,1층,,,,,
floor,floor:building:3-1:2층,building:3-1,3-1,농업생명과학대학 1호관,2층,,,,,
floor,floor:building:3-1:3층,building:3-1,3-1,농업생명과학대학 1호관,3층,,,,,
floor,floor:building:3-1:4층,building:3-1,3-1,농업생명과학대학 1호관,4층,,,,,
floor,floor:building:3-2:1층,building:3-2,3-2,농업생명과학대학 2호관,1층,,,,,
floor,floor:building:3-2:2층,building:3-2,3-2,농업생명과학대학 2호관,2층,,,,,
floor,floor:building:3-2:3층,building:3-2,3-2,농업생명과학대학 2호관,3층,,,,,
floor,floor:building:3-2:4층,building:3-2,3-2,농업생명과학대학 2호관,4층,,,,,
floor,floor:building:3-3:1층,building:3-3,3-3,농업생명과학대학 3호관,1층,,,,,
floor,floor:building:3-3:2층,building:3-3,3-3,농업생명과학대학 3호관,2층,,,,,
floor,floor:building:3-3:3층,building:3-3,3-3,농업생명과학대학 3호관,3층,,,,,
floor,floor:building:3-3:4층,building:3-3,3-3,농업생명과학대학 3호관,4층,,,,,
floor,floor:building:3-4:전체,building:3-4,3-4,농업생명과학대학 4호관,전체,,,,,
floor,floor:building:8-1:1층,building:8-1,8-1,경상대학 1호관,1층,,,,,
floor,floor:building:8-1:2층,building:8-1,8-1,경상대학 1호관,2층,,,,,
floor,floor:building:8-1:3층,building:8-1,8-1,경상대학 1호관,3층,,,,,
floor,floor:building:8-1:4층,building:8-1,8-1,경상대학 1호관,4층,,,,,
floor,floor:building:8-2:1층,building:8-2,8-2,경상대학 2호관,1층,,,,,
floor,floor:building:8-2:2층,building:8-2,8-2,경상대학 2호관,2층,,,,,
floor,floor:building:8-2:3층,building:8-2,8-2,경상대학 2호관,3층,,,,,
floor,floor:building:8-2:4층,building:8-2,8-2,경상대학 2호관,4층,,,,,
floor,floor:building:8-3:1층,building:8-3,8-3,경상대학 3호관,1층,,,,,
floor,floor:building:8-3:2층,building:8-3,8-3,경상대학 3호관,2층,,,,,
floor,floor:building:8-3:3층,building:8-3,8-3,경상대학 3호관,3층,,,,,
floor,floor:building:8-3:4층,building:8-3,8-3,경상대학 3호관,4층,,,,,
floor,floor:building:6-1:3층,building:6-1,6-1,사범대학 본관,3층,,,,,
floor,floor:building:6-1:4층,building:6-1,6-1,사범대학 본관,4층,,,,,
floor,floor:building:6-3:1층,building:6-3,6-3,사범대학 과학관,1층,,,,,
floor,floor:building:6-3:3층,building:6-3,6-3,사범대학 과학관,3층,,,,,
floor,floor:building:4-3:2층,building:4-3,4-3,진수당,2층,,,,,
floor,floor:building:4-3:3층,building:4-3,4-3,진수당,3층,,,,,
floor,floor:building:4-3:4층,building:4-3,4-3,진수당,4층,,,,,
floor,floor:building:4-3:5층,building:4-3,4-3,진수당,5층,,,,,
floor,floor:building:6-4:전체,building:6-4,6-4,사범대학 예체능관,전체,,,,,
floor,floor:building:14-3:3층,building:14-3,14-3,인문사회관,3층,,,,,
floor,floor:building:1-32:2층,building:1-32,1-32,글로벌인재관,2층,,,,,
floor,floor:building:7-1:1층,building:7-1,7-1,생활과학대학,1층,,,,,
floor,floor:building:7-1:2층,building:7-1,7-1,생활과학대학,2층,,,,,
floor,floor:building:7-1:3층,building:7-1,7-1,생활과학대학,3층,,,,,
floor,floor:building:7-1:4층,building:7-1,7-1,생활과학대학,4층,,,,,
floor,floor:building:7-1:5층,building:7-1,7-1,생활과학대학,5층,,,,,
floor,floor:building:10-1:전체,building:10-1,10-1,약학대학,전체,,,,,
floor,floor:building:ART-3:2층,building:ART-3,ART-3,예술대학 3호관,2층,,,,,
floor,floor:building:ART-1:1층,building:ART-1,ART-1,예술대학 본관,1층,,,,,
floor,floor:building:ART-1:2층,building:ART-1,ART-1,예술대학 본관,2층,,,,,
floor,floor:building:ART-1:3층,building:ART-1,ART-1,예술대학 본관,3층,,,,,
floor,floor:building:ART-1:4층,building:ART-1,ART-1,예술대학 본관,4층,,,,,
floor,floor:building:13-3:전체,building:13-3,13-3,예술대학 미술관·1-6 예지원,전체,,,,,
floor,floor:building:14-2:2층,building:14-2,14-2,인문대학 2호관,2층,,,,,
floor,floor:building:14-3:4층,building:14-3,14-3,인문사회관,4층,,,,,
floor,floor:building:14-1:전체,building:14-1,14-1,인문대학 1호관,전체,,,,,
floor,floor:building:15-0:2층,building:15-0,15-0,자연과학대학 본관,2층,,,,,
floor,floor:building:15-0:3층,building:15-0,15-0,자연과학대학 본관,3층,,,,,
floor,floor:building:15-0:4층,building:15-0,15-0,자연과학대학 본관,4층,,,,,
floor,floor:building:15-1:2층,building:15-1,15-1,자연과학대학 1호관,2층,,,,,
floor,floor:building:15-2:1층,building:15-2,15-2,자연과학대학 2호관,1층,,,,,
floor,floor:building:15-3:1층,building:15-3,15-3,자연과학대학 3호관,1층,,,,,
floor,floor:building:15-4:1층,building:15-4,15-4,자연과학대학 4호관,1층,,,,,
floor,floor:building:15-4:2층,building:15-4,15-4,자연과학대학 4호관,2층,,,,,
floor,floor:building:15-4:3층,building:15-4,15-4,자연과학대학 4호관,3층,,,,,
floor,floor:building:15-5:2층,building:15-5,15-5,자연과학대학 5호관,2층,,,,,
floor,floor:building:학군단:3층,building:학군단,,학군단,3층,,,,,
floor,floor:building:2-5:1층,building:2-5,2-5,공과대학 5호관,1층,,,,,
floor,floor:building:2-7:2층,building:2-7,2-7,공과대학 7호관,2층,,,,,
floor,floor:building:2-1:1층,building:2-1,2-1,공과대학 1호관,1층,,,,,
floor,floor:building:2-1:2층,building:2-1,2-1,공과대학 1호관,2층,,,,,
floor,floor:building:2-1:3층,building:2-1,2-1,공과대학 1호관,3층,,,,,
floor,floor:building:2-2:1층,building:2-2,2-2,공과대학 2호관,1층,,,,,
floor,floor:building:2-2:2층,building:2-2,2-2,공과대학 2호관,2층,,,,,
floor,floor:building:2-2:3층,building:2-2,2-2,공과대학 2호관,3층,,,,,
floor,floor:building:2-2:4층,building:2-2,2-2,공과대학 2호관,4층,,,,,
floor,floor:building:2-3:1층,building:2-3,2-3,공과대학 3호관,1층,,,,,
floor,floor:building:2-3:2층,building:2-3,2-3,공과대학 3호관,2층,,,,,
floor,floor:building:2-3:3층,building:2-3,2-3,공과대학 3호관,3층,,,,,
floor,floor:building:2-3:4층,building:2-3,2-3,공과대학 3호관,4층,,,,,
floor,floor:building:2-4:지하1층,building:2-4,2-4,공과대학 4호관,지하1층,,,,,
floor,floor:building:2-4:1층,building:2-4,2-4,공과대학 4호관,1층,,,,,
floor,floor:building:2-4:2층,building:2-4,2-4,공과대학 4호관,2층,,,,,
floor,floor:building:2-4:3층,building:2-4,2-4,공과대학 4호관,3층,,,,,
floor,floor:building:2-4:4층,building:2-4,2-4,공과대학 4호관,4층,,,,,
floor,floor:building:2-5:2층,building:2-5,2-5,공과대학 5호관,2층,,,,,
floor,floor:building:2-5:3층,building:2-5,2-5,공과대학 5호관,3층,,,,,
floor,floor:building:2-5:4층,building:2-5,2-5,공과대학 5호관,4층,,,,,
floor,floor:building:2-5:5층,building:2-5,2-5,공과대학 5호관,5층,,,,,
floor,floor:building:2-6:지하1층,building:2-6,2-6,공과대학 6호관,지하1층,,,,,
floor,floor:building:2-6:1층,building:2-6,2-6,공과대학 6호관,1층,,,,,
floor,floor:building:2-6:2층,building:2-6,2-6,공과대학 6호관,2층,,,,,
floor,floor:building:2-6:3층,building:2-6,2-6,공과대학 6호관,3층,,,,,
floor,floor:building:2-6:4층,building:2-6,2-6,공과대학 6호관,4층,,,,,
floor,floor:building:2-6:5층,building:2-6,2-6,공과대학 6호관,5층,,,,,
floor,floor:building:2-7:지하1층,building:2-7,2-7,공과대학 7호관,지하1층,,,,,
floor,floor:building:2-7:1층,building:2-7,2-7,공과대학 7호관,1층,,,,,
floor,floor:building:2-7:3층,building:2-7,2-7,공과대학 7호관,3층,,,,,
floor,floor:building:2-7:4층,building:2-7,2-7,공과대학 7호관,4층,,,,,
floor,floor:building:2-7:5층,building:2-7,2-7,공과대학 7호관,5층,,,,,
floor,floor:building:2-7:6층,building:2-7,2-7,공과대학 7호관,6층,,,,,
floor,floor:building:2-8:1층,building:2-8,2-8,공과대학 8호관(자동차산학협동관),1층,,,,,
floor,floor:building:2-8:2층,building:2-8,2-8,공과대학 8호관(자동차산학협동관),2층,,,,,
floor,floor:building:2-8:3층,building:2-8,2-8,공과대학 8호관(자동차산학협동관),3층,,,,,
floor,floor:building:2-8:4층,building:2-8,2-8,공과대학 8호관(자동차산학협동관),4층,,,,,
floor,floor:building:2-9:1층,building:2-9,2-9,공과대학 9호관,1층,,,,,
floor,floor:building:2-9:2층,building:2-9,2-9,공과대학 9호관,2층,,,,,
floor,floor:building:2-9:3층,building:2-9,2-9,공과대학 9호관,3층,,,,,
floor,floor:building:2-9:4층,building:2-9,2-9,공과대학 9호관,4층,,,,,
floor,floor:building:2-9:5층,building:2-9,2-9,공과대학 9호관,5층,,,,,
floor,floor:building:2-9:6층,building:2-9,2-9,공과대학 9호관,6층,,,,,
floor,floor:building:2-9:7층,building:2-9,2-9,공과대학 9호관,7층,,,,,
floor,floor:building:2-9:8층,building:2-9,2-9,공과대학 9호관,8층,,,,,
floor,floor:building:2-9:9층,building:2-9,2-9,공과대학 9호관,9층,,,,,
floor,floor:building:2-20:1층,building:2-20,2-20,공대공장동,1층,,,,,
floor,floor:building:2-20:2층,building:2-20,2-20,공대공장동,2층,,,,,
floor,floor:building:2-20:3층,building:2-20,2-20,공대공장동,3층,,,,,
floor,floor:building:2-23:전체,building:2-23,2-23,대형풍동센터,전체,,,,,
floor,floor:building:POI-OS-SQUARE:1층,building:POI-OS-SQUARE,POI-OS-SQUARE,오스스퀘어,1층,,,,,
floor,floor:building:POI-OS-SQUARE:2층,building:POI-OS-SQUARE,POI-OS-SQUARE,오스스퀘어,2층,,,,,
floor,floor:building:정보화교육동:2층,building:정보화교육동,,정보화교육동,2층,,,,,
room,room:building:3-0:1층:101호:시청각실,floor:building:3-0:1층,3-0,농업생명과학대학 본관,1층,101호,시청각실,교육공간,,
room,room:building:3-0:1층:104호:전산실,floor:building:3-0:1층,3-0,농업생명과학대학 본관,1층,104호,전산실,교육공간,,
room,room:building:3-0:1층:105호:컴퓨터제어실,floor:building:3-0:1층,3-0,농업생명과학대학 본관,1층,105호,컴퓨터제어실,기타/도면 표기,,
room,room:building:3-0:1층:106·107호:강의실,floor:building:3-0:1층,3-0,농업생명과학대학 본관,1층,106·107호,강의실,교육공간,,
room,room:building:3-0:1층:109호:전시실,floor:building:3-0:1층,3-0,농업생명과학대학 본관,1층,109호,전시실,공용·지원공간,,
room,room:building:3-0:1층:109호:수리학실험실,floor:building:3-0:1층,3-0,농업생명과학대학 본관,1층,109호,수리학실험실,실험·연구공간,,
room,room:building:3-0:1층:111호:재료실험실,floor:building:3-0:1층,3-0,농업생명과학대학 본관,1층,111호,재료실험실,실험·연구공간,,
room,room:building:3-0:1층:112호:토질역학실험실,floor:building:3-0:1층,3-0,농업생명과학대학 본관,1층,112호,토질역학실험실,실험·연구공간,,
room,room:building:3-0:1층:113호:구조공학실험실,floor:building:3-0:1층,3-0,농업생명과학대학 본관,1층,113호,구조공학실험실,실험·연구공간,,
room,room:building:3-0:2층:201호:경영컨설팅,floor:building:3-0:2층,3-0,농업생명과학대학 본관,2층,201호,경영컨설팅,기타/도면 표기,,
room,room:building:3-0:2층:215호:농업과학기술연구소,floor:building:3-0:2층,3-0,농업생명과학대학 본관,2층,215호,농업과학기술연구소,연구·사업기관,,
room,room:building:3-0:2층:213호:센터행정실,floor:building:3-0:2층,3-0,농업생명과학대학 본관,2층,213호,센터행정실,행정공간,,
room,room:building:3-0:2층:211호:학장실·농업개발센터,floor:building:3-0:2층,3-0,농업생명과학대학 본관,2층,211호,학장실·농업개발센터,행정공간,,
room,room:building:3-0:2층:209호:부학장실,floor:building:3-0:2층,3-0,농업생명과학대학 본관,2층,209호,부학장실,행정공간,,
room,room:building:3-0:2층:228호:행정실,floor:building:3-0:2층,3-0,농업생명과학대학 본관,2층,228호,행정실,행정공간,,
room,room:building:3-0:2층:227호:제도준비실,floor:building:3-0:2층,3-0,농업생명과학대학 본관,2층,227호,제도준비실,실험·연구공간,,
room,room:building:3-0:2층:207·217·218호:강의실,floor:building:3-0:2층,3-0,농업생명과학대학 본관,2층,207·217·218호,강의실,교육공간,,
room,room:building:3-0:3층:302~303호:강의실,floor:building:3-0:3층,3-0,농업생명과학대학 본관,3층,302~303호,강의실,교육공간,,
room,room:building:3-0:3층:313호:공동기기분석실,floor:building:3-0:3층,3-0,농업생명과학대학 본관,3층,313호,공동기기분석실,실험·연구공간,,
room,room:building:3-0:3층:309호:동물자원학과부 학생·학술 공간,floor:building:3-0:3층,3-0,농업생명과학대학 본관,3층,309호,동물자원학과부 학생·학술 공간,기타/도면 표기,,
room,room:building:3-0:3층:330호:산림자원학과 사무실,floor:building:3-0:3층,3-0,농업생명과학대학 본관,3층,330호,산림자원학과 사무실,행정공간,,
room,room:building:3-0:3층:329호:세미나실,floor:building:3-0:3층,3-0,농업생명과학대학 본관,3층,329호,세미나실,공용·지원공간,,
room,room:building:3-0:3층:도면 참조:수목·육종·환경임업·산림공학 실험실,floor:building:3-0:3층,3-0,농업생명과학대학 본관,3층,도면 참조,수목·육종·환경임업·산림공학 실험실,실험·연구공간,,
room,room:building:3-0:4층:401호:쌀산업연구실,floor:building:3-0:4층,3-0,농업생명과학대학 본관,4층,401호,쌀산업연구실,실험·연구공간,,
room,room:building:3-0:4층:402호:농촌생활환경설계실,floor:building:3-0:4층,3-0,농업생명과학대학 본관,4층,402호,농촌생활환경설계실,기타/도면 표기,,
room,room:building:3-0:4층:403호:산림자원학과 종합기기실,floor:building:3-0:4층,3-0,농업생명과학대학 본관,4층,403호,산림자원학과 종합기기실,실험·연구공간,,
room,room:building:3-0:4층:406-1호:WISE 전북지역센터,floor:building:3-0:4층,3-0,농업생명과학대학 본관,4층,406-1호,WISE 전북지역센터,연구·사업기관,,
room,room:building:3-0:4층:407호:환경미생물배양실,floor:building:3-0:4층,3-0,농업생명과학대학 본관,4층,407호,환경미생물배양실,기타/도면 표기,,
room,room:building:3-0:4층:408호:생물산업기계 학생공간,floor:building:3-0:4층,3-0,농업생명과학대학 본관,4층,408호,생물산업기계 학생공간,기타/도면 표기,,
room,room:building:3-0:4층:414호:제도실,floor:building:3-0:4층,3-0,농업생명과학대학 본관,4층,414호,제도실,교육공간,,
room,room:building:3-0:4층:415호:학생실험실,floor:building:3-0:4층,3-0,농업생명과학대학 본관,4층,415호,학생실험실,실험·연구공간,,
room,room:building:3-0:4층:416·417호:산림경영·보호 실험실,floor:building:3-0:4층,3-0,농업생명과학대학 본관,4층,416·417호,산림경영·보호 실험실,실험·연구공간,,
room,room:building:3-0:4층:423호:강의실,floor:building:3-0:4층,3-0,농업생명과학대학 본관,4층,423호,강의실,교육공간,,
room,room:building:3-1:1층:100호:식물유전자원센터,floor:building:3-1:1층,3-1,농업생명과학대학 1호관,1층,100호,식물유전자원센터,연구·사업기관,,
room,room:building:3-1:1층:101~102호:작물·식물유전 관련 공간,floor:building:3-1:1층,3-1,농업생명과학대학 1호관,1층,101~102호,작물·식물유전 관련 공간,기타/도면 표기,,
room,room:building:3-1:1층:103~104호:수박특화사업단,floor:building:3-1:1층,3-1,농업생명과학대학 1호관,1층,103~104호,수박특화사업단,연구·사업기관,,
room,room:building:3-1:1층:105호:바이오식품소재연구실,floor:building:3-1:1층,3-1,농업생명과학대학 1호관,1층,105호,바이오식품소재연구실,실험·연구공간,,
room,room:building:3-1:1층:106호:교수회의실,floor:building:3-1:1층,3-1,농업생명과학대학 1호관,1층,106호,교수회의실,학생·공용공간,,
room,room:building:3-1:1층:107~113호:바이오식품소재 행정실·연구실·기기분석실,floor:building:3-1:1층,3-1,농업생명과학대학 1호관,1층,107~113호,바이오식품소재 행정실·연구실·기기분석실,행정공간,,
room,room:building:3-1:2층:201~202호:고친지식혁신특성화사업단,floor:building:3-1:2층,3-1,농업생명과학대학 1호관,2층,201~202호,고친지식혁신특성화사업단,연구·사업기관,,
room,room:building:3-1:2층:204호:IDEA 회의실,floor:building:3-1:2층,3-1,농업생명과학대학 1호관,2층,204호,IDEA 회의실,학생·공용공간,,
room,room:building:3-1:2층:205호:REA 실험실,floor:building:3-1:2층,3-1,농업생명과학대학 1호관,2층,205호,REA 실험실,실험·연구공간,,
room,room:building:3-1:2층:206~206-2호:세라믹연구사업단,floor:building:3-1:2층,3-1,농업생명과학대학 1호관,2층,206~206-2호,세라믹연구사업단,연구·사업기관,,
room,room:building:3-1:2층:207·207-1호:실용영어강의실,floor:building:3-1:2층,3-1,농업생명과학대학 1호관,2층,207·207-1호,실용영어강의실,교육공간,,
room,room:building:3-1:2층:209호:생물산업연구소,floor:building:3-1:2층,3-1,농업생명과학대학 1호관,2층,209호,생물산업연구소,연구·사업기관,,
room,room:building:3-1:2층:211호:농식품마케팅강의실,floor:building:3-1:2층,3-1,농업생명과학대학 1호관,2층,211호,농식품마케팅강의실,교육공간,,
room,room:building:3-1:3층:301호:강의실,floor:building:3-1:3층,3-1,농업생명과학대학 1호관,3층,301호,강의실,교육공간,,
room,room:building:3-1:3층:302호:농생대컴퓨터실,floor:building:3-1:3층,3-1,농업생명과학대학 1호관,3층,302호,농생대컴퓨터실,교육공간,,
room,room:building:3-1:3층:303호:영상학습실,floor:building:3-1:3층,3-1,농업생명과학대학 1호관,3층,303호,영상학습실,교육공간,,
room,room:building:3-1:3층:306호:수박산업혁신사업단,floor:building:3-1:3층,3-1,농업생명과학대학 1호관,3층,306호,수박산업혁신사업단,연구·사업기관,,
room,room:building:3-1:3층:307호:한국스테비아연구소,floor:building:3-1:3층,3-1,농업생명과학대학 1호관,3층,307호,한국스테비아연구소,연구·사업기관,,
room,room:building:3-1:3층:307-1호:(주,floor:building:3-1:3층,3-1,농업생명과학대학 1호관,3층,307-1호,(주,,,
room,room:building:3-1:3층:308호:현지제조실험실,floor:building:3-1:3층,3-1,농업생명과학대학 1호관,3층,308호,현지제조실험실,실험·연구공간,,
room,room:building:3-1:3층:309-1호:민중생활사 연구실,floor:building:3-1:3층,3-1,농업생명과학대학 1호관,3층,309-1호,민중생활사 연구실,실험·연구공간,,
room,room:building:3-1:4층:도면 참조:물탱크,floor:building:3-1:4층,3-1,농업생명과학대학 1호관,4층,도면 참조,물탱크,기타/도면 표기,,
room,room:building:3-1:4층:401호:ES새물림,floor:building:3-1:4층,3-1,농업생명과학대학 1호관,4층,401호,ES새물림,기타/도면 표기,,
room,room:building:3-1:4층:402호:남학생휴게소,floor:building:3-1:4층,3-1,농업생명과학대학 1호관,4층,402호,남학생휴게소,학생·공용공간,,
room,room:building:3-1:4층:403호:농공학회실,floor:building:3-1:4층,3-1,농업생명과학대학 1호관,4층,403호,농공학회실,학생·공용공간,,
room,room:building:3-1:4층:408~412호:단비·한아름·켐트·새물림·축구동아리·느티나무 공간,floor:building:3-1:4층,3-1,농업생명과학대학 1호관,4층,408~412호,단비·한아름·켐트·새물림·축구동아리·느티나무 공간,학생·공용공간,,
room,room:building:3-2:1층:101호:생물환경세미나실,floor:building:3-2:1층,3-2,농업생명과학대학 2호관,1층,101호,생물환경세미나실,공용·지원공간,,
room,room:building:3-2:1층:102호:생리활성물질연구소,floor:building:3-2:1층,3-2,농업생명과학대학 2호관,1층,102호,생리활성물질연구소,연구·사업기관,,
room,room:building:3-2:1층:103~106호:농업환경·생물환경 연구실,floor:building:3-2:1층,3-2,농업생명과학대학 2호관,1층,103~106호,농업환경·생물환경 연구실,실험·연구공간,,
room,room:building:3-2:1층:115호:응용식물생화학실험실,floor:building:3-2:1층,3-2,농업생명과학대학 2호관,1층,115호,응용식물생화학실험실,실험·연구공간,,
room,room:building:3-2:1층:108·111·113·114호:토양비료·농약및잔류·식물영양·잡초방제 실험실,floor:building:3-2:1층,3-2,농업생명과학대학 2호관,1층,108·111·113·114호,토양비료·농약및잔류·식물영양·잡초방제 실험실,실험·연구공간,,
room,room:building:3-2:1층:107호:생물환경화학과 학과사무실·조교실,floor:building:3-2:1층,3-2,농업생명과학대학 2호관,1층,107호,생물환경화학과 학과사무실·조교실,행정공간,,
room,room:building:3-2:2층:201~207호:작물생명공학 자료실·연구·실험,floor:building:3-2:2층,3-2,농업생명과학대학 2호관,2층,201~207호,작물생명공학 자료실·연구·실험,공용·지원공간,,
room,room:building:3-2:2층:208·210호:시설·생장조절물질 실험실,floor:building:3-2:2층,3-2,농업생명과학대학 2호관,2층,208·210호,시설·생장조절물질 실험실,실험·연구공간,,
room,room:building:3-2:2층:211~218호:원예육종·원예유전·조직배양·원예화학·과수원예학 실험실,floor:building:3-2:2층,3-2,농업생명과학대학 2호관,2층,211~218호,원예육종·원예유전·조직배양·원예화학·과수원예학 실험실,실험·연구공간,,
room,room:building:3-2:2층:219호:현미경실,floor:building:3-2:2층,3-2,농업생명과학대학 2호관,2층,219호,현미경실,실험·연구공간,,
room,room:building:3-2:2층:220~222호:생리·종묘·공예작물 실험실,floor:building:3-2:2층,3-2,농업생명과학대학 2호관,2층,220~222호,생리·종묘·공예작물 실험실,실험·연구공간,,
room,room:building:3-2:3층:326호:작물생명과학 대학원 세미나실,floor:building:3-2:3층,3-2,농업생명과학대학 2호관,3층,326호,작물생명과학 대학원 세미나실,공용·지원공간,,
room,room:building:3-2:3층:322~325호:식물유전육종·분자유전학·전작 실험실,floor:building:3-2:3층,3-2,농업생명과학대학 2호관,3층,322~325호,식물유전육종·분자유전학·전작 실험실,실험·연구공간,,
room,room:building:3-2:3층:301~320호:원예·화훼·생리·유전·조직배양·육종 실험실 및 연구실,floor:building:3-2:3층,3-2,농업생명과학대학 2호관,3층,301~320호,원예·화훼·생리·유전·조직배양·육종 실험실 및 연구실,실험·연구공간,,
room,room:building:3-2:4층:401~406호:강의실 6개,floor:building:3-2:4층,3-2,농업생명과학대학 2호관,4층,401~406호,강의실 6개,교육공간,,
room,room:building:3-2:4층:408~410호:학생회실,floor:building:3-2:4층,3-2,농업생명과학대학 2호관,4층,408~410호,학생회실,학생·공용공간,,
room,room:building:3-2:4층:411호:조교실,floor:building:3-2:4층,3-2,농업생명과학대학 2호관,4층,411호,조교실,행정공간,,
room,room:building:3-2:4층:412호:일반화학실험실,floor:building:3-2:4층,3-2,농업생명과학대학 2호관,4층,412호,일반화학실험실,실험·연구공간,,
room,room:building:3-2:4층:413호:여학생휴게실,floor:building:3-2:4층,3-2,농업생명과학대학 2호관,4층,413호,여학생휴게실,학생·공용공간,,
room,room:building:3-2:4층:414호:푸른샘,floor:building:3-2:4층,3-2,농업생명과학대학 2호관,4층,414호,푸른샘,기타/도면 표기,,
room,room:building:3-2:4층:415호:농생대학생회실,floor:building:3-2:4층,3-2,농업생명과학대학 2호관,4층,415호,농생대학생회실,학생·공용공간,,
room,room:building:3-2:4층:416호:학생회회의실,floor:building:3-2:4층,3-2,농업생명과학대학 2호관,4층,416호,학생회회의실,학생·공용공간,,
room,room:building:3-2:4층:417호:생활화학실,floor:building:3-2:4층,3-2,농업생명과학대학 2호관,4층,417호,생활화학실,기타/도면 표기,,
room,room:building:3-2:4층:418호:가락노모임,floor:building:3-2:4층,3-2,농업생명과학대학 2호관,4층,418호,가락노모임,기타/도면 표기,,
room,room:building:3-2:4층:419호:pinus,floor:building:3-2:4층,3-2,농업생명과학대학 2호관,4층,419호,pinus,기타/도면 표기,,
room,room:building:3-3:1층:101호:공통실험실,floor:building:3-3:1층,3-3,농업생명과학대학 3호관,1층,101호,공통실험실,실험·연구공간,,
room,room:building:3-3:1층:101-1·101-2호:이공전·동물영양 연구실,floor:building:3-3:1층,3-3,농업생명과학대학 3호관,1층,101-1·101-2호,이공전·동물영양 연구실,실험·연구공간,,
room,room:building:3-3:1층:102호:현미경실,floor:building:3-3:1층,3-3,농업생명과학대학 3호관,1층,102호,현미경실,실험·연구공간,,
room,room:building:3-3:1층:103호:식물Virus병학실험실,floor:building:3-3:1층,3-3,농업생명과학대학 3호관,1층,103호,식물Virus병학실험실,실험·연구공간,,
room,room:building:3-3:1층:104호:농생물학학술실,floor:building:3-3:1층,3-3,농업생명과학대학 3호관,1층,104호,농생물학학술실,기타/도면 표기,,
room,room:building:3-3:1층:113호:곤충분류학실험실,floor:building:3-3:1층,3-3,농업생명과학대학 3호관,1층,113호,곤충분류학실험실,실험·연구공간,,
room,room:building:3-3:1층:114~116호:식물병리학·곤충분류학·식물세균병학 실험실,floor:building:3-3:1층,3-3,농업생명과학대학 3호관,1층,114~116호,식물병리학·곤충분류학·식물세균병학 실험실,실험·연구공간,,
room,room:building:3-3:1층:108호:동물자원과학과 학과사무실·조교 연락처,floor:building:3-3:1층,3-3,농업생명과학대학 3호관,1층,108호,동물자원과학과 학과사무실·조교 연락처,행정공간,,
room,room:building:3-3:1층:119호:가금영양학실험실,floor:building:3-3:1층,3-3,농업생명과학대학 3호관,1층,119호,가금영양학실험실,실험·연구공간,,
room,room:building:3-3:2층:217호:곤충사육실,floor:building:3-3:2층,3-3,농업생명과학대학 3호관,2층,217호,곤충사육실,실험·연구공간,,
room,room:building:3-3:2층:218·219호:식물해부표본실,floor:building:3-3:2층,3-3,농업생명과학대학 3호관,2층,218·219호,식물해부표본실,실험·연구공간,,
room,room:building:3-3:2층:220호:곤충생태학실험실,floor:building:3-3:2층,3-3,농업생명과학대학 3호관,2층,220호,곤충생태학실험실,실험·연구공간,,
room,room:building:3-3:2층:221·225호:곤충생태학실험실·전북대벌사무실,floor:building:3-3:2층,3-3,농업생명과학대학 3호관,2층,221·225호,곤충생태학실험실·전북대벌사무실,행정공간,,
room,room:building:3-3:2층:226호:동물자원 연구·실험실,floor:building:3-3:2층,3-3,농업생명과학대학 3호관,2층,226호,동물자원 연구·실험실,실험·연구공간,,
room,room:building:3-3:3층:311-1호:세미나실,floor:building:3-3:3층,3-3,농업생명과학대학 3호관,3층,311-1호,세미나실,공용·지원공간,,
room,room:building:3-3:3층:311호:전산조경설계실·국제실,floor:building:3-3:3층,3-3,농업생명과학대학 3호관,3층,311호,전산조경설계실·국제실,기타/도면 표기,,
room,room:building:3-3:3층:312호:제도강의실,floor:building:3-3:3층,3-3,농업생명과학대학 3호관,3층,312호,제도강의실,교육공간,,
room,room:building:3-3:3층:313-1호:식물의학과 학과사무실·조교 연락처,floor:building:3-3:3층,3-3,농업생명과학대학 3호관,3층,313-1호,식물의학과 학과사무실·조교 연락처,행정공간,,
room,room:building:3-3:3층:306호:조경식재설계실,floor:building:3-3:3층,3-3,농업생명과학대학 3호관,3층,306호,조경식재설계실,기타/도면 표기,,
room,room:building:3-3:3층:307호:환경디자인실,floor:building:3-3:3층,3-3,농업생명과학대학 3호관,3층,307호,환경디자인실,기타/도면 표기,,
room,room:building:3-3:3층:309-1~310-1호:경관생태조경·단지·환경생태조경식물학 실험실,floor:building:3-3:3층,3-3,농업생명과학대학 3호관,3층,309-1~310-1호,경관생태조경·단지·환경생태조경식물학 실험실,실험·연구공간,,
room,room:building:3-3:3층:316·317호:강의실,floor:building:3-3:3층,3-3,농업생명과학대학 3호관,3층,316·317호,강의실,교육공간,,
room,room:building:3-3:3층:313호:조경학과 학과사무실·조교 연락처,floor:building:3-3:3층,3-3,농업생명과학대학 3호관,3층,313호,조경학과 학과사무실·조교 연락처,행정공간,,
room,room:building:3-3:4층:401호:세척실,floor:building:3-3:4층,3-3,농업생명과학대학 3호관,4층,401호,세척실,실험·연구공간,,
room,room:building:3-3:4층:403~404호:학생회실,floor:building:3-3:4층,3-3,농업생명과학대학 3호관,4층,403~404호,학생회실,학생·공용공간,,
room,room:building:3-3:4층:415호:일반동물학실험실,floor:building:3-3:4층,3-3,농업생명과학대학 3호관,4층,415호,일반동물학실험실,실험·연구공간,,
room,room:building:3-3:4층:416호:시험강의실,floor:building:3-3:4층,3-3,농업생명과학대학 3호관,4층,416호,시험강의실,교육공간,,
room,room:building:3-3:4층:414호:현미경준비실,floor:building:3-3:4층,3-3,농업생명과학대학 3호관,4층,414호,현미경준비실,실험·연구공간,,
room,room:building:3-4:전체:도면 참조:공식 대학안내 페이지의 층별 안내 링크가 404로 확인되어 세부 층별 정보 미수록,floor:building:3-4:전체,3-4,농업생명과학대학 4호관,전체,도면 참조,공식 대학안내 페이지의 층별 안내 링크가 404로 확인되어 세부 층별 정보 미수록,기타/도면 표기,,
room,room:building:3-4:전체:418호:농업경제학전공 학과사무실·조교 연락처,floor:building:3-4:전체,3-4,농업생명과학대학 4호관,전체,418호,농업경제학전공 학과사무실·조교 연락처,행정공간,,
room,room:building:8-1:1층:104호:경상대학 행정실·학장실·부학장실,floor:building:8-1:1층,8-1,경상대학 1호관,1층,104호,경상대학 행정실·학장실·부학장실,행정공간,,
room,room:building:8-1:1층:108호:경상대학 학생회실,floor:building:8-1:1층,8-1,경상대학 1호관,1층,108호,경상대학 학생회실,학생·공용공간,,
room,room:building:8-1:1층:122호:강의실,floor:building:8-1:1층,8-1,경상대학 1호관,1층,122호,강의실,교육공간,,
room,room:building:8-1:3층:312호:안근배 경영학과 교수연구실,floor:building:8-1:3층,8-1,경상대학 1호관,3층,312호,안근배 경영학과 교수연구실,연구공간,,
room,room:building:8-1:3층:317호:회계학과 비전임교원 공동연구실,floor:building:8-1:3층,8-1,경상대학 1호관,3층,317호,회계학과 비전임교원 공동연구실,연구공간,,
room,room:building:8-1:4층:412호:GM 동아리실,floor:building:8-1:4층,8-1,경상대학 1호관,4층,412호,GM 동아리실,학생·공용공간,,
room,room:building:8-1:4층:413호:들풀 동아리실,floor:building:8-1:4층,8-1,경상대학 1호관,4층,413호,들풀 동아리실,학생·공용공간,,
room,room:building:8-1:4층:415호:푸른나라 동아리실,floor:building:8-1:4층,8-1,경상대학 1호관,4층,415호,푸른나라 동아리실,학생·공용공간,,
room,room:building:8-1:4층:416호:가온 동아리실,floor:building:8-1:4층,8-1,경상대학 1호관,4층,416호,가온 동아리실,학생·공용공간,,
room,room:building:8-2:1층:106호:무역학과 대학원 사무실 안내표기,floor:building:8-2:1층,8-2,경상대학 2호관,1층,106호,무역학과 대학원 사무실 안내표기,행정공간,,
room,room:building:8-2:2층:213호:회계학과 사무실·조교실,floor:building:8-2:2층,8-2,경상대학 2호관,2층,213호,회계학과 사무실·조교실,행정공간,,
room,room:building:8-2:2층:214호:경영교육혁신센터·조교실,floor:building:8-2:2층,8-2,경상대학 2호관,2층,214호,경영교육혁신센터·조교실,지원공간,,
room,room:building:8-2:2층:215호:경영학과 사무실·조교실,floor:building:8-2:2층,8-2,경상대학 2호관,2층,215호,경영학과 사무실·조교실,행정공간,,
room,room:building:8-2:3층:301호:국제무역학과 사무실·조교실,floor:building:8-2:3층,8-2,경상대학 2호관,3층,301호,국제무역학과 사무실·조교실,행정공간,,
room,room:building:8-2:3층:315호:경제학부 사무실·조교실,floor:building:8-2:3층,8-2,경상대학 2호관,3층,315호,경제학부 사무실·조교실,행정공간,,
room,room:building:8-2:4층:402호:강의·특강 공간,floor:building:8-2:4층,8-2,경상대학 2호관,4층,402호,강의·특강 공간,교육공간,,
room,room:building:8-3:1층:104호:대학원 오리엔테이션·강의 공간,floor:building:8-3:1층,8-3,경상대학 3호관,1층,104호,대학원 오리엔테이션·강의 공간,교육공간,,
room,room:building:8-3:1층:111호:남기만 회계학과 교수연구실,floor:building:8-3:1층,8-3,경상대학 3호관,1층,111호,남기만 회계학과 교수연구실,연구공간,,
room,room:building:8-3:1층:112호:전경민 회계학과 교수연구실,floor:building:8-3:1층,8-3,경상대학 3호관,1층,112호,전경민 회계학과 교수연구실,연구공간,,
room,room:building:8-3:1층:113호:주영찬 경영학과 교수연구실,floor:building:8-3:1층,8-3,경상대학 3호관,1층,113호,주영찬 경영학과 교수연구실,연구공간,,
room,room:building:8-3:1층:114호:이윤 국제무역학과 교수연구실,floor:building:8-3:1층,8-3,경상대학 3호관,1층,114호,이윤 국제무역학과 교수연구실,연구공간,,
room,room:building:8-3:1층:115호:이우재 회계학과 교수연구실,floor:building:8-3:1층,8-3,경상대학 3호관,1층,115호,이우재 회계학과 교수연구실,연구공간,,
room,room:building:8-3:1층:117호:손진영 경제학부 교수연구실,floor:building:8-3:1층,8-3,경상대학 3호관,1층,117호,손진영 경제학부 교수연구실,연구공간,,
room,room:building:8-3:2층:209호:박삼복 회계학과 교수연구실,floor:building:8-3:2층,8-3,경상대학 3호관,2층,209호,박삼복 회계학과 교수연구실,연구공간,,
room,room:building:8-3:2층:211호:류한얼 국제무역학과 교수연구실,floor:building:8-3:2층,8-3,경상대학 3호관,2층,211호,류한얼 국제무역학과 교수연구실,연구공간,,
room,room:building:8-3:2층:212호:임태균 회계학과 교수연구실,floor:building:8-3:2층,8-3,경상대학 3호관,2층,212호,임태균 회계학과 교수연구실,연구공간,,
room,room:building:8-3:2층:213호:박상준 경영학과 교수연구실,floor:building:8-3:2층,8-3,경상대학 3호관,2층,213호,박상준 경영학과 교수연구실,연구공간,,
room,room:building:8-3:2층:214호:조동희 경제학부 교수연구실,floor:building:8-3:2층,8-3,경상대학 3호관,2층,214호,조동희 경제학부 교수연구실,연구공간,,
room,room:building:8-3:2층:215호:한규식 경영학과 교수연구실,floor:building:8-3:2층,8-3,경상대학 3호관,2층,215호,한규식 경영학과 교수연구실,연구공간,,
room,room:building:8-3:2층:216호:최용재 국제무역학과 교수연구실,floor:building:8-3:2층,8-3,경상대학 3호관,2층,216호,최용재 국제무역학과 교수연구실,연구공간,,
room,room:building:8-3:3층:301호:성지영 경영학과 교수연구실,floor:building:8-3:3층,8-3,경상대학 3호관,3층,301호,성지영 경영학과 교수연구실,연구공간,,
room,room:building:8-3:3층:304호:김승운 경영학과 교수연구실,floor:building:8-3:3층,8-3,경상대학 3호관,3층,304호,김승운 경영학과 교수연구실,연구공간,,
room,room:building:8-3:3층:305호:김하영 경제학부 교수연구실,floor:building:8-3:3층,8-3,경상대학 3호관,3층,305호,김하영 경제학부 교수연구실,연구공간,,
room,room:building:8-3:3층:306호:김종희 경제학부 교수연구실,floor:building:8-3:3층,8-3,경상대학 3호관,3층,306호,김종희 경제학부 교수연구실,연구공간,,
room,room:building:8-3:3층:307호:이상영 경영학과 교수연구실,floor:building:8-3:3층,8-3,경상대학 3호관,3층,307호,이상영 경영학과 교수연구실,연구공간,,
room,room:building:8-3:3층:308호:심재훈 국제무역학과 교수연구실,floor:building:8-3:3층,8-3,경상대학 3호관,3층,308호,심재훈 국제무역학과 교수연구실,연구공간,,
room,room:building:8-3:3층:309호:윤만식 경영학과 교수연구실,floor:building:8-3:3층,8-3,경상대학 3호관,3층,309호,윤만식 경영학과 교수연구실,연구공간,,
room,room:building:8-3:3층:310호:정호진 경제학부 교수연구실,floor:building:8-3:3층,8-3,경상대학 3호관,3층,310호,정호진 경제학부 교수연구실,연구공간,,
room,room:building:8-3:3층:311호:노산하 경제학부 교수연구실,floor:building:8-3:3층,8-3,경상대학 3호관,3층,311호,노산하 경제학부 교수연구실,연구공간,,
room,room:building:8-3:3층:312호:김인수 경제학부 교수연구실,floor:building:8-3:3층,8-3,경상대학 3호관,3층,312호,김인수 경제학부 교수연구실,연구공간,,
room,room:building:8-3:3층:317호:곽은혜 경제학부 교수연구실,floor:building:8-3:3층,8-3,경상대학 3호관,3층,317호,곽은혜 경제학부 교수연구실,연구공간,,
room,room:building:8-3:3층:318호:선종학 경영학과 교수연구실,floor:building:8-3:3층,8-3,경상대학 3호관,3층,318호,선종학 경영학과 교수연구실,연구공간,,
room,room:building:8-3:3층:319호:석준호 국제무역학과 교수연구실,floor:building:8-3:3층,8-3,경상대학 3호관,3층,319호,석준호 국제무역학과 교수연구실,연구공간,,
room,room:building:8-3:3층:320호:고수일 경영학과 교수연구실,floor:building:8-3:3층,8-3,경상대학 3호관,3층,320호,고수일 경영학과 교수연구실,연구공간,,
room,room:building:8-3:3층:321호:이상노 회계학과 교수연구실,floor:building:8-3:3층,8-3,경상대학 3호관,3층,321호,이상노 회계학과 교수연구실,연구공간,,
room,room:building:8-3:3층:322호:최백렬 국제무역학과 교수연구실,floor:building:8-3:3층,8-3,경상대학 3호관,3층,322호,최백렬 국제무역학과 교수연구실,연구공간,,
room,room:building:8-3:3층:323호:최창곤 경제학부 교수연구실,floor:building:8-3:3층,8-3,경상대학 3호관,3층,323호,최창곤 경제학부 교수연구실,연구공간,,
room,room:building:8-3:3층:324호:안정규 경영학과 교수연구실,floor:building:8-3:3층,8-3,경상대학 3호관,3층,324호,안정규 경영학과 교수연구실,연구공간,,
room,room:building:8-3:4층:402호:심갑용 회계학과 교수연구실,floor:building:8-3:4층,8-3,경상대학 3호관,4층,402호,심갑용 회계학과 교수연구실,연구공간,,
room,room:building:8-3:4층:403호:권용주 경영학과 교수연구실,floor:building:8-3:4층,8-3,경상대학 3호관,4층,403호,권용주 경영학과 교수연구실,연구공간,,
room,room:building:8-3:4층:404호:최경숙 국제무역학과 교수연구실,floor:building:8-3:4층,8-3,경상대학 3호관,4층,404호,최경숙 국제무역학과 교수연구실,연구공간,,
room,room:building:8-3:4층:405호:김애경 경영학과 교수연구실,floor:building:8-3:4층,8-3,경상대학 3호관,4층,405호,김애경 경영학과 교수연구실,연구공간,,
room,room:building:8-3:4층:406호:이치송 경영학과 교수연구실,floor:building:8-3:4층,8-3,경상대학 3호관,4층,406호,이치송 경영학과 교수연구실,연구공간,,
room,room:building:8-3:4층:407호:한방울 국제무역학과 교수연구실,floor:building:8-3:4층,8-3,경상대학 3호관,4층,407호,한방울 국제무역학과 교수연구실,연구공간,,
room,room:building:8-3:4층:408호:윤경환 국제무역학과 교수연구실,floor:building:8-3:4층,8-3,경상대학 3호관,4층,408호,윤경환 국제무역학과 교수연구실,연구공간,,
room,room:building:8-3:4층:409호:황원식 경제학부 교수연구실,floor:building:8-3:4층,8-3,경상대학 3호관,4층,409호,황원식 경제학부 교수연구실,연구공간,,
room,room:building:8-3:4층:410호:황운중 국제무역학과 교수연구실,floor:building:8-3:4층,8-3,경상대학 3호관,4층,410호,황운중 국제무역학과 교수연구실,연구공간,,
room,room:building:8-3:4층:411호:김영민 국제무역학과 교수연구실,floor:building:8-3:4층,8-3,경상대학 3호관,4층,411호,김영민 국제무역학과 교수연구실,연구공간,,
room,room:building:8-3:4층:412호:노상윤 회계학과 교수연구실,floor:building:8-3:4층,8-3,경상대학 3호관,4층,412호,노상윤 회계학과 교수연구실,연구공간,,
room,room:building:8-3:4층:417호:채연주 경영학과 교수연구실,floor:building:8-3:4층,8-3,경상대학 3호관,4층,417호,채연주 경영학과 교수연구실,연구공간,,
room,room:building:8-3:4층:418호:조아현 국제무역학과 교수연구실,floor:building:8-3:4층,8-3,경상대학 3호관,4층,418호,조아현 국제무역학과 교수연구실,연구공간,,
room,room:building:8-3:4층:419호:채준호 경영학과 교수연구실,floor:building:8-3:4층,8-3,경상대학 3호관,4층,419호,채준호 경영학과 교수연구실,연구공간,,
room,room:building:8-3:4층:420호:김재희 경영학과 교수연구실,floor:building:8-3:4층,8-3,경상대학 3호관,4층,420호,김재희 경영학과 교수연구실,연구공간,,
room,room:building:8-3:4층:421호:유소이 경영학과 교수연구실,floor:building:8-3:4층,8-3,경상대학 3호관,4층,421호,유소이 경영학과 교수연구실,연구공간,,
room,room:building:8-3:4층:422호:박윤서 경영학과 교수연구실,floor:building:8-3:4층,8-3,경상대학 3호관,4층,422호,박윤서 경영학과 교수연구실,연구공간,,
room,room:building:6-1:3층:302호:독어교육과 사무실·조교,floor:building:6-1:3층,6-1,사범대학 본관,3층,302호,독어교육과 사무실·조교,행정공간,,
room,room:building:6-1:3층:323호:영어교육과 사무실·조교,floor:building:6-1:3층,6-1,사범대학 본관,3층,323호,영어교육과 사무실·조교,행정공간,,
room,room:building:6-1:4층:403호:수학교육과 사무실·조교,floor:building:6-1:4층,6-1,사범대학 본관,4층,403호,수학교육과 사무실·조교,행정공간,,
room,room:building:6-1:4층:423호:국어교육과 사무실·조교,floor:building:6-1:4층,6-1,사범대학 본관,4층,423호,국어교육과 사무실·조교,행정공간,,
room,room:building:6-3:1층:113호:화학교육과 사무실·조교,floor:building:6-3:1층,6-3,사범대학 과학관,1층,113호,화학교육과 사무실·조교,행정공간,,
room,room:building:6-3:1층:115호:물리교육과 사무실·조교,floor:building:6-3:1층,6-3,사범대학 과학관,1층,115호,물리교육과 사무실·조교,행정공간,,
room,room:building:6-3:3층:310-2호:생물교육과 사무실·조교,floor:building:6-3:3층,6-3,사범대학 과학관,3층,310-2호,생물교육과 사무실·조교,행정공간,,
room,room:building:6-3:3층:320호:지구과학교육과 사무실·조교,floor:building:6-3:3층,6-3,사범대학 과학관,3층,320호,지구과학교육과 사무실·조교,행정공간,,
room,room:building:4-3:2층:204호:교육학과 사무실·조교,floor:building:4-3:2층,4-3,진수당,2층,204호,교육학과 사무실·조교,행정공간,,
room,room:building:4-3:3층:311호:윤리교육과 사무실·조교,floor:building:4-3:3층,4-3,진수당,3층,311호,윤리교육과 사무실·조교,행정공간,,
room,room:building:4-3:5층:520호:지리교육과 사무실·조교,floor:building:4-3:5층,4-3,진수당,5층,520호,지리교육과 사무실·조교,행정공간,,
room,room:building:14-3:3층:326호:정치외교학과 사무실·조교,floor:building:14-3:3층,14-3,인문사회관,3층,326호,정치외교학과 사무실·조교,행정공간,,
room,room:building:14-3:3층:327호:심리학과 사무실·조교,floor:building:14-3:3층,14-3,인문사회관,3층,327호,심리학과 사무실·조교,행정공간,,
room,room:building:14-3:3층:328호:미디어커뮤니케이션학과 사무실·조교,floor:building:14-3:3층,14-3,인문사회관,3층,328호,미디어커뮤니케이션학과 사무실·조교,행정공간,,
room,room:building:14-3:3층:329호:행정학과 사무실·조교,floor:building:14-3:3층,14-3,인문사회관,3층,329호,행정학과 사무실·조교,행정공간,,
room,room:building:14-3:3층:330호:사회복지학과 사무실·조교,floor:building:14-3:3층,14-3,인문사회관,3층,330호,사회복지학과 사무실·조교,행정공간,,
room,room:building:14-3:3층:331호:사회학과 사무실·조교,floor:building:14-3:3층,14-3,인문사회관,3층,331호,사회학과 사무실·조교,행정공간,,
room,room:building:1-32:2층:209호:공공인재학부 사무실·조교,floor:building:1-32:2층,1-32,글로벌인재관,2층,209호,공공인재학부 사무실·조교,행정공간,,
room,room:building:7-1:1층:102호:행정실,floor:building:7-1:1층,7-1,생활과학대학,1층,102호,행정실,행정공간,,
room,room:building:7-1:2층:205호:식품영양학과 사무실·조교,floor:building:7-1:2층,7-1,생활과학대학,2층,205호,식품영양학과 사무실·조교,행정공간,,
room,room:building:7-1:3층:305호:의류학과 사무실·조교,floor:building:7-1:3층,7-1,생활과학대학,3층,305호,의류학과 사무실·조교,행정공간,,
room,room:building:7-1:4층:405호:아동학과 사무실·조교,floor:building:7-1:4층,7-1,생활과학대학,4층,405호,아동학과 사무실·조교,행정공간,,
room,room:building:7-1:5층:505호:주거환경학과 사무실·조교,floor:building:7-1:5층,7-1,생활과학대학,5층,505호,주거환경학과 사무실·조교,행정공간,,
room,room:building:ART-3:2층:2030호:무용학과 사무실·조교,floor:building:ART-3:2층,ART-3,예술대학 3호관,2층,2030호,무용학과 사무실·조교,행정공간,,
room,room:building:ART-1:1층:1270호:미술학과 사무실·조교,floor:building:ART-1:1층,ART-1,예술대학 본관,1층,1270호,미술학과 사무실·조교,행정공간,,
room,room:building:ART-1:2층:2010호:산업디자인학과 사무실·조교,floor:building:ART-1:2층,ART-1,예술대학 본관,2층,2010호,산업디자인학과 사무실·조교,행정공간,,
room,room:building:ART-1:3층:3220호:음악과 사무실·조교,floor:building:ART-1:3층,ART-1,예술대학 본관,3층,3220호,음악과 사무실·조교,행정공간,,
room,room:building:ART-1:4층:4230호:한국음악학과 사무실·조교,floor:building:ART-1:4층,ART-1,예술대학 본관,4층,4230호,한국음악학과 사무실·조교,행정공간,,
room,room:building:14-2:2층:224호:독일학과 사무실·조교,floor:building:14-2:2층,14-2,인문대학 2호관,2층,224호,독일학과 사무실·조교,행정공간,,
room,room:building:14-2:2층:226호:사학과 사무실·조교,floor:building:14-2:2층,14-2,인문대학 2호관,2층,226호,사학과 사무실·조교,행정공간,,
room,room:building:14-2:2층:230호:고고문화인류학과 사무실·조교,floor:building:14-2:2층,14-2,인문대학 2호관,2층,230호,고고문화인류학과 사무실·조교,행정공간,,
room,room:building:14-3:3층:315호:일본학과 사무실·조교,floor:building:14-3:3층,14-3,인문사회관,3층,315호,일본학과 사무실·조교,행정공간,,
room,room:building:14-3:3층:318호:철학과 사무실·조교,floor:building:14-3:3층,14-3,인문사회관,3층,318호,철학과 사무실·조교,행정공간,,
room,room:building:14-3:3층:320호:국어국문학과 사무실·조교,floor:building:14-3:3층,14-3,인문사회관,3층,320호,국어국문학과 사무실·조교,행정공간,,
room,room:building:14-3:4층:423호:영어영문학과 사무실·조교,floor:building:14-3:4층,14-3,인문사회관,4층,423호,영어영문학과 사무실·조교,행정공간,,
room,room:building:14-3:4층:425호:프랑스·아프리카학과 사무실·조교,floor:building:14-3:4층,14-3,인문사회관,4층,425호,프랑스·아프리카학과 사무실·조교,행정공간,,
room,room:building:14-3:4층:427호:문헌정보학과 사무실·조교,floor:building:14-3:4층,14-3,인문사회관,4층,427호,문헌정보학과 사무실·조교,행정공간,,
room,room:building:14-3:4층:429호:스페인·중남미학과 사무실·조교,floor:building:14-3:4층,14-3,인문사회관,4층,429호,스페인·중남미학과 사무실·조교,행정공간,,
room,room:building:14-3:4층:432호:중어중문학과 사무실·조교,floor:building:14-3:4층,14-3,인문사회관,4층,432호,중어중문학과 사무실·조교,행정공간,,
room,room:building:1-32:2층:215호:국제학부 사무실·조교,floor:building:1-32:2층,1-32,글로벌인재관,2층,215호,국제학부 사무실·조교,행정공간,,
room,room:building:15-0:2층:209호:통계학과 사무실·조교,floor:building:15-0:2층,15-0,자연과학대학 본관,2층,209호,통계학과 사무실·조교,행정공간,,
room,room:building:15-0:3층:316호:과학학과 사무실·조교,floor:building:15-0:3층,15-0,자연과학대학 본관,3층,316호,과학학과 사무실·조교,행정공간,,
room,room:building:15-0:4층:409호:수학과 사무실·조교,floor:building:15-0:4층,15-0,자연과학대학 본관,4층,409호,수학과 사무실·조교,행정공간,,
room,room:building:15-1:2층:210호:화학과 사무실·조교,floor:building:15-1:2층,15-1,자연과학대학 1호관,2층,210호,화학과 사무실·조교,행정공간,,
room,room:building:15-2:1층:122호:생명과학과 사무실·조교,floor:building:15-2:1층,15-2,자연과학대학 2호관,1층,122호,생명과학과 사무실·조교,행정공간,,
room,room:building:15-3:1층:102호:스포츠과학과 사무실·조교,floor:building:15-3:1층,15-3,자연과학대학 3호관,1층,102호,스포츠과학과 사무실·조교,행정공간,,
room,room:building:15-4:1층:122호:지구환경과학과 사무실·조교,floor:building:15-4:1층,15-4,자연과학대학 4호관,1층,122호,지구환경과학과 사무실·조교,행정공간,,
room,room:building:15-4:1층:106호:생지구화학연구실,floor:building:15-4:1층,15-4,자연과학대학 4호관,1층,106호,생지구화학연구실,연구공간,,
room,room:building:15-4:2층:206호:응용환경지질학연구실,floor:building:15-4:2층,15-4,자연과학대학 4호관,2층,206호,응용환경지질학연구실,연구공간,,
room,room:building:15-4:3층:305호:분자생물학과 사무실·조교,floor:building:15-4:3층,15-4,자연과학대학 4호관,3층,305호,분자생물학과 사무실·조교,행정공간,,
room,room:building:15-5:2층:207호:물리학과 사무실·조교,floor:building:15-5:2층,15-5,자연과학대학 5호관,2층,207호,물리학과 사무실·조교,행정공간,,
room,room:building:학군단:3층:303-1호:반도체과학기술학과 사무실·조교,floor:building:학군단:3층,,학군단,3층,303-1호,반도체과학기술학과 사무실·조교,행정공간,,
room,room:building:2-5:1층:113호:소프트웨어공학과 사무실·조교,floor:building:2-5:1층,2-5,공과대학 5호관,1층,113호,소프트웨어공학과 사무실·조교,행정공간,,
room,room:building:2-7:2층:224-2호:컴퓨터인공지능학부 사무실·조교,floor:building:2-7:2층,2-7,공과대학 7호관,2층,224-2호,컴퓨터인공지능학부 사무실·조교,행정공간,,
room,room:building:2-1:1층:101호:명예대학원 강의실,floor:building:2-1:1층,2-1,공과대학 1호관,1층,101호,명예대학원 강의실,교육공간,,
room,room:building:2-1:1층:102호:행정실장실,floor:building:2-1:1층,2-1,공과대학 1호관,1층,102호,행정실장실,행정공간,,
room,room:building:2-1:1층:103호:해양에너지기술연구센터 교수연구실,floor:building:2-1:1층,2-1,공과대학 1호관,1층,103호,해양에너지기술연구센터 교수연구실,연구공간,,
room,room:building:2-1:1층:104호:교수연구실,floor:building:2-1:1층,2-1,공과대학 1호관,1층,104호,교수연구실,연구공간,,
room,room:building:2-1:1층:105호:공과대학 행정실,floor:building:2-1:1층,2-1,공과대학 1호관,1층,105호,공과대학 행정실,행정공간,,
room,room:building:2-1:1층:107호:물품보관실,floor:building:2-1:1층,2-1,공과대학 1호관,1층,107호,물품보관실,지원공간,,
room,room:building:2-1:1층:107-1호:공대전용열람실,floor:building:2-1:1층,2-1,공과대학 1호관,1층,107-1호,공대전용열람실,학습공간,,
room,room:building:2-1:1층:108호:물품창고,floor:building:2-1:1층,2-1,공과대학 1호관,1층,108호,물품창고,지원공간,,
room,room:building:2-1:1층:108-1호:문서고,floor:building:2-1:1층,2-1,공과대학 1호관,1층,108-1호,문서고,지원공간,,
room,room:building:2-1:1층:109호:공업기술연구센터·융합기술연구원 행정지원실,floor:building:2-1:1층,2-1,공과대학 1호관,1층,109호,공업기술연구센터·융합기술연구원 행정지원실,행정공간,,
room,room:building:2-1:1층:110·110-1·112·114~119호:교수·대학원 연구실,floor:building:2-1:1층,2-1,공과대학 1호관,1층,110·110-1·112·114~119호,교수·대학원 연구실,연구공간,,
room,room:building:2-1:1층:113호:대학원연구실,floor:building:2-1:1층,2-1,공과대학 1호관,1층,113호,대학원연구실,연구공간,,
room,room:building:2-1:1층:122·123호:강의실,floor:building:2-1:1층,2-1,공과대학 1호관,1층,122·123호,강의실,교육공간,,
room,room:building:2-1:1층:125호:대학원세미나실,floor:building:2-1:1층,2-1,공과대학 1호관,1층,125호,대학원세미나실,교육공간,,
room,room:building:2-1:1층:126~131호:교수·연구실,floor:building:2-1:1층,2-1,공과대학 1호관,1층,126~131호,교수·연구실,연구공간,,
room,room:building:2-1:1층:132호:건축공학과 사무실·조교 문의,floor:building:2-1:1층,2-1,공과대학 1호관,1층,132호,건축공학과 사무실·조교 문의,행정공간,,
room,room:building:2-1:1층:133-1·134호:시공재료실험실,floor:building:2-1:1층,2-1,공과대학 1호관,1층,133-1·134호,시공재료실험실,실험공간,,
room,room:building:2-1:1층:135호:WC,floor:building:2-1:1층,2-1,공과대학 1호관,1층,135호,WC,편의시설,,
room,room:building:2-1:1층:136호:대학원연구실,floor:building:2-1:1층,2-1,공과대학 1호관,1층,136호,대학원연구실,연구공간,,
room,room:building:2-1:1층:137호:재료공학실험실,floor:building:2-1:1층,2-1,공과대학 1호관,1층,137호,재료공학실험실,실험공간,,
room,room:building:2-1:1층:138~141호:교수연구실,floor:building:2-1:1층,2-1,공과대학 1호관,1층,138~141호,교수연구실,연구공간,,
room,room:building:2-1:1층:142호:IT응용시스템공학 사무실·조교 문의,floor:building:2-1:1층,2-1,공과대학 1호관,1층,142호,IT응용시스템공학 사무실·조교 문의,행정공간,,
room,room:building:2-1:1층:142-1호:대학원사업단,floor:building:2-1:1층,2-1,공과대학 1호관,1층,142-1호,대학원사업단,사업지원,,
room,room:building:2-1:1층:143~147호:실험·연구실,floor:building:2-1:1층,2-1,공과대학 1호관,1층,143~147호,실험·연구실,연구공간,,
room,room:building:2-1:1층:149호:강의실,floor:building:2-1:1층,2-1,공과대학 1호관,1층,149호,강의실,교육공간,,
room,room:building:2-1:1층:151호:WC·장애인화장실,floor:building:2-1:1층,2-1,공과대학 1호관,1층,151호,WC·장애인화장실,편의시설,,
room,room:building:2-1:1층:152호:미화원휴게실,floor:building:2-1:1층,2-1,공과대학 1호관,1층,152호,미화원휴게실,편의시설,,
room,room:building:2-1:1층:153호:교수연구실,floor:building:2-1:1층,2-1,공과대학 1호관,1층,153호,교수연구실,연구공간,,
room,room:building:2-1:1층:154호:미래에너지기술사업단,floor:building:2-1:1층,2-1,공과대학 1호관,1층,154호,미래에너지기술사업단,사업지원,,
room,room:building:2-1:1층:156호:양자시스템공학과 사무실·조교 문의,floor:building:2-1:1층,2-1,공과대학 1호관,1층,156호,양자시스템공학과 사무실·조교 문의,행정공간,,
room,room:building:2-1:1층:157호:미래신사업단,floor:building:2-1:1층,2-1,공과대학 1호관,1층,157호,미래신사업단,사업지원,,
room,room:building:2-1:1층:158·161호:공대학술전산실습실,floor:building:2-1:1층,2-1,공과대학 1호관,1층,158·161호,공대학술전산실습실,교육공간,,
room,room:building:2-1:1층:162·163호:건축시공재료연구실,floor:building:2-1:1층,2-1,공과대학 1호관,1층,162·163호,건축시공재료연구실,연구공간,,
room,room:building:2-1:1층:164호:설계스튜디오,floor:building:2-1:1층,2-1,공과대학 1호관,1층,164호,설계스튜디오,교육공간,,
room,room:building:2-1:1층:171·172호:헬스케어 공동기기실,floor:building:2-1:1층,2-1,공과대학 1호관,1층,171·172호,헬스케어 공동기기실,연구지원,,
room,room:building:2-1:2층:206호:IT융합기전공학 사무실·조교 문의,floor:building:2-1:2층,2-1,공과대학 1호관,2층,206호,IT융합기전공학 사무실·조교 문의,행정공간,,
room,room:building:2-1:2층:225호:강의실,floor:building:2-1:2층,2-1,공과대학 1호관,2층,225호,강의실,교육공간,,
room,room:building:2-1:2층:228호:교수연구실,floor:building:2-1:2층,2-1,공과대학 1호관,2층,228호,교수연구실,연구공간,,
room,room:building:2-1:2층:231호:건축음향연구실,floor:building:2-1:2층,2-1,공과대학 1호관,2층,231호,건축음향연구실,연구공간,,
room,room:building:2-1:2층:232~235호:건축 CAD·환경·음향·설계 실험·연구실,floor:building:2-1:2층,2-1,공과대학 1호관,2층,232~235호,건축 CAD·환경·음향·설계 실험·연구실,연구공간,,
room,room:building:2-1:2층:252호:교수연구실,floor:building:2-1:2층,2-1,공과대학 1호관,2층,252호,교수연구실,연구공간,,
room,room:building:2-1:2층:256호:교수회의실,floor:building:2-1:2층,2-1,공과대학 1호관,2층,256호,교수회의실,공용공간,,
room,room:building:2-1:2층:258·258-1호:건축계획·요소설계연구실,floor:building:2-1:2층,2-1,공과대학 1호관,2층,258·258-1호,건축계획·요소설계연구실,연구공간,,
room,room:building:2-1:2층:259호:수문연구실,floor:building:2-1:2층,2-1,공과대학 1호관,2층,259호,수문연구실,연구공간,,
room,room:building:2-1:2층:260호:측량실습실,floor:building:2-1:2층,2-1,공과대학 1호관,2층,260호,측량실습실,실습공간,,
room,room:building:2-1:2층:261호:세미나실,floor:building:2-1:2층,2-1,공과대학 1호관,2층,261호,세미나실,교육공간,,
room,room:building:2-1:2층:262·262-1호:강의·건축종합설계실,floor:building:2-1:2층,2-1,공과대학 1호관,2층,262·262-1호,강의·건축종합설계실,교육공간,,
room,room:building:2-1:2층:263호:토목공학 사무실·조교 문의,floor:building:2-1:2층,2-1,공과대학 1호관,2층,263호,토목공학 사무실·조교 문의,행정공간,,
room,room:building:2-1:2층:264·265호:교수연구실·산학협력실,floor:building:2-1:2층,2-1,공과대학 1호관,2층,264·265호,교수연구실·산학협력실,연구·지원공간,,
room,room:building:2-1:2층:266호:건축종합설계실,floor:building:2-1:2층,2-1,공과대학 1호관,2층,266호,건축종합설계실,교육공간,,
room,room:building:2-1:3층:301~303호:바이오메디컬 연구·실험실,floor:building:2-1:3층,2-1,공과대학 1호관,3층,301~303호,바이오메디컬 연구·실험실,연구공간,,
room,room:building:2-1:3층:309·310호:바이오메디컬 실험실,floor:building:2-1:3층,2-1,공과대학 1호관,3층,309·310호,바이오메디컬 실험실,연구공간,,
room,room:building:2-1:3층:311호:학부학생회실,floor:building:2-1:3층,2-1,공과대학 1호관,3층,311호,학부학생회실,학생공간,,
room,room:building:2-1:3층:314·315호:교수연구실·건축종합설계실,floor:building:2-1:3층,2-1,공과대학 1호관,3층,314·315호,교수연구실·건축종합설계실,연구·교육공간,,
room,room:building:2-1:3층:316호:강의실,floor:building:2-1:3층,2-1,공과대학 1호관,3층,316호,강의실,교육공간,,
room,room:building:2-1:3층:317·317-1호:구조·연구용실험실,floor:building:2-1:3층,2-1,공과대학 1호관,3층,317·317-1호,구조·연구용실험실,연구공간,,
room,room:building:2-1:3층:318호:교수연구실,floor:building:2-1:3층,2-1,공과대학 1호관,3층,318호,교수연구실,연구공간,,
room,room:building:2-1:3층:320호:나노소재연구실,floor:building:2-1:3층,2-1,공과대학 1호관,3층,320호,나노소재연구실,연구공간,,
room,room:building:2-1:3층:321~323호:CAD·미디어·대학원 공간,floor:building:2-1:3층,2-1,공과대학 1호관,3층,321~323호,CAD·미디어·대학원 공간,교육·연구공간,,
room,room:building:2-1:3층:333호:바이오메디컬공학부 사무실·조교 문의,floor:building:2-1:3층,2-1,공과대학 1호관,3층,333호,바이오메디컬공학부 사무실·조교 문의,행정공간,,
room,room:building:2-1:3층:340~344호:전자회로·HCI·바이오메디컬·디지로그 실험실,floor:building:2-1:3층,2-1,공과대학 1호관,3층,340~344호,전자회로·HCI·바이오메디컬·디지로그 실험실,연구공간,,
room,room:building:2-1:3층:355~360호:헬스케어기기·컬러테라피·감각정보·개발지원 실험실,floor:building:2-1:3층,2-1,공과대학 1호관,3층,355~360호,헬스케어기기·컬러테라피·감각정보·개발지원 실험실,연구공간,,
room,room:building:2-2:1층:101~104호:일반화학 실험·강의실,floor:building:2-2:1층,2-2,공과대학 2호관,1층,101~104호,일반화학 실험·강의실,교육·실험공간,,
room,room:building:2-2:1층:105~109호:분석·암석·대학원 강의·연구공간,floor:building:2-2:1층,2-2,공과대학 2호관,1층,105~109호,분석·암석·대학원 강의·연구공간,,,
room,room:building:2-2:1층:110호:복합전자소재 실험실,floor:building:2-2:1층,2-2,공과대학 2호관,1층,110호,복합전자소재 실험실,연구공간,,
room,room:building:2-2:1층:111호:탄소섬유실험실,floor:building:2-2:1층,2-2,공과대학 2호관,1층,111호,탄소섬유실험실,연구공간,,
room,room:building:2-2:1층:112~117호:대학원·방사선·교수연구실·강의실,floor:building:2-2:1층,2-2,공과대학 2호관,1층,112~117호,대학원·방사선·교수연구실·강의실,교육·연구공간,,
room,room:building:2-2:2층:201~213호:고전압·암석동역학·스마트나노·대학원·세미나·도서 공간,floor:building:2-2:2층,2-2,공과대학 2호관,2층,201~213호,고전압·암석동역학·스마트나노·대학원·세미나·도서 공간,연구·교육공간,,
room,room:building:2-2:2층:214~223호:나노소재분석실·자원처리·물리탐사자료처리·BK21 사업단·연구용 실험실·교수연구실,floor:building:2-2:2층,2-2,공과대학 2호관,2층,214~223호,나노소재분석실·자원처리·물리탐사자료처리·BK21 사업단·연구용 실험실·교수연구실,연구·지원공간,,
room,room:building:2-2:3층:301호:교수연구실,floor:building:2-2:3층,2-2,공과대학 2호관,3층,301호,교수연구실,,,
room,room:building:2-2:3층:302호:암석동역학준비실,floor:building:2-2:3층,2-2,공과대학 2호관,3층,302호,암석동역학준비실,,,
room,room:building:2-2:3층:302-1호:학생회실,floor:building:2-2:3층,2-2,공과대학 2호관,3층,302-1호,학생회실,,,
room,room:building:2-2:3층:304호:자원·에너지공학 사무실·조교 문의,floor:building:2-2:3층,2-2,공과대학 2호관,3층,304호,자원·에너지공학 사무실·조교 문의,행정공간,,
room,room:building:2-2:3층:305~311호:교수연구실,floor:building:2-2:3층,2-2,공과대학 2호관,3층,305~311호,교수연구실,,,
room,room:building:2-2:3층:311-1호:학생회실,floor:building:2-2:3층,2-2,공과대학 2호관,3층,311-1호,학생회실,,,
room,room:building:2-2:3층:313-1호:스크린공용연구실,floor:building:2-2:3층,2-2,공과대학 2호관,3층,313-1호,스크린공용연구실,,,
room,room:building:2-2:3층:313호:교수연구실,floor:building:2-2:3층,2-2,공과대학 2호관,3층,313호,교수연구실,,,
room,room:building:2-2:3층:314호:학과사무실·2022 안내도 표기,floor:building:2-2:3층,2-2,공과대학 2호관,3층,314호,학과사무실·2022 안내도 표기,,,
room,room:building:2-2:3층:315호:교수회의실,floor:building:2-2:3층,2-2,공과대학 2호관,3층,315호,교수회의실,,,
room,room:building:2-2:3층:316·317호:습식공정실험실,floor:building:2-2:3층,2-2,공과대학 2호관,3층,316·317호,습식공정실험실,,,
room,room:building:2-2:3층:318호:저탄소에너지전환실험실,floor:building:2-2:3층,2-2,공과대학 2호관,3층,318호,저탄소에너지전환실험실,,,
room,room:building:2-2:3층:319호:저탄소에너지전환연구실,floor:building:2-2:3층,2-2,공과대학 2호관,3층,319호,저탄소에너지전환연구실,,,
room,room:building:2-2:3층:320호:저탄소에너지공학실험실,floor:building:2-2:3층,2-2,공과대학 2호관,3층,320호,저탄소에너지공학실험실,,,
room,room:building:2-2:3층:320-1호:에너지공학·친환경대체에너지실험실,floor:building:2-2:3층,2-2,공과대학 2호관,3층,320-1호,에너지공학·친환경대체에너지실험실,,,
room,room:building:2-2:3층:321·322호:친환경대체에너지실험실,floor:building:2-2:3층,2-2,공과대학 2호관,3층,321·322호,친환경대체에너지실험실,,,
room,room:building:2-2:3층:323호:석유공학실험실,floor:building:2-2:3층,2-2,공과대학 2호관,3층,323호,석유공학실험실,,,
room,room:building:2-2:3층:324호:석유공학실험실,floor:building:2-2:3층,2-2,공과대학 2호관,3층,324호,석유공학실험실,,,
room,room:building:2-2:3층:325호:세미나실,floor:building:2-2:3층,2-2,공과대학 2호관,3층,325호,세미나실,,,
room,room:building:2-2:3층:326호:물리탐사실험실,floor:building:2-2:3층,2-2,공과대학 2호관,3층,326호,물리탐사실험실,,,
room,room:building:2-2:3층:327호:물리전자실험실,floor:building:2-2:3층,2-2,공과대학 2호관,3층,327호,물리전자실험실,,,
room,room:building:2-2:4층:401-1호:연구용실험실,floor:building:2-2:4층,2-2,공과대학 2호관,4층,401-1호,연구용실험실,,,
room,room:building:2-2:4층:401호:석유공학연구실,floor:building:2-2:4층,2-2,공과대학 2호관,4층,401호,석유공학연구실,,,
room,room:building:2-2:4층:403호:컴퓨터실습실,floor:building:2-2:4층,2-2,공과대학 2호관,4층,403호,컴퓨터실습실,,,
room,room:building:2-2:4층:404·405호:강의실,floor:building:2-2:4층,2-2,공과대학 2호관,4층,404·405호,강의실,,,
room,room:building:2-2:4층:407호:유기소재섬유공학과 사무실·조교 문의,floor:building:2-2:4층,2-2,공과대학 2호관,4층,407호,유기소재섬유공학과 사무실·조교 문의,행정공간,,
room,room:building:2-2:4층:408호:대학원연구실,floor:building:2-2:4층,2-2,공과대학 2호관,4층,408호,대학원연구실,,,
room,room:building:2-2:4층:409호:교수연구실,floor:building:2-2:4층,2-2,공과대학 2호관,4층,409호,교수연구실,,,
room,room:building:2-2:4층:410호:고분자열분석실험실,floor:building:2-2:4층,2-2,공과대학 2호관,4층,410호,고분자열분석실험실,,,
room,room:building:2-2:4층:411~413호:고분자공정실험실,floor:building:2-2:4층,2-2,공과대학 2호관,4층,411~413호,고분자공정실험실,,,
room,room:building:2-2:4층:412호:교육용실험실,floor:building:2-2:4층,2-2,공과대학 2호관,4층,412호,교육용실험실,,,
room,room:building:2-2:4층:414호:탄소섬유분석실,floor:building:2-2:4층,2-2,공과대학 2호관,4층,414호,탄소섬유분석실,,,
room,room:building:2-2:4층:415호:탄소섬유실험실,floor:building:2-2:4층,2-2,공과대학 2호관,4층,415호,탄소섬유실험실,,,
room,room:building:2-2:4층:416~418호:강의실,floor:building:2-2:4층,2-2,공과대학 2호관,4층,416~418호,강의실,,,
room,room:building:2-3:1층:101·103·104호:강의실,floor:building:2-3:1층,2-3,공과대학 3호관,1층,101·103·104호,강의실,교육공간,,
room,room:building:2-3:1층:104-1호:교수회의실,floor:building:2-3:1층,2-3,공과대학 3호관,1층,104-1호,교수회의실,공용공간,,
room,room:building:2-3:1층:106호:유체역학실험실,floor:building:2-3:1층,2-3,공과대학 3호관,1층,106호,유체역학실험실,실험공간,,
room,room:building:2-3:1층:106-1·107호:연구용·일반물리 실험실,floor:building:2-3:1층,2-3,공과대학 3호관,1층,106-1·107호,연구용·일반물리 실험실,연구·실험공간,,
room,room:building:2-3:1층:108호:일반물리준비실,floor:building:2-3:1층,2-3,공과대학 3호관,1층,108호,일반물리준비실,지원공간,,
room,room:building:2-3:1층:109-2호:열환경제어실험실,floor:building:2-3:1층,2-3,공과대학 3호관,1층,109-2호,열환경제어실험실,연구공간,,
room,room:building:2-3:1층:110호:연구용 실험실,floor:building:2-3:1층,2-3,공과대학 3호관,1층,110호,연구용 실험실,연구공간,,
room,room:building:2-3:2층:201·201-1호:대학원연구실,floor:building:2-3:2층,2-3,공과대학 3호관,2층,201·201-1호,대학원연구실,,,
room,room:building:2-3:2층:202·204·204-1·206-1·217·219·221·222·223·224호:교수연구실,floor:building:2-3:2층,2-3,공과대학 3호관,2층,202·204·204-1·206-1·217·219·221·222·223·224호,교수연구실,,,
room,room:building:2-3:2층:205·205-1·218호:대학원연구실,floor:building:2-3:2층,2-3,공과대학 3호관,2층,205·205-1·218호,대학원연구실,,,
room,room:building:2-3:2층:206호:기계구조해석실험실,floor:building:2-3:2층,2-3,공과대학 3호관,2층,206호,기계구조해석실험실,,,
room,room:building:2-3:2층:207·208호:연구용연구실,floor:building:2-3:2층,2-3,공과대학 3호관,2층,207·208호,연구용연구실,,,
room,room:building:2-3:2층:209·222-1호:학생회실,floor:building:2-3:2층,2-3,공과대학 3호관,2층,209·222-1호,학생회실,,,
room,room:building:2-3:2층:210호:연구용실험실,floor:building:2-3:2층,2-3,공과대학 3호관,2층,210호,연구용실험실,,,
room,room:building:2-3:2층:211호:기계설계공학부 사무실·조교 문의,floor:building:2-3:2층,2-3,공과대학 3호관,2층,211호,기계설계공학부 사무실·조교 문의,행정공간,,
room,room:building:2-3:2층:213호:나노바이오기계시스템 학과사무실·2022 안내도 표기,floor:building:2-3:2층,2-3,공과대학 3호관,2층,213호,나노바이오기계시스템 학과사무실·2022 안내도 표기,,,
room,room:building:2-3:2층:215호:교육용실험실,floor:building:2-3:2층,2-3,공과대학 3호관,2층,215호,교육용실험실,,,
room,room:building:2-3:2층:216호:세미나실,floor:building:2-3:2층,2-3,공과대학 3호관,2층,216호,세미나실,,,
room,room:building:2-3:2층:220호:에너지-AI융합인력양성사업단,floor:building:2-3:2층,2-3,공과대학 3호관,2층,220호,에너지-AI융합인력양성사업단,,,
room,room:building:2-3:3층:301호:해동라운지,floor:building:2-3:3층,2-3,공과대학 3호관,3층,301호,해동라운지,학생·편의공간,,
room,room:building:2-3:3층:304~307호:세미나실·토론실·강의실·탄소기반나노융합 공간,floor:building:2-3:3층,2-3,공과대학 3호관,3층,304~307호,세미나실·토론실·강의실·탄소기반나노융합 공간,교육·연구공간,,
room,room:building:2-3:3층:309~311호:강의실,floor:building:2-3:3층,2-3,공과대학 3호관,3층,309~311호,강의실,교육공간,,
room,room:building:2-3:3층:312호:해동학술정보실,floor:building:2-3:3층,2-3,공과대학 3호관,3층,312호,해동학술정보실,학습공간,,
room,room:building:2-3:3층:313호:해동 개인열람실,floor:building:2-3:3층,2-3,공과대학 3호관,3층,313호,해동 개인열람실,학습공간,,
room,room:building:2-3:4층:401·403·403-1·404·404-1·406·408~411호:강의실,floor:building:2-3:4층,2-3,공과대학 3호관,4층,401·403·403-1·404·404-1·406·408~411호,강의실,교육공간,,
room,room:building:2-3:4층:407호:학생공간,floor:building:2-3:4층,2-3,공과대학 3호관,4층,407호,학생공간,학생지원,,
room,room:building:2-4:지하1층:001~008호:신재생에너지·소재·연마·유체역학 연구실 및 기계실,floor:building:2-4:지하1층,2-4,공과대학 4호관,지하1층,001~008호,신재생에너지·소재·연마·유체역학 연구실 및 기계실,연구·지원공간,,
room,room:building:2-4:지하1층:014~020호:미세가공·광소자·열환경제어·연구용 실험실,floor:building:2-4:지하1층,2-4,공과대학 4호관,지하1층,014~020호,미세가공·광소자·열환경제어·연구용 실험실,연구공간,,
room,room:building:2-4:지하1층:022-1호:고주파·압연 관련 실험실,floor:building:2-4:지하1층,2-4,공과대학 4호관,지하1층,022-1호,고주파·압연 관련 실험실,연구공간,,
room,room:building:2-4:1층:101호:교육용실험실·정보소재,floor:building:2-4:1층,2-4,공과대학 4호관,1층,101호,교육용실험실·정보소재,,,
room,room:building:2-4:1층:102호:재료물성실험실,floor:building:2-4:1층,2-4,공과대학 4호관,1층,102호,재료물성실험실,,,
room,room:building:2-4:1층:103호:표면연마실습실,floor:building:2-4:1층,2-4,공과대학 4호관,1층,103호,표면연마실습실,,,
room,room:building:2-4:1층:104~112호:교수연구실·학과공간,floor:building:2-4:1층,2-4,공과대학 4호관,1층,104~112호,교수연구실·학과공간,,,
room,room:building:2-4:1층:113호:미화원실,floor:building:2-4:1층,2-4,공과대학 4호관,1층,113호,미화원실,,,
room,room:building:2-4:1층:114호:기계시스템공학부 사무실·조교 문의,floor:building:2-4:1층,2-4,공과대학 4호관,1층,114호,기계시스템공학부 사무실·조교 문의,행정공간,,
room,room:building:2-4:1층:115호:BK21 사무실,floor:building:2-4:1층,2-4,공과대학 4호관,1층,115호,BK21 사무실,,,
room,room:building:2-4:1층:116호:교수회의실,floor:building:2-4:1층,2-4,공과대학 4호관,1층,116호,교수회의실,,,
room,room:building:2-4:1층:117~120호:교수연구실,floor:building:2-4:1층,2-4,공과대학 4호관,1층,117~120호,교수연구실,,,
room,room:building:2-4:1층:120-1호:기계공학 세미나실,floor:building:2-4:1층,2-4,공과대학 4호관,1층,120-1호,기계공학 세미나실,,,
room,room:building:2-4:1층:121호:IT계열연구실,floor:building:2-4:1층,2-4,공과대학 4호관,1층,121호,IT계열연구실,,,
room,room:building:2-4:1층:123호:광기술실험실,floor:building:2-4:1층,2-4,공과대학 4호관,1층,123호,광기술실험실,,,
room,room:building:2-4:1층:124호:전산실,floor:building:2-4:1층,2-4,공과대학 4호관,1층,124호,전산실,,,
room,room:building:2-4:1층:125호:공실,floor:building:2-4:1층,2-4,공과대학 4호관,1층,125호,공실,,,
room,room:building:2-4:1층:126호:창의적공학설계실습실,floor:building:2-4:1층,2-4,공과대학 4호관,1층,126호,창의적공학설계실습실,,,
room,room:building:2-4:1층:128호:건강실·승강기,floor:building:2-4:1층,2-4,공과대학 4호관,1층,128호,건강실·승강기,,,
room,room:building:2-4:1층:130-1호:스마트센서·에너지재료실험실,floor:building:2-4:1층,2-4,공과대학 4호관,1층,130-1호,스마트센서·에너지재료실험실,,,
room,room:building:2-4:1층:131·132호:반도체재료공정실험실,floor:building:2-4:1층,2-4,공과대학 4호관,1층,131·132호,반도체재료공정실험실,,,
room,room:building:2-4:1층:133호:금속세라믹복합재료실험실,floor:building:2-4:1층,2-4,공과대학 4호관,1층,133호,금속세라믹복합재료실험실,,,
room,room:building:2-4:1층:133-1호:공실,floor:building:2-4:1층,2-4,공과대학 4호관,1층,133-1호,공실,,,
room,room:building:2-4:2층:201~209·211·213~224호:교수·대학원 연구실 및 정보소자·표면공학 연구실,floor:building:2-4:2층,2-4,공과대학 4호관,2층,201~209·211·213~224호,교수·대학원 연구실 및 정보소자·표면공학 연구실,,,
room,room:building:2-4:2층:210호:금속시스템공학·정보소재공학 사무실·조교 문의,floor:building:2-4:2층,2-4,공과대학 4호관,2층,210호,금속시스템공학·정보소재공학 사무실·조교 문의,행정공간,,
room,room:building:2-4:2층:212호:기계공학과 사무실·조교 문의,floor:building:2-4:2층,2-4,공과대학 4호관,2층,212호,기계공학과 사무실·조교 문의,행정공간,,
room,room:building:2-4:2층:226~235호:재료강도·야금·MEMS·표면처리 실험실 및 세미나실,floor:building:2-4:2층,2-4,공과대학 4호관,2층,226~235호,재료강도·야금·MEMS·표면처리 실험실 및 세미나실,연구·교육공간,,
room,room:building:2-4:3층:301~329호:대학원·기계공학 연구실·현미경실·공용기기실,floor:building:2-4:3층,2-4,공과대학 4호관,3층,301~329호,대학원·기계공학 연구실·현미경실·공용기기실,연구공간,,
room,room:building:2-4:3층:331~344호:물리야금·나노계면·표면처리·유연전자·메카트로닉스·로봇제어·구조재료 실험실,floor:building:2-4:3층,2-4,공과대학 4호관,3층,331~344호,물리야금·나노계면·표면처리·유연전자·메카트로닉스·로봇제어·구조재료 실험실,연구공간,,
room,room:building:2-4:4층:401~409호:컴퓨터실·기계가공·교수연구실,floor:building:2-4:4층,2-4,공과대학 4호관,4층,401~409호,컴퓨터실·기계가공·교수연구실,교육·연구공간,,
room,room:building:2-4:4층:411~420호:강의실·냉동공기조화·열전달·미래에너지·정보소재 연구실 및 학과공간,floor:building:2-4:4층,2-4,공과대학 4호관,4층,411~420호,강의실·냉동공기조화·열전달·미래에너지·정보소재 연구실 및 학과공간,교육·연구공간,,
room,room:building:2-5:1층:102호:대학원연구실,floor:building:2-5:1층,2-5,공과대학 5호관,1층,102호,대학원연구실,,,
room,room:building:2-5:1층:103호:압전재료실험실,floor:building:2-5:1층,2-5,공과대학 5호관,1층,103호,압전재료실험실,,,
room,room:building:2-5:1층:104호:인쇄전자적성평가실험실,floor:building:2-5:1층,2-5,공과대학 5호관,1층,104호,인쇄전자적성평가실험실,,,
room,room:building:2-5:1층:105호:CASE도구실습실,floor:building:2-5:1층,2-5,공과대학 5호관,1층,105호,CASE도구실습실,,,
room,room:building:2-5:1층:106호:대학원연구실,floor:building:2-5:1층,2-5,공과대학 5호관,1층,106호,대학원연구실,,,
room,room:building:2-5:1층:107호:연구용실험실,floor:building:2-5:1층,2-5,공과대학 5호관,1층,107호,연구용실험실,,,
room,room:building:2-5:1층:109호:연료전지·에너지소재실험실,floor:building:2-5:1층,2-5,공과대학 5호관,1층,109호,연료전지·에너지소재실험실,,,
room,room:building:2-5:1층:110호:대학원연구실,floor:building:2-5:1층,2-5,공과대학 5호관,1층,110호,대학원연구실,,,
room,room:building:2-5:1층:111호:연료전지시스템평가실,floor:building:2-5:1층,2-5,공과대학 5호관,1층,111호,연료전지시스템평가실,,,
room,room:building:2-5:1층:112호:전기전자기초실험실,floor:building:2-5:1층,2-5,공과대학 5호관,1층,112호,전기전자기초실험실,,,
room,room:building:2-5:1층:114호:전자재료 학습실,floor:building:2-5:1층,2-5,공과대학 5호관,1층,114호,전자재료 학습실,,,
room,room:building:2-5:2층:203~209호:강의실·대학원학습실·전자재료 연구실,floor:building:2-5:2층,2-5,공과대학 5호관,2층,203~209호,강의실·대학원학습실·전자재료 연구실,교육·연구공간,,
room,room:building:2-5:2층:211~216호:공학설계실·대학원연구실·전자재료 학생회실·연구센터,floor:building:2-5:2층,2-5,공과대학 5호관,2층,211~216호,공학설계실·대학원연구실·전자재료 학생회실·연구센터,교육·학생·연구공간,,
room,room:building:2-5:3층:302호:강의실,floor:building:2-5:3층,2-5,공과대학 5호관,3층,302호,강의실,,,
room,room:building:2-5:3층:303호:강의실,floor:building:2-5:3층,2-5,공과대학 5호관,3층,303호,강의실,,,
room,room:building:2-5:3층:304호:전자재료공학 사무실·조교 문의,floor:building:2-5:3층,2-5,공과대학 5호관,3층,304호,전자재료공학 사무실·조교 문의,행정공간,,
room,room:building:2-5:3층:305호:전자재료 교수회의실,floor:building:2-5:3층,2-5,공과대학 5호관,3층,305호,전자재료 교수회의실,,,
room,room:building:2-5:3층:306호:전자재료 컴퓨터실,floor:building:2-5:3층,2-5,공과대학 5호관,3층,306호,전자재료 컴퓨터실,,,
room,room:building:2-5:3층:307호:교수연구실,floor:building:2-5:3층,2-5,공과대학 5호관,3층,307호,교수연구실,,,
room,room:building:2-5:3층:308호:교수연구실,floor:building:2-5:3층,2-5,공과대학 5호관,3층,308호,교수연구실,,,
room,room:building:2-5:3층:309호:교수연구실,floor:building:2-5:3층,2-5,공과대학 5호관,3층,309호,교수연구실,,,
room,room:building:2-5:3층:311호:교양강의실·혁신교육,floor:building:2-5:3층,2-5,공과대학 5호관,3층,311호,교양강의실·혁신교육,,,
room,room:building:2-5:3층:312호:강의실,floor:building:2-5:3층,2-5,공과대학 5호관,3층,312호,강의실,,,
room,room:building:2-5:3층:313호:교수연구실,floor:building:2-5:3층,2-5,공과대학 5호관,3층,313호,교수연구실,,,
room,room:building:2-5:3층:313-1호:교수연구실,floor:building:2-5:3층,2-5,공과대학 5호관,3층,313-1호,교수연구실,,,
room,room:building:2-5:3층:314호:강의실,floor:building:2-5:3층,2-5,공과대학 5호관,3층,314호,강의실,,,
room,room:building:2-5:3층:315호:소프트웨어 전산실,floor:building:2-5:3층,2-5,공과대학 5호관,3층,315호,소프트웨어 전산실,,,
room,room:building:2-5:4층:402~409호:첨단광·에너지저장·전자재료 교수연구실·실험실,floor:building:2-5:4층,2-5,공과대학 5호관,4층,402~409호,첨단광·에너지저장·전자재료 교수연구실·실험실,연구공간,,
room,room:building:2-5:4층:411~417호:대학원연구실·컴퓨터하드웨어·반도체소자·물성 연구실,floor:building:2-5:4층,2-5,공과대학 5호관,4층,411~417호,대학원연구실·컴퓨터하드웨어·반도체소자·물성 연구실,연구공간,,
room,room:building:2-5:5층:502~507호:소프트웨어 교수·대학원 연구실·개발실습실,floor:building:2-5:5층,2-5,공과대학 5호관,5층,502~507호,소프트웨어 교수·대학원 연구실·개발실습실,교육·연구공간,,
room,room:building:2-5:5층:509~514호:컴퓨터실·교수연구실·대학원연구실·강의실·세미나실,floor:building:2-5:5층,2-5,공과대학 5호관,5층,509~514호,컴퓨터실·교수연구실·대학원연구실·강의실·세미나실,교육·연구공간,,
room,room:building:2-6:지하1층:806호:기계실,floor:building:2-6:지하1층,2-6,공과대학 6호관,지하1층,806호,기계실,지원공간,,
room,room:building:2-6:지하1층:807호:서고·창고,floor:building:2-6:지하1층,2-6,공과대학 6호관,지하1층,807호,서고·창고,지원공간,,
room,room:building:2-6:지하1층:811~819호:화학공학·IT시스템 강의실·화학공학실험실,floor:building:2-6:지하1층,2-6,공과대학 6호관,지하1층,811~819호,화학공학·IT시스템 강의실·화학공학실험실,교육·실험공간,,
room,room:building:2-6:지하1층:824호:한울회의실,floor:building:2-6:지하1층,2-6,공과대학 6호관,지하1층,824호,한울회의실,공용공간,,
room,room:building:2-6:1층:118호:화학공학부 사무실·조교 문의,floor:building:2-6:1층,2-6,공과대학 6호관,1층,118호,화학공학부 사무실·조교 문의,행정공간,,
room,room:building:2-6:1층:기타 호실:공식 1층 안내도 링크가 현재 404로 세부 배치 확인 불가·현장 또는 행정실 확인 필요,floor:building:2-6:1층,2-6,공과대학 6호관,1층,기타 호실,공식 1층 안내도 링크가 현재 404로 세부 배치 확인 불가·현장 또는 행정실 확인 필요,,,
room,room:building:2-6:2층:201~210호:화학공학 교수연구실·회의실·대학원공간,floor:building:2-6:2층,2-6,공과대학 6호관,2층,201~210호,화학공학 교수연구실·회의실·대학원공간,연구·교육공간,,
room,room:building:2-6:2층:220~229호:유기광전자·광전소재·연구용 실험실·교수연구실,floor:building:2-6:2층,2-6,공과대학 6호관,2층,220~229호,유기광전자·광전소재·연구용 실험실·교수연구실,연구공간,,
room,room:building:2-6:3층:307호:대학원연구실,floor:building:2-6:3층,2-6,공과대학 6호관,3층,307호,대학원연구실,,,
room,room:building:2-6:3층:308호:화학공학연구실,floor:building:2-6:3층,2-6,공과대학 6호관,3층,308호,화학공학연구실,,,
room,room:building:2-6:3층:309·310호:화학공학 강의실,floor:building:2-6:3층,2-6,공과대학 6호관,3층,309·310호,화학공학 강의실,,,
room,room:building:2-6:3층:311·311-1·316·321~326호:교수연구실,floor:building:2-6:3층,2-6,공과대학 6호관,3층,311·311-1·316·321~326호,교수연구실,,,
room,room:building:2-6:3층:312호:대학원강의실,floor:building:2-6:3층,2-6,공과대학 6호관,3층,312호,대학원강의실,,,
room,room:building:2-6:3층:313호:IMS실험실,floor:building:2-6:3층,2-6,공과대학 6호관,3층,313호,IMS실험실,,,
room,room:building:2-6:3층:314·318-2호:대학원연구실,floor:building:2-6:3층,2-6,공과대학 6호관,3층,314·318-2호,대학원연구실,,,
room,room:building:2-6:3층:315호:클로렐라실험실,floor:building:2-6:3층,2-6,공과대학 6호관,3층,315호,클로렐라실험실,,,
room,room:building:2-6:3층:317호:연구용실험실,floor:building:2-6:3층,2-6,공과대학 6호관,3층,317호,연구용실험실,,,
room,room:building:2-6:3층:318호:환경자료분석실,floor:building:2-6:3층,2-6,공과대학 6호관,3층,318호,환경자료분석실,,,
room,room:building:2-6:3층:319호:환경복원공학연구실,floor:building:2-6:3층,2-6,공과대학 6호관,3층,319호,환경복원공학연구실,,,
room,room:building:2-6:3층:320호:환경공학 사무실·조교 문의,floor:building:2-6:3층,2-6,공과대학 6호관,3층,320호,환경공학 사무실·조교 문의,행정공간,,
room,room:building:2-6:3층:327호:폐자원순환특성화대학원 사업단·창고,floor:building:2-6:3층,2-6,공과대학 6호관,3층,327호,폐자원순환특성화대학원 사업단·창고,,,
room,room:building:2-6:4층:407호:산업공학 전산실,floor:building:2-6:4층,2-6,공과대학 6호관,4층,407호,산업공학 전산실,,,
room,room:building:2-6:4층:407-1호:기초설계실험실,floor:building:2-6:4층,2-6,공과대학 6호관,4층,407-1호,기초설계실험실,,,
room,room:building:2-6:4층:408호:SCM실험실,floor:building:2-6:4층,2-6,공과대학 6호관,4층,408호,SCM실험실,,,
room,room:building:2-6:4층:408-1호:BPM실험실,floor:building:2-6:4층,2-6,공과대학 6호관,4층,408-1호,BPM실험실,,,
room,room:building:2-6:4층:408-2호:산업공학 학습실,floor:building:2-6:4층,2-6,공과대학 6호관,4층,408-2호,산업공학 학습실,,,
room,room:building:2-6:4층:409호:서버실,floor:building:2-6:4층,2-6,공과대학 6호관,4층,409호,서버실,,,
room,room:building:2-6:4층:410호:연구용실습실,floor:building:2-6:4층,2-6,공과대학 6호관,4층,410호,연구용실습실,,,
room,room:building:2-6:4층:411~417호:교수연구실,floor:building:2-6:4층,2-6,공과대학 6호관,4층,411~417호,교수연구실,,,
room,room:building:2-6:4층:418-1호:산업공학 교수회의실,floor:building:2-6:4층,2-6,공과대학 6호관,4층,418-1호,산업공학 교수회의실,,,
room,room:building:2-6:4층:418호:산업정보시스템공학과 사무실·조교 문의,floor:building:2-6:4층,2-6,공과대학 6호관,4층,418호,산업정보시스템공학과 사무실·조교 문의,행정공간,,
room,room:building:2-6:4층:419호:수질공학실험실,floor:building:2-6:4층,2-6,공과대학 6호관,4층,419호,수질공학실험실,,,
room,room:building:2-6:4층:420·420-1호:환경생물공학시스템실험실,floor:building:2-6:4층,2-6,공과대학 6호관,4층,420·420-1호,환경생물공학시스템실험실,,,
room,room:building:2-6:4층:421호:연구용실험실,floor:building:2-6:4층,2-6,공과대학 6호관,4층,421호,연구용실험실,,,
room,room:building:2-6:4층:422호:대기환경연구실,floor:building:2-6:4층,2-6,공과대학 6호관,4층,422호,대기환경연구실,,,
room,room:building:2-6:4층:423~426호:교수연구실·공실,floor:building:2-6:4층,2-6,공과대학 6호관,4층,423~426호,교수연구실·공실,,,
room,room:building:2-6:4층:427호:폐기물자원화실험실,floor:building:2-6:4층,2-6,공과대학 6호관,4층,427호,폐기물자원화실험실,,,
room,room:building:2-6:4층:428·428-1호:대기환경분석실,floor:building:2-6:4층,2-6,공과대학 6호관,4층,428·428-1호,대기환경분석실,,,
room,room:building:2-6:5층:501~514호:산업공학 전산실·강의실·지식기반 연구실·대학원강의실·학생공간,floor:building:2-6:5층,2-6,공과대학 6호관,5층,501~514호,산업공학 전산실·강의실·지식기반 연구실·대학원강의실·학생공간,교육·연구공간,,
room,room:building:2-6:5층:516~519호:환경공학 강의실·분자생물공학·촉매개발 실험실,floor:building:2-6:5층,2-6,공과대학 6호관,5층,516~519호,환경공학 강의실·분자생물공학·촉매개발 실험실,교육·연구공간,,
room,room:building:2-7:지하1층:002~005호:학습실·휴게실·기계 및 대피실,floor:building:2-7:지하1층,2-7,공과대학 7호관,지하1층,002~005호,학습실·휴게실·기계 및 대피실,학습·편의·지원공간,,
room,room:building:2-7:지하1층:013~020호:초고주파·회로설계·연구용 실험실,floor:building:2-7:지하1층,2-7,공과대학 7호관,지하1층,013~020호,초고주파·회로설계·연구용 실험실,연구공간,,
room,room:building:2-7:1층:101~106호:전기·전자 학습실·강의실,floor:building:2-7:1층,2-7,공과대학 7호관,1층,101~106호,전기·전자 학습실·강의실,교육공간,,
room,room:building:2-7:1층:114~122호:JIANT-IT·BK21 사업공간·대학강의실,floor:building:2-7:1층,2-7,공과대학 7호관,1층,114~122호,JIANT-IT·BK21 사업공간·대학강의실,교육·사업지원공간,,
room,room:building:2-7:2층:202호:학부실,floor:building:2-7:2층,2-7,공과대학 7호관,2층,202호,학부실,,,
room,room:building:2-7:2층:203호:서버실,floor:building:2-7:2층,2-7,공과대학 7호관,2층,203호,서버실,,,
room,room:building:2-7:2층:204호:전산실습실,floor:building:2-7:2층,2-7,공과대학 7호관,2층,204호,전산실습실,,,
room,room:building:2-7:2층:205호:대학원연구실,floor:building:2-7:2층,2-7,공과대학 7호관,2층,205호,대학원연구실,,,
room,room:building:2-7:2층:206호:대학원강의실,floor:building:2-7:2층,2-7,공과대학 7호관,2층,206호,대학원강의실,,,
room,room:building:2-7:2층:207호:연구용실험실,floor:building:2-7:2층,2-7,공과대학 7호관,2층,207호,연구용실험실,,,
room,room:building:2-7:2층:208~222호:교수·대학원연구실,floor:building:2-7:2층,2-7,공과대학 7호관,2층,208~222호,교수·대학원연구실,,,
room,room:building:2-7:2층:223호:학부사무실,floor:building:2-7:2층,2-7,공과대학 7호관,2층,223호,학부사무실,,,
room,room:building:2-7:2층:224호:전기공학과·전자공학부 사무실·조교 문의,floor:building:2-7:2층,2-7,공과대학 7호관,2층,224호,전기공학과·전자공학부 사무실·조교 문의,행정공간,,
room,room:building:2-7:2층:225·226호:연구용실험실,floor:building:2-7:2층,2-7,공과대학 7호관,2층,225·226호,연구용실험실,,,
room,room:building:2-7:2층:227·228호:공학강의실,floor:building:2-7:2층,2-7,공과대학 7호관,2층,227·228호,공학강의실,,,
room,room:building:2-7:3층:303~307호:전력시스템·에너지변환 연구·실험실,floor:building:2-7:3층,2-7,공과대학 7호관,3층,303~307호,전력시스템·에너지변환 연구·실험실,연구공간,,
room,room:building:2-7:3층:314~328호:교수·대학원 연구실·강의실,floor:building:2-7:3층,2-7,공과대학 7호관,3층,314~328호,교수·대학원 연구실·강의실,교육·연구공간,,
room,room:building:2-7:4층:403~407호:네트워크·제어·정보공학 강의·세미나·실험실,floor:building:2-7:4층,2-7,공과대학 7호관,4층,403~407호,네트워크·제어·정보공학 강의·세미나·실험실,교육·연구공간,,
room,room:building:2-7:4층:422~432호:교수연구실·시스템제어·공학설계실,floor:building:2-7:4층,2-7,공과대학 7호관,4층,422~432호,교수연구실·시스템제어·공학설계실,교육·연구공간,,
room,room:building:2-7:5층:505~508호:아날로그·무선·통신신호·정보마이닝 연구실,floor:building:2-7:5층,2-7,공과대학 7호관,5층,505~508호,아날로그·무선·통신신호·정보마이닝 연구실,연구공간,,
room,room:building:2-7:5층:519~532호:교수연구실·광공학·고주파회로 연구실,floor:building:2-7:5층,2-7,공과대학 7호관,5층,519~532호,교수연구실·광공학·고주파회로 연구실,연구공간,,
room,room:building:2-7:6층:601호:정보보호연구실,floor:building:2-7:6층,2-7,공과대학 7호관,6층,601호,정보보호연구실,,,
room,room:building:2-7:6층:602호:지능형데이터베이스연구실,floor:building:2-7:6층,2-7,공과대학 7호관,6층,602호,지능형데이터베이스연구실,,,
room,room:building:2-7:6층:603·605호:대학원연구실,floor:building:2-7:6층,2-7,공과대학 7호관,6층,603·605호,대학원연구실,,,
room,room:building:2-7:6층:604호:교수회의실,floor:building:2-7:6층,2-7,공과대학 7호관,6층,604호,교수회의실,,,
room,room:building:2-7:6층:606호:분산·이동컴퓨팅연구실,floor:building:2-7:6층,2-7,공과대학 7호관,6층,606호,분산·이동컴퓨팅연구실,,,
room,room:building:2-7:6층:607호:대학원강의실,floor:building:2-7:6층,2-7,공과대학 7호관,6층,607호,대학원강의실,,,
room,room:building:2-7:6층:608호:IT정보공학과 연구실,floor:building:2-7:6층,2-7,공과대학 7호관,6층,608호,IT정보공학과 연구실,,,
room,room:building:2-7:6층:609~612·616~619·623~626호:교수·연구실,floor:building:2-7:6층,2-7,공과대학 7호관,6층,609~612·616~619·623~626호,교수·연구실,,,
room,room:building:2-7:6층:613호:컴퓨터비전연구실,floor:building:2-7:6층,2-7,공과대학 7호관,6층,613호,컴퓨터비전연구실,,,
room,room:building:2-7:6층:614호:정보보호연구실,floor:building:2-7:6층,2-7,공과대학 7호관,6층,614호,정보보호연구실,,,
room,room:building:2-7:6층:615호:공실,floor:building:2-7:6층,2-7,공과대학 7호관,6층,615호,공실,,,
room,room:building:2-7:6층:620호:소프트웨어융합컴퓨터공학부연구실,floor:building:2-7:6층,2-7,공과대학 7호관,6층,620호,소프트웨어융합컴퓨터공학부연구실,,,
room,room:building:2-7:6층:621호:모바일실험실,floor:building:2-7:6층,2-7,공과대학 7호관,6층,621호,모바일실험실,,,
room,room:building:2-7:6층:622호:LINUX실험실,floor:building:2-7:6층,2-7,공과대학 7호관,6층,622호,LINUX실험실,,,
room,room:building:2-8:1층:101~113호:기계공장·풍력·동력전달·원자력·미래에너지융합 실험실 및 사업단 공간,floor:building:2-8:1층,2-8,공과대학 8호관(자동차산학협동관),1층,101~113호,기계공장·풍력·동력전달·원자력·미래에너지융합 실험실 및 사업단 공간,실험·지원공간,,
room,room:building:2-8:2층:201호:공학교육혁신센터 행정실,floor:building:2-8:2층,2-8,공과대학 8호관(자동차산학협동관),2층,201호,공학교육혁신센터 행정실,,,
room,room:building:2-8:2층:202호:공학교육혁신센터 부센터장실,floor:building:2-8:2층,2-8,공과대학 8호관(자동차산학협동관),2층,202호,공학교육혁신센터 부센터장실,,,
room,room:building:2-8:2층:203호:공학교육혁신센터 홍보실,floor:building:2-8:2층,2-8,공과대학 8호관(자동차산학협동관),2층,203호,공학교육혁신센터 홍보실,,,
room,room:building:2-8:2층:204-1호:공학교육혁신센터실,floor:building:2-8:2층,2-8,공과대학 8호관(자동차산학협동관),2층,204-1호,공학교육혁신센터실,,,
room,room:building:2-8:2층:204-2호:공학교육혁신거점센터장실,floor:building:2-8:2층,2-8,공과대학 8호관(자동차산학협동관),2층,204-2호,공학교육혁신거점센터장실,,,
room,room:building:2-8:2층:205호:자동차협력원 대회의실,floor:building:2-8:2층,2-8,공과대학 8호관(자동차산학협동관),2층,205호,자동차협력원 대회의실,,,
room,room:building:2-8:2층:206호:제어계측실험실,floor:building:2-8:2층,2-8,공과대학 8호관(자동차산학협동관),2층,206호,제어계측실험실,,,
room,room:building:2-8:2층:207·211호:지능형로봇연구소,floor:building:2-8:2층,2-8,공과대학 8호관(자동차산학협동관),2층,207·211호,지능형로봇연구소,,,
room,room:building:2-8:2층:208호:열공학실험실,floor:building:2-8:2층,2-8,공과대학 8호관(자동차산학협동관),2층,208호,열공학실험실,,,
room,room:building:2-8:2층:209·210호:IDEC강의실,floor:building:2-8:2층,2-8,공과대학 8호관(자동차산학협동관),2층,209·210호,IDEC강의실,,,
room,room:building:2-8:2층:212·213호:자동차협력원 화상강의실,floor:building:2-8:2층,2-8,공과대학 8호관(자동차산학협동관),2층,212·213호,자동차협력원 화상강의실,,,
room,room:building:2-8:3층:301~317호:대학원강의실·산학협력원·커플링사업단 행정실·기능성복합재료·플라즈마·신재생에너지 실험실,floor:building:2-8:3층,2-8,공과대학 8호관(자동차산학협동관),3층,301~317호,대학원강의실·산학협력원·커플링사업단 행정실·기능성복합재료·플라즈마·신재생에너지 실험실,교육·행정·연구공간,,
room,room:building:2-8:4층:401·402호:자동차협력원,floor:building:2-8:4층,2-8,공과대학 8호관(자동차산학협동관),4층,401·402호,자동차협력원,,,
room,room:building:2-8:4층:403호:제어계측실,floor:building:2-8:4층,2-8,공과대학 8호관(자동차산학협동관),4층,403호,제어계측실,,,
room,room:building:2-8:4층:404호:기능성복합재료실험실,floor:building:2-8:4층,2-8,공과대학 8호관(자동차산학협동관),4층,404호,기능성복합재료실험실,,,
room,room:building:2-8:4층:405호:공대공동시험소,floor:building:2-8:4층,2-8,공과대학 8호관(자동차산학협동관),4층,405호,공대공동시험소,,,
room,room:building:2-8:4층:406호:종합미디어정보강의실,floor:building:2-8:4층,2-8,공과대학 8호관(자동차산학협동관),4층,406호,종합미디어정보강의실,,,
room,room:building:2-8:4층:407호:전기자동차실험실,floor:building:2-8:4층,2-8,공과대학 8호관(자동차산학협동관),4층,407호,전기자동차실험실,,,
room,room:building:2-8:4층:408호:제어계측,floor:building:2-8:4층,2-8,공과대학 8호관(자동차산학협동관),4층,408호,제어계측,,,
room,room:building:2-8:4층:408-1·408-2호:구조·에너지융합 공간,floor:building:2-8:4층,2-8,공과대학 8호관(자동차산학협동관),4층,408-1·408-2호,구조·에너지융합 공간,,,
room,room:building:2-8:4층:409호:전북LED협업기술 R&D센터,floor:building:2-8:4층,2-8,공과대학 8호관(자동차산학협동관),4층,409호,전북LED협업기술 R&D센터,,,
room,room:building:2-8:4층:410·410-1·410-2호:IDEC실습실,floor:building:2-8:4층,2-8,공과대학 8호관(자동차산학협동관),4층,410·410-1·410-2호,IDEC실습실,,,
room,room:building:2-8:4층:414호:차세대장비기술센터,floor:building:2-8:4층,2-8,공과대학 8호관(자동차산학협동관),4층,414호,차세대장비기술센터,,,
room,room:building:2-8:4층:415호:교수연구실,floor:building:2-8:4층,2-8,공과대학 8호관(자동차산학협동관),4층,415호,교수연구실,,,
room,room:building:2-8:4층:416호:플라즈마공정개발실,floor:building:2-8:4층,2-8,공과대학 8호관(자동차산학협동관),4층,416호,플라즈마공정개발실,,,
room,room:building:2-8:4층:417·418-1·418호:BIN융합 연구공간,floor:building:2-8:4층,2-8,공과대학 8호관(자동차산학협동관),4층,417·418-1·418호,BIN융합 연구공간,,,
room,room:building:2-9:1층:102호:터보추진실험실,floor:building:2-9:1층,2-9,공과대학 9호관,1층,102호,터보추진실험실,연구공간,,
room,room:building:2-9:1층:106~108호:기능성복합재료 연구·시험실·학생회실,floor:building:2-9:1층,2-9,공과대학 9호관,1층,106~108호,기능성복합재료 연구·시험실·학생회실,연구·학생공간,,
room,room:building:2-9:3층:304·304-1호:연구용 실험실,floor:building:2-9:3층,2-9,공과대학 9호관,3층,304·304-1호,연구용 실험실,연구공간,,
room,room:building:2-9:4층:411호:강구조신뢰성평가실험실,floor:building:2-9:4층,2-9,공과대학 9호관,4층,411호,강구조신뢰성평가실험실,연구공간,,
room,room:building:2-9:4층:412~414호:재료파괴·신뢰성·생체재료·제어계측 및 해석 실험실·준비실,floor:building:2-9:4층,2-9,공과대학 9호관,4층,412~414호,재료파괴·신뢰성·생체재료·제어계측 및 해석 실험실·준비실,연구공간,,
room,room:building:2-9:4층:415·415-1호:연구용 실험실,floor:building:2-9:4층,2-9,공과대학 9호관,4층,415·415-1호,연구용 실험실,연구공간,,
room,room:building:2-9:5층:501~508호:항공우주 설계실습실·로봇실험실·공기역학실험실·교수연구실,floor:building:2-9:5층,2-9,공과대학 9호관,5층,501~508호,항공우주 설계실습실·로봇실험실·공기역학실험실·교수연구실,교육·연구공간,,
room,room:building:2-9:5층:509~512호:기계기구설계·나노에너지·생체시스템 실험실·준비실·세포배양실,floor:building:2-9:5층,2-9,공과대학 9호관,5층,509~512호,기계기구설계·나노에너지·생체시스템 실험실·준비실·세포배양실,연구공간,,
room,room:building:2-9:6층:601·603~609호:교수연구실,floor:building:2-9:6층,2-9,공과대학 9호관,6층,601·603~609호,교수연구실,,,
room,room:building:2-9:6층:602호:전공학습실,floor:building:2-9:6층,2-9,공과대학 9호관,6층,602호,전공학습실,,,
room,room:building:2-9:6층:610·612호:세미나실,floor:building:2-9:6층,2-9,공과대학 9호관,6층,610·612호,세미나실,,,
room,room:building:2-9:6층:611호:창의전공학생계실,floor:building:2-9:6층,2-9,공과대학 9호관,6층,611호,창의전공학생계실,,,
room,room:building:2-9:6층:613호:실험준비실,floor:building:2-9:6층,2-9,공과대학 9호관,6층,613호,실험준비실,,,
room,room:building:2-9:6층:614호:전산공탄성·구조실험실,floor:building:2-9:6층,2-9,공과대학 9호관,6층,614호,전산공탄성·구조실험실,,,
room,room:building:2-9:6층:615호:실험공력실험실,floor:building:2-9:6층,2-9,공과대학 9호관,6층,615호,실험공력실험실,,,
room,room:building:2-9:6층:616호:우주환경구조실험실,floor:building:2-9:6층,2-9,공과대학 9호관,6층,616호,우주환경구조실험실,,,
room,room:building:2-9:6층:617호:우주환경구조연구실,floor:building:2-9:6층,2-9,공과대학 9호관,6층,617호,우주환경구조연구실,,,
room,room:building:2-9:6층:618·619호:추진·연소실험실,floor:building:2-9:6층,2-9,공과대학 9호관,6층,618·619호,추진·연소실험실,,,
room,room:building:2-9:6층:620호:항공우주공학과 사무실·조교 문의,floor:building:2-9:6층,2-9,공과대학 9호관,6층,620호,항공우주공학과 사무실·조교 문의,행정공간,,
room,room:building:2-9:6층:620-1호:자료실,floor:building:2-9:6층,2-9,공과대학 9호관,6층,620-1호,자료실,,,
room,room:building:2-9:7층:701~707호:교수연구실,floor:building:2-9:7층,2-9,공과대학 9호관,7층,701~707호,교수연구실,,,
room,room:building:2-9:7층:708호:대학원연구실,floor:building:2-9:7층,2-9,공과대학 9호관,7층,708호,대학원연구실,,,
room,room:building:2-9:7층:709·710호:정보전자공학실험실,floor:building:2-9:7층,2-9,공과대학 9호관,7층,709·710호,정보전자공학실험실,,,
room,room:building:2-9:7층:711·712호:기능성복합재료실험실,floor:building:2-9:7층,2-9,공과대학 9호관,7층,711·712호,기능성복합재료실험실,,,
room,room:building:2-9:7층:713호:지능형고분자나노소재실험실,floor:building:2-9:7층,2-9,공과대학 9호관,7층,713호,지능형고분자나노소재실험실,,,
room,room:building:2-9:7층:714호:정보디스플레이신뢰성실험실,floor:building:2-9:7층,2-9,공과대학 9호관,7층,714호,정보디스플레이신뢰성실험실,,,
room,room:building:2-9:7층:715·716호:정보디스플레이실험실,floor:building:2-9:7층,2-9,공과대학 9호관,7층,715·716호,정보디스플레이실험실,,,
room,room:building:2-9:7층:717·718호:SPLEO실험실,floor:building:2-9:7층,2-9,공과대학 9호관,7층,717·718호,SPLEO실험실,,,
room,room:building:2-9:7층:719호:고분자·나노공학과 사무실·조교 문의,floor:building:2-9:7층,2-9,공과대학 9호관,7층,719호,고분자·나노공학과 사무실·조교 문의,행정공간,,
room,room:building:2-9:7층:720호:교수회의실,floor:building:2-9:7층,2-9,공과대학 9호관,7층,720호,교수회의실,,,
room,room:building:2-9:8층:801호:교수연구실,floor:building:2-9:8층,2-9,공과대학 9호관,8층,801호,교수연구실,,,
room,room:building:2-9:8층:801-1호:나노융합 학과사무실·조교 문의,floor:building:2-9:8층,2-9,공과대학 9호관,8층,801-1호,나노융합 학과사무실·조교 문의,전화번호 공식 미공개,,
room,room:building:2-9:8층:802·810·811호:교수연구실,floor:building:2-9:8층,2-9,공과대학 9호관,8층,802·810·811호,교수연구실,,,
room,room:building:2-9:8층:803호:도시공학 대학원강의실,floor:building:2-9:8층,2-9,공과대학 9호관,8층,803호,도시공학 대학원강의실,,,
room,room:building:2-9:8층:804호:모형제작실험실,floor:building:2-9:8층,2-9,공과대학 9호관,8층,804호,모형제작실험실,,,
room,room:building:2-9:8층:805호:교통공학실험실,floor:building:2-9:8층,2-9,공과대학 9호관,8층,805호,교통공학실험실,,,
room,room:building:2-9:8층:806호:도시개발실험준비실,floor:building:2-9:8층,2-9,공과대학 9호관,8층,806호,도시개발실험준비실,,,
room,room:building:2-9:8층:807호:도시개발실습실,floor:building:2-9:8층,2-9,공과대학 9호관,8층,807호,도시개발실습실,,,
room,room:building:2-9:8층:808호:연구용실험실,floor:building:2-9:8층,2-9,공과대학 9호관,8층,808호,연구용실험실,,,
room,room:building:2-9:8층:809호:광전자연구실,floor:building:2-9:8층,2-9,공과대학 9호관,8층,809호,광전자연구실,,,
room,room:building:2-9:8층:812·813호:DDS·조직공학실험실,floor:building:2-9:8층,2-9,공과대학 9호관,8층,812·813호,DDS·조직공학실험실,,,
room,room:building:2-9:8층:814·815호:의용생체공학실험실,floor:building:2-9:8층,2-9,공과대학 9호관,8층,814·815호,의용생체공학실험실,,,
room,room:building:2-9:8층:816호:Nanomedicine실험실,floor:building:2-9:8층,2-9,공과대학 9호관,8층,816호,Nanomedicine실험실,,,
room,room:building:2-9:8층:817호:유기광전자소자실험실,floor:building:2-9:8층,2-9,공과대학 9호관,8층,817호,유기광전자소자실험실,,,
room,room:building:2-9:9층:901~908호:교수·대학원·도시설계 연구실,floor:building:2-9:9층,2-9,공과대학 9호관,9층,901~908호,교수·대학원·도시설계 연구실,,,
room,room:building:2-9:9층:909호:컴퓨터실습실·단지계획실습 준비실,floor:building:2-9:9층,2-9,공과대학 9호관,9층,909호,컴퓨터실습실·단지계획실습 준비실,,,
room,room:building:2-9:9층:910호:학생회실,floor:building:2-9:9층,2-9,공과대학 9호관,9층,910호,학생회실,,,
room,room:building:2-9:9층:911호:연구용실험실,floor:building:2-9:9층,2-9,공과대학 9호관,9층,911호,연구용실험실,,,
room,room:building:2-9:9층:912호:교수연구실,floor:building:2-9:9층,2-9,공과대학 9호관,9층,912호,교수연구실,,,
room,room:building:2-9:9층:913호:CAD실습실,floor:building:2-9:9층,2-9,공과대학 9호관,9층,913호,CAD실습실,,,
room,room:building:2-9:9층:914~916호:도시설계실습실 1~3,floor:building:2-9:9층,2-9,공과대학 9호관,9층,914~916호,도시설계실습실 1~3,,,
room,room:building:2-9:9층:917호:도시공학과 사무실·조교 문의,floor:building:2-9:9층,2-9,공과대학 9호관,9층,917호,도시공학과 사무실·조교 문의,행정공간,,
room,room:building:2-9:9층:918호:자료실,floor:building:2-9:9층,2-9,공과대학 9호관,9층,918호,자료실,,,
room,room:building:2-20:1층:101호:기계공장실,floor:building:2-20:1층,2-20,공대공장동,1층,101호,기계공장실,,,
room,room:building:2-20:1층:101-1호:실험실습지원실,floor:building:2-20:1층,2-20,공대공장동,1층,101-1호,실험실습지원실,,,
room,room:building:2-20:1층:101-2호:공구실,floor:building:2-20:1층,2-20,공대공장동,1층,101-2호,공구실,,,
room,room:building:2-20:1층:102호:연소공학실험실,floor:building:2-20:1층,2-20,공대공장동,1층,102호,연소공학실험실,,,
room,room:building:2-20:1층:102-1호:분석실1,floor:building:2-20:1층,2-20,공대공장동,1층,102-1호,분석실1,,,
room,room:building:2-20:1층:103호:미래에너지융합·화학공학 연구실,floor:building:2-20:1층,2-20,공대공장동,1층,103호,미래에너지융합·화학공학 연구실,,,
room,room:building:2-20:1층:103-1호:준비실,floor:building:2-20:1층,2-20,공대공장동,1층,103-1호,준비실,,,
room,room:building:2-20:1층:104호:건축구조실험실,floor:building:2-20:1층,2-20,공대공장동,1층,104호,건축구조실험실,,,
room,room:building:2-20:1층:104-1호:건축준비실,floor:building:2-20:1층,2-20,공대공장동,1층,104-1호,건축준비실,,,
room,room:building:2-20:1층:105호:만능시험기실,floor:building:2-20:1층,2-20,공대공장동,1층,105호,만능시험기실,,,
room,room:building:2-20:1층:105-1호:만능시험기제어실,floor:building:2-20:1층,2-20,공대공장동,1층,105-1호,만능시험기제어실,,,
room,room:building:2-20:1층:106호:토목수리실험실,floor:building:2-20:1층,2-20,공대공장동,1층,106호,토목수리실험실,,,
room,room:building:2-20:1층:106-1호:펌프제어실,floor:building:2-20:1층,2-20,공대공장동,1층,106-1호,펌프제어실,,,
room,room:building:2-20:1층:X01·X02·211호:사무공간,floor:building:2-20:1층,2-20,공대공장동,1층,X01·X02·211호,사무공간,,,
room,room:building:2-20:2층:201호:기계공작법·안전교육실,floor:building:2-20:2층,2-20,공대공장동,2층,201호,기계공작법·안전교육실,,,
room,room:building:2-20:2층:201-1호:용접실,floor:building:2-20:2층,2-20,공대공장동,2층,201-1호,용접실,,,
room,room:building:2-20:2층:201-2호:재단실,floor:building:2-20:2층,2-20,공대공장동,2층,201-2호,재단실,,,
room,room:building:2-20:2층:202호:미래에너지융합핵심센터,floor:building:2-20:2층,2-20,공대공장동,2층,202호,미래에너지융합핵심센터,,,
room,room:building:2-20:2층:203호:건축실험제어실,floor:building:2-20:2층,2-20,공대공장동,2층,203호,건축실험제어실,,,
room,room:building:2-20:2층:204호:콘크리트공학연구실,floor:building:2-20:2층,2-20,공대공장동,2층,204호,콘크리트공학연구실,,,
room,room:building:2-20:2층:205호:교육용실험실,floor:building:2-20:2층,2-20,공대공장동,2층,205호,교육용실험실,,,
room,room:building:2-20:2층:206호:하드웨어설계실,floor:building:2-20:2층,2-20,공대공장동,2층,206호,하드웨어설계실,,,
room,room:building:2-20:2층:208호:분석실2,floor:building:2-20:2층,2-20,공대공장동,2층,208호,분석실2,,,
room,room:building:2-20:3층:301~310호:창업보육실,floor:building:2-20:3층,2-20,공대공장동,3층,301~310호,창업보육실,,,
room,room:building:2-20:3층:311호:세미나실,floor:building:2-20:3층,2-20,공대공장동,3층,311호,세미나실,,,
room,room:building:2-20:3층:312-2호:화장실,floor:building:2-20:3층,2-20,공대공장동,3층,312-2호,화장실,,,
room,room:building:2-20:3층:313호:물탱크실,floor:building:2-20:3층,2-20,공대공장동,3층,313호,물탱크실,,,
room,room:building:2-23:전체:공식 홈페이지에 층·호실 정보가 공개되지 않음:현장 또는 공과대학 행정실 확인 필요,floor:building:2-23:전체,2-23,대형풍동센터,전체,공식 홈페이지에 층·호실 정보가 공개되지 않음,현장 또는 공과대학 행정실 확인 필요,,,
floor,floor:building:4-3:1층,building:4-3,4-3,진수당,1층,,,,,
floor,floor:building:BLD-INTL:1층,building:BLD-INTL,BLD-INTL,인터내셔널센터,1층,,,,,
floor,floor:building:BLD-INTL:1.5층,building:BLD-INTL,BLD-INTL,인터내셔널센터,1.5층,,,,,
floor,floor:building:BLD-INTL:2층,building:BLD-INTL,BLD-INTL,인터내셔널센터,2층,,,,,
floor,floor:building:BLD-INTL:3층,building:BLD-INTL,BLD-INTL,인터내셔널센터,3층,,,,,
floor,floor:building:BLD-INTL:4층,building:BLD-INTL,BLD-INTL,인터내셔널센터,4층,,,,,
floor,floor:building:BLD-INTL:5층,building:BLD-INTL,BLD-INTL,인터내셔널센터,5층,,,,,
floor,floor:building:BLD-INTL:6층,building:BLD-INTL,BLD-INTL,인터내셔널센터,6층,,,,,
floor,floor:building:BLD-INTL:7층,building:BLD-INTL,BLD-INTL,인터내셔널센터,7층,,,,,
floor,floor:building:1-1:1층,building:1-1,1-1,대학본부,1층,,,,,
floor,floor:building:1-26:지하,building:1-26,1-26,동아리전용관,지하,,,,,
floor,floor:building:1-26:1층,building:1-26,1-26,동아리전용관,1층,,,,,
floor,floor:building:1-26:2층,building:1-26,1-26,동아리전용관,2층,,,,,
floor,floor:building:1-26:3층,building:1-26,1-26,동아리전용관,3층,,,,,
floor,floor:building:1-26:공통,building:1-26,1-26,동아리전용관,공통,,,,,
floor,floor:building:중앙도서관:1층,building:중앙도서관,,중앙도서관,1층,,,,,
floor,floor:building:중앙도서관:2층,building:중앙도서관,,중앙도서관,2층,,,,,
floor,floor:building:중앙도서관:3층,building:중앙도서관,,중앙도서관,3층,,,,,
floor,floor:building:중앙도서관:4층,building:중앙도서관,,중앙도서관,4층,,,,,
floor,floor:building:중앙도서관:지하,building:중앙도서관,,중앙도서관,지하,,,,,
floor,floor:building:중앙도서관:공통,building:중앙도서관,,중앙도서관,공통,,,,,
floor,floor:building:중앙도서관:2~3층,building:중앙도서관,,중앙도서관,2~3층,,,,,
floor,floor:building:중앙도서관:2~4층,building:중앙도서관,,중앙도서관,2~4층,,,,,
floor,floor:building:BLD-101:1층,building:BLD-101,BLD-101,학생타운,1층,,,,,
floor,floor:building:BLD-101:2층,building:BLD-101,BLD-101,학생타운,2층,,,,,
floor,floor:building:BLD-101:3층,building:BLD-101,BLD-101,학생타운,3층,,,,,
floor,floor:building:BLD-101:4층,building:BLD-101,BLD-101,학생타운,4층,,,,,
facility,facility:4-3:a23868d312822695,floor:building:4-3:1층,4-3,진수당,1층,,카페,카페,음료 및 휴식,
facility,facility:4-3:fad9c208270c0bd9,floor:building:4-3:1층,4-3,진수당,1층,,휴게실,휴게공간,휴식 가능,콘센트 있음
facility,facility:4-3:73806eceede2b53a,floor:building:4-3:1층,4-3,진수당,1층,,남자화장실,편의시설,,수량 2개
facility,facility:4-3:e415d45a543ddb76,floor:building:4-3:1층,4-3,진수당,1층,,여자화장실,편의시설,,수량 2개
facility,facility:4-3:fcb696630e49ac28,floor:building:4-3:1층,4-3,진수당,1층,,편의점,상업·편의시설,물품 구매 가능,건물 외부
facility,facility:4-3:3c78832f471fb857,floor:building:4-3:2층,4-3,진수당,2층,,정수기,편의시설,음용수 이용 가능,
facility,facility:4-3:c02befd0bae3eb7b,floor:building:4-3:2층,4-3,진수당,2층,,프린터,출력시설,인쇄 가능,
facility,facility:4-3:7cbb412ba66f86f6,floor:building:4-3:2층,4-3,진수당,2층,,남자화장실,편의시설,,수량 2개
facility,facility:4-3:de3e070267b2e562,floor:building:4-3:2층,4-3,진수당,2층,,여자화장실,편의시설,,수량 2개
facility,facility:4-3:a5983ed094d39f91,floor:building:4-3:2층,4-3,진수당,2층,,야외공간,휴게·이동공간,진수당과 연결,
facility,facility:4-3:b67389b896c21b01,floor:building:4-3:2층,4-3,진수당,2층,,복도 의자,휴게공간,대기 및 휴식 가능,
facility,facility:4-3:4b6a5b192c0d5268,floor:building:4-3:2층,4-3,진수당,2층,,사물함,편의시설,개인 물품 보관,
facility,facility:4-3:99c76d8d0ae556df,floor:building:4-3:3층,4-3,진수당,3층,,학생맞춤형 학습공간,학습공간,부스형 개인 학습공간,콘센트 있음
facility,facility:4-3:bcdea312c545dece,floor:building:4-3:3층,4-3,진수당,3층,,정수기,편의시설,음용수 이용 가능,
facility,facility:4-3:629f27ec12ce0a96,floor:building:4-3:3층,4-3,진수당,3층,,남자화장실,편의시설,,수량 2개
facility,facility:4-3:7d7be6ca20a56672,floor:building:4-3:3층,4-3,진수당,3층,,여자화장실,편의시설,,수량 2개
facility,facility:4-3:725b5f0a54ac8fd9,floor:building:4-3:3층,4-3,진수당,3층,,복도 의자,휴게공간,대기 및 휴식 가능,
facility,facility:4-3:a7c98b7239ae61e5,floor:building:4-3:4층,4-3,진수당,4층,,야외공간,휴게·이동공간,진수당2와 연결,연결 건물명 확인
facility,facility:4-3:adc173dd911a4a6e,floor:building:4-3:4층,4-3,진수당,4층,,정수기,편의시설,음용수 이용 가능,
facility,facility:4-3:acb357d18b2523f3,floor:building:4-3:4층,4-3,진수당,4층,,사물함,편의시설,개인 물품 보관,
facility,facility:4-3:33dc03a7611154e8,floor:building:4-3:4층,4-3,진수당,4층,,복도 의자,휴게공간,대기 및 휴식 가능,
facility,facility:4-3:e5e21282970a2d3a,floor:building:4-3:5층,4-3,진수당,5층,,남자화장실,편의시설,,수량 2개
facility,facility:4-3:fb3497a70ed2c328,floor:building:4-3:5층,4-3,진수당,5층,,여자화장실,편의시설,,수량 2개
facility,facility:4-3:d810eef8158727f8,floor:building:4-3:5층,4-3,진수당,5층,,복도 의자,휴게공간,대기 및 휴식 가능,
facility,facility:4-3:3f4ea600d65e51af,floor:building:4-3:5층,4-3,진수당,5층,,정수기,편의시설,음용수 이용 가능,
facility,facility:BLD-INTL:abfcfefd25a94adf,floor:building:BLD-INTL:1층,BLD-INTL,인터내셔널센터,1층,,아로미마실,카페,음료 이용 가능,
facility,facility:BLD-INTL:44af6eaffa920529,floor:building:BLD-INTL:1층,BLD-INTL,인터내셔널센터,1층,,편의점,상업·편의시설,물품 구매 가능,
facility,facility:BLD-INTL:3e90ed6a707d2ecd,floor:building:BLD-INTL:1층,BLD-INTL,인터내셔널센터,1층,,주차요금정산기,주차·편의시설,주차요금 정산,
facility,facility:BLD-INTL:c7789e39b53b00e8,floor:building:BLD-INTL:1층,BLD-INTL,인터내셔널센터,1층,,국제라운지,학습·휴게공간,학습 및 휴식 가능,콘센트 있음
facility,facility:BLD-INTL:0b280d5b864dea6f,floor:building:BLD-INTL:1층,BLD-INTL,인터내셔널센터,1층,,소파,휴게공간,휴식 가능,국제라운지 내
facility,facility:BLD-INTL:da1499ce9ed4d381,floor:building:BLD-INTL:1층,BLD-INTL,인터내셔널센터,1층,,커피머신,식음·편의시설,커피 이용 가능,유프레소 카페
facility,facility:BLD-INTL:cb546c5ef40c61ca,floor:building:BLD-INTL:1층,BLD-INTL,인터내셔널센터,1층,,남자화장실,편의시설,,
facility,facility:BLD-INTL:c832efd66d1cc861,floor:building:BLD-INTL:1층,BLD-INTL,인터내셔널센터,1층,,여자화장실,편의시설,,
facility,facility:BLD-INTL:41d7678cade27f42,floor:building:BLD-INTL:1.5층,BLD-INTL,인터내셔널센터,1.5층,,휴게공간,휴게공간,휴식 및 대기 가능,
facility,facility:BLD-INTL:a221eb82efd4d02e,floor:building:BLD-INTL:2층,BLD-INTL,인터내셔널센터,2층,,입학처,행정시설,입학 관련 업무,
facility,facility:BLD-INTL:b92b8aa4429f90ff,floor:building:BLD-INTL:2층,BLD-INTL,인터내셔널센터,2층,,휴게공간,휴게공간,휴식 및 대기 가능,
facility,facility:BLD-INTL:1408783a33685167,floor:building:BLD-INTL:2층,BLD-INTL,인터내셔널센터,2층,,남자화장실,편의시설,,
facility,facility:BLD-INTL:0d1a66915e8067ed,floor:building:BLD-INTL:2층,BLD-INTL,인터내셔널센터,2층,,여자화장실,편의시설,,
facility,facility:BLD-INTL:1dcf3f1a12c84eb6,floor:building:BLD-INTL:3층,BLD-INTL,인터내셔널센터,3층,,남자화장실,편의시설,,
facility,facility:BLD-INTL:3e05ec58cbe45872,floor:building:BLD-INTL:3층,BLD-INTL,인터내셔널센터,3층,,여자화장실,편의시설,,
facility,facility:BLD-INTL:bf34de18ad8f7093,floor:building:BLD-INTL:3층,BLD-INTL,인터내셔널센터,3층,,정수기,편의시설,음용수 이용 가능,
facility,facility:BLD-INTL:92f16d9954d9c0ee,floor:building:BLD-INTL:3층,BLD-INTL,인터내셔널센터,3층,,언어교육부,교육·행정시설,언어교육 관련 업무,
facility,facility:BLD-INTL:e3f03e02096e0ee8,floor:building:BLD-INTL:3층,BLD-INTL,인터내셔널센터,3층,,창업교육센터,교육·지원시설,창업교육 관련 지원,
facility,facility:BLD-INTL:ec243568126ba059,floor:building:BLD-INTL:3층,BLD-INTL,인터내셔널센터,3층,,현장실습센터,학생지원시설,현장실습 관련 지원,
facility,facility:BLD-INTL:d003afd4f79126fa,floor:building:BLD-INTL:3층,BLD-INTL,인터내셔널센터,3층,,무인증명발급서비스,행정서비스,증명서 무인 발급,
facility,facility:BLD-INTL:66f25c26b5f0b29f,floor:building:BLD-INTL:3층,BLD-INTL,인터내셔널센터,3층,,남자 직원전용화장실,직원시설,직원 전용,
facility,facility:BLD-INTL:530f80303f44494d,floor:building:BLD-INTL:3층,BLD-INTL,인터내셔널센터,3층,,여자 직원전용화장실,직원시설,직원 전용,
facility,facility:BLD-INTL:3e5a0ce449158661,floor:building:BLD-INTL:4층,BLD-INTL,인터내셔널센터,4층,,정수기,편의시설,음용수 이용 가능,수량 2대
facility,facility:BLD-INTL:6312ddcfb58582d0,floor:building:BLD-INTL:4층,BLD-INTL,인터내셔널센터,4층,,휴게공간,휴게공간,휴식 가능,
facility,facility:BLD-INTL:465807a54635dc0e,floor:building:BLD-INTL:4층,BLD-INTL,인터내셔널센터,4층,,복도 대기의자,휴게·대기공간,테이블과 의자가 있어 대기·간단한 학습 가능,다른 층과 형태 차이
facility,facility:BLD-INTL:25b631df566c22e6,floor:building:BLD-INTL:4층,BLD-INTL,인터내셔널센터,4층,,드래곤스터디룸,학습공간,부스형 스터디 공간,
facility,facility:BLD-INTL:6ff10c4915234397,floor:building:BLD-INTL:4층,BLD-INTL,인터내셔널센터,4층,,스카이라운지,휴게공간,야외 휴식 가능,옥상정원
facility,facility:BLD-INTL:404bf341d91aed34,floor:building:BLD-INTL:4층,BLD-INTL,인터내셔널센터,4층,,야외 옥상정원,야외공간,휴식 및 야외공간 이용,스카이라운지
facility,facility:BLD-INTL:1048d59cece35424,floor:building:BLD-INTL:5층,BLD-INTL,인터내셔널센터,5층,,휴게공간,휴게공간,휴식 가능,
facility,facility:BLD-INTL:d102b4f3d9d8de08,floor:building:BLD-INTL:5층,BLD-INTL,인터내셔널센터,5층,,복도 대기의자,휴게·대기공간,대기 가능,
facility,facility:BLD-INTL:ec41ae9c46d3976f,floor:building:BLD-INTL:5층,BLD-INTL,인터내셔널센터,5층,,남자화장실,편의시설,,
facility,facility:BLD-INTL:6e281e30cc3ed409,floor:building:BLD-INTL:5층,BLD-INTL,인터내셔널센터,5층,,여자화장실,편의시설,,
facility,facility:BLD-INTL:c6b35c8317159b96,floor:building:BLD-INTL:6층,BLD-INTL,인터내셔널센터,6층,,정수기,편의시설,음용수 이용 가능,
facility,facility:BLD-INTL:fc948166891d6676,floor:building:BLD-INTL:6층,BLD-INTL,인터내셔널센터,6층,,복사실,출력·복사시설,복사 가능,강사 전용
facility,facility:BLD-INTL:4240b51eaa460b01,floor:building:BLD-INTL:6층,BLD-INTL,인터내셔널센터,6층,,유학생지원센터,학생지원시설,유학생 관련 지원,
facility,facility:BLD-INTL:23a1974bc487f405,floor:building:BLD-INTL:6층,BLD-INTL,인터내셔널센터,6층,,전북국제개발협력센터,기관·지원시설,국제개발협력 관련,
facility,facility:BLD-INTL:cd932d1a61e9e565,floor:building:BLD-INTL:6층,BLD-INTL,인터내셔널센터,6층,,스터디룸,학습공간,학습 및 모임 가능,
floor,floor:building:BLD-114:2층,building:BLD-114,BLD-114,후생관,2층,,,,,
facility,facility:BLD-114:student-cafeteria,floor:building:BLD-114:2층,BLD-114,후생관,2층,,후생관 학생식당,학생식당,키오스크에서 식권 구매 가능,
facility,facility:BLD-INTL:ca1d4ac24fbf07df,floor:building:BLD-INTL:7층,BLD-INTL,인터내셔널센터,7층,,남자화장실,편의시설,,
facility,facility:BLD-INTL:1aae223afd792e75,floor:building:BLD-INTL:7층,BLD-INTL,인터내셔널센터,7층,,여자화장실,편의시설,,
facility,facility:BLD-INTL:6b7bf3f705cc77dc,floor:building:BLD-INTL:7층,BLD-INTL,인터내셔널센터,7층,,휴게공간,학습·휴게공간,책상형 좌석으로 학습 가능,콘센트 있음
facility,facility:1-1:2f3add18548a0527,floor:building:1-1:1층,1-1,대학본부,1층,,무인민원발급존,행정서비스,무인 민원·증명 관련 서비스,
facility,facility:1-1:b9a850576679c668,floor:building:1-1:1층,1-1,대학본부,1층,,무인정기등록기,행정서비스,석·박사 정기등록 관련,정확한 기능 확인
facility,facility:1-1:da21ebb2abd1c19f,floor:building:1-1:1층,1-1,대학본부,1층,,NH농협 ATM,금융시설,현금 입출금 등,
facility,facility:1-1:1150396bc789b918,floor:building:1-1:1층,1-1,대학본부,1층,,전북은행 ATM,금융시설,현금 입출금 등,
facility,facility:1-1:a1f202ecd0ee8a3d,floor:building:1-1:1층,1-1,대학본부,1층,,MG ATM,금융시설,현금 입출금 등,
facility,facility:1-1:4842ea385807c2cc,floor:building:1-1:1층,1-1,대학본부,1층,,차량주차관리실,주차·관리시설,주차 관련 업무,
facility,facility:1-1:611fb2692216d92a,floor:building:1-1:1층,1-1,대학본부,1층,,무인등록기,주차·편의시설,주차 관련 무인 등록,
facility,facility:1-1:fba045ccc8778664,floor:building:1-1:1층,1-1,대학본부,1층,,남자화장실,편의시설,,
facility,facility:1-1:939a93dc729d704b,floor:building:1-1:1층,1-1,대학본부,1층,,여자화장실,편의시설,,
facility,facility:1-1:864c1cb6a8184ce0,floor:building:1-1:1층,1-1,대학본부,1층,,휴게공간,휴게공간,대기 및 휴식 가능,
facility,facility:4-3:ea45fb7d76424488,floor:building:4-3:1층,4-3,진수당,1층,,주차요금정산기,주차·편의시설,주차요금 정산,건물 외부
facility,facility:4-3:af1a89f638af518b,floor:building:4-3:1층,4-3,진수당,1층,,남자 장애인화장실,배려·편의시설,장애인 이용 가능,수량 2개
facility,facility:4-3:74f07bced4c0e6b6,floor:building:4-3:1층,4-3,진수당,1층,,여자 장애인화장실,배려·편의시설,장애인 이용 가능,수량 2개
facility,facility:4-3:a74bb83d9e55f0d6,floor:building:4-3:1층,4-3,진수당,1층,,전북은행 ATM,금융시설,현금 입출금 등,
facility,facility:4-3:f90e62348ec2cb00,floor:building:4-3:1층,4-3,진수당,1층,,스터디룸 1,학습공간,부스형 스터디 공간,
facility,facility:4-3:c3d8ab4d80d344ae,floor:building:4-3:1층,4-3,진수당,1층,,스터디룸 2,학습공간,부스형 스터디 공간,
facility,facility:4-3:95683c9fbdac8653,floor:building:4-3:1층,4-3,진수당,1층,,스터디룸 3,학습공간,부스형 스터디 공간,
facility,facility:4-3:d505cd5095b8ea77,floor:building:4-3:1층,4-3,진수당,1층,,스터디룸 4,학습공간,부스형 스터디 공간,
facility,facility:4-3:b3c6c02bbcf0d309,floor:building:4-3:1층,4-3,진수당,1층,,스터디룸 5,학습공간,부스형 스터디 공간,
facility,facility:4-3:51f614fad26560e0,floor:building:4-3:1층,4-3,진수당,1층,,스터디룸 6,학습공간,부스형 스터디 공간,
facility,facility:4-3:5688a041d2db0a2f,floor:building:4-3:1층,4-3,진수당,1층,,스터디룸 7,학습공간,부스형 스터디 공간,
facility,facility:4-3:d4e4659ba21fe07c,floor:building:4-3:1층,4-3,진수당,1층,,스터디룸 8,학습공간,부스형 스터디 공간,
facility,facility:4-3:c13a3ac2fb5ee30b,floor:building:4-3:1층,4-3,진수당,1층,,스터디룸 9,학습공간,부스형 스터디 공간,
facility,facility:4-3:b9af1756ca2ff747,floor:building:4-3:1층,4-3,진수당,1층,,행복드림센터,학생지원시설,장애학생 지원,장애학생지원센터
facility,facility:4-3:fcf2e293363f8492,floor:building:4-3:1층,4-3,진수당,1층,,여직원휴게실,휴게공간,여직원 휴식 공간,
facility,facility:4-3:c3fbb728833ab3ed,floor:building:4-3:1층,4-3,진수당,1층,,모유수유실,편의·배려시설,모유수유 가능,여직원휴게실 내
facility,facility:4-3:b4dc52e58a456043,floor:building:4-3:1층,4-3,진수당,1층,,총동창회,기관·행정시설,,
facility,facility:4-3:da821686de4753d6,floor:building:4-3:1층,4-3,진수당,1층,,대학노동조합,기관·행정시설,,
facility,facility:4-3:d376039aeb3bf375,floor:building:4-3:2층,4-3,진수당,2층,,식당,식음시설,식사 가능,
facility,facility:4-3:2a5181aee81a3d59,floor:building:4-3:2층,4-3,진수당,2층,,키오스크,주문시설,식당 주문,수량 3대
facility,facility:4-3:b83cbfe64e0c2109,floor:building:4-3:2층,4-3,진수당,2층,,남자화장실,편의시설,,
facility,facility:4-3:5e848c856d9ab8bc,floor:building:4-3:2층,4-3,진수당,2층,,여자화장실,편의시설,,
facility,facility:4-3:69c75109a21bdee0,floor:building:4-3:2층,4-3,진수당,2층,,야외공간,휴게·이동공간,진수당 교육연구동과 연결,
facility,facility:4-3:773f581a48cfeb0d,floor:building:4-3:3층,4-3,진수당,3층,,남자 장애인화장실,배려·편의시설,장애인 이용 가능,
facility,facility:4-3:818550a5bdadba19,floor:building:4-3:3층,4-3,진수당,3층,,여자 장애인화장실,배려·편의시설,장애인 이용 가능,
facility,facility:4-3:0aab56c288c9c979,floor:building:4-3:3층,4-3,진수당,3층,,남자화장실,편의시설,,
facility,facility:4-3:ab3b51a275e7ec60,floor:building:4-3:3층,4-3,진수당,3층,,여자화장실,편의시설,,
facility,facility:1-26:40ed8d251d75d62d,floor:building:1-26:지하,1-26,동아리전용관,지하,,전기실,관리시설,,
facility,facility:1-26:347ce4eae0806c83,floor:building:1-26:지하,1-26,동아리전용관,지하,,산악회,동아리실,산악회 동아리실,
facility,facility:1-26:6e25c68e6340e4ef,floor:building:1-26:지하,1-26,동아리전용관,지하,,야망,동아리실,야망 동아리실,
facility,facility:1-26:4030ada5b1ba7078,floor:building:1-26:지하,1-26,동아리전용관,지하,,싱건지,동아리실,싱건지 동아리실,
facility,facility:1-26:5f46c09fdb2b6f94,floor:building:1-26:지하,1-26,동아리전용관,지하,,토러스,동아리실,토러스 동아리실,
facility,facility:1-26:9035f458d4066419,floor:building:1-26:1층,1-26,동아리전용관,1층,,자판기,편의시설,음료 등 구매 가능,
facility,facility:1-26:e85efb6a88be5ee7,floor:building:1-26:1층,1-26,동아리전용관,1층,,프린터기,편의시설,인쇄 가능,
facility,facility:1-26:7f86c4e7be65f8c1,floor:building:1-26:1층,1-26,동아리전용관,1층,,AED,안전시설,자동심장충격기,
facility,facility:1-26:9714b23867888b49,floor:building:1-26:1층,1-26,동아리전용관,1층,,화장실,편의시설,,
facility,facility:1-26:cfeaec00eb7c7c50,floor:building:1-26:1층,1-26,동아리전용관,1층,,스터디룸 1(105호),학습·모임공간,스터디 가능,총 6개
facility,facility:1-26:9c6e142a2c647181,floor:building:1-26:1층,1-26,동아리전용관,1층,,스터디룸 2(104호),학습·모임공간,스터디 가능,
facility,facility:1-26:cb76e8a62c5903c1,floor:building:1-26:1층,1-26,동아리전용관,1층,,스터디룸 3(103호),학습·모임공간,스터디 가능,
facility,facility:1-26:5915b9f954b263bb,floor:building:1-26:1층,1-26,동아리전용관,1층,,스터디룸 4(102호),학습·모임공간,스터디 가능,
facility,facility:1-26:d0ce48ba4354fe9c,floor:building:1-26:1층,1-26,동아리전용관,1층,,스터디룸 5(101호),학습·모임공간,스터디 가능,
facility,facility:1-26:11e113f6abde1dda,floor:building:1-26:1층,1-26,동아리전용관,1층,,스터디룸 6(111호),연습공간,댄스 연습 가능,댄스연습실
facility,facility:1-26:00e2df20b57c869a,floor:building:1-26:1층,1-26,동아리전용관,1층,,교직원 휴게실,휴게공간,교직원 휴식 공간,
facility,facility:1-26:b65020710f025fe6,floor:building:1-26:1층,1-26,동아리전용관,1층,,샤워실,편의시설,샤워 가능,
facility,facility:1-26:be093e2fecb9976b,floor:building:1-26:1층,1-26,동아리전용관,1층,,탈수기,편의시설,탈수 가능,샤워실 내
facility,facility:1-26:844caf369278b627,floor:building:1-26:1층,1-26,동아리전용관,1층,,세탁기,편의시설,세탁 가능,샤워실 내
facility,facility:1-26:69157b5c48cadc61,floor:building:1-26:1층,1-26,동아리전용관,1층,,관리실,관리시설,,
facility,facility:1-26:bea93f8fcaae36f9,floor:building:1-26:1층,1-26,동아리전용관,1층,,고전기타반(112호),동아리실,고전기타반 동아리실,
facility,facility:1-26:8b8f87fb0175fae3,floor:building:1-26:1층,1-26,동아리전용관,1층,,Judoka(주도카)(110호),동아리실,Judoka 동아리실,
facility,facility:1-26:f09741a8f42f8c7a,floor:building:1-26:1층,1-26,동아리전용관,1층,,재규어스(109호),동아리실,재규어스 동아리실,
facility,facility:1-26:81b12cf4a3737089,floor:building:1-26:1층,1-26,동아리전용관,1층,,황금나침반(108호),동아리실,황금나침반 동아리실,
facility,facility:1-26:fe9ed7e85d12f7bd,floor:building:1-26:1층,1-26,동아리전용관,1층,,JBIG(107호),동아리실,JBIG 동아리실,
facility,facility:1-26:e401d9cd44514e2b,floor:building:1-26:1층,1-26,동아리전용관,1층,,밀 알(106호),동아리실,밀 알 동아리실,명칭 확인 필요
facility,facility:1-26:0a15fdda8d787098,floor:building:1-26:1층,1-26,동아리전용관,1층,,자전거 보관소,교통·편의시설,자전거 보관 가능,건물 외부
facility,facility:1-26:caae5722651a9dfb,floor:building:1-26:1층,1-26,동아리전용관,1층,,씽씽이 보관소,교통·편의시설,개인형 이동장치 보관 가능,건물 외부
facility,facility:1-26:2d676a7677b8a8a8,floor:building:1-26:1층,1-26,동아리전용관,1층,,복합경기장 정비공사 준공 기념식수,기념시설,복합경기장 정비공사 준공 기념,2024.09.25 / 제19대 총장 양오봉
facility,facility:1-26:0cb87ea91ff5e79c,floor:building:1-26:2층,1-26,동아리전용관,2층,,정수기,편의시설,음용수 이용 가능,
facility,facility:1-26:da9b956cb961010d,floor:building:1-26:2층,1-26,동아리전용관,2층,,화장실,편의시설,,
facility,facility:1-26:4bde42f4c9d45620,floor:building:1-26:2층,1-26,동아리전용관,2층,,활빈(201호),동아리실,활빈 동아리실,
facility,facility:1-26:7e30afe385651ca6,floor:building:1-26:2층,1-26,동아리전용관,2층,,ECC(202호),동아리실,ECC 동아리실,
facility,facility:1-26:a30b0692078ce573,floor:building:1-26:2층,1-26,동아리전용관,2층,,굿네이버스(203호),동아리실,굿네이버스 동아리실,
facility,facility:1-26:fe7c2ca4c1b1cc38,floor:building:1-26:2층,1-26,동아리전용관,2층,,바다사랑(204호),동아리실,바다사랑 동아리실,
facility,facility:1-26:bd06f945c3f6701e,floor:building:1-26:2층,1-26,동아리전용관,2층,,샤크(205호),동아리실,샤크 동아리실,
facility,facility:1-26:55afdcaa1028ff25,floor:building:1-26:2층,1-26,동아리전용관,2층,,제우스(206호),동아리실,제우스 동아리실,
facility,facility:1-26:d5d871b8f83d2cad,floor:building:1-26:2층,1-26,동아리전용관,2층,,DFC(207호),동아리실,DFC 동아리실,
facility,facility:1-26:0d07de79fcdef81d,floor:building:1-26:2층,1-26,동아리전용관,2층,,화랑회(208호),동아리실,화랑회 동아리실,
facility,facility:1-26:abe8a3a5d655cb9d,floor:building:1-26:2층,1-26,동아리전용관,2층,,IVF(209호),동아리실,IVF 동아리실,
facility,facility:1-26:c92a075282431dc8,floor:building:1-26:2층,1-26,동아리전용관,2층,,불교학생회 연꽃(210호),동아리실,불교학생회 연꽃 동아리실,
facility,facility:1-26:eb001b83ff6da831,floor:building:1-26:2층,1-26,동아리전용관,2층,,돌풍(211호),동아리실,돌풍 동아리실,
facility,facility:1-26:0d7793a9584b8ebe,floor:building:1-26:2층,1-26,동아리전용관,2층,,주주총회(212호),동아리실,주주총회 동아리실,
facility,facility:1-26:42e3c657b8466fbe,floor:building:1-26:2층,1-26,동아리전용관,2층,,엔츠(225호),동아리실,엔츠 동아리실,
facility,facility:1-26:75dafe2685b0f64d,floor:building:1-26:2층,1-26,동아리전용관,2층,,카톨릭청년성서(224호),동아리실,카톨릭청년성서 동아리실,
facility,facility:1-26:e2192754b3c5ae91,floor:building:1-26:2층,1-26,동아리전용관,2층,,눈사랑(223호),동아리실,눈사랑 동아리실,
facility,facility:1-26:655c8cfd405eeb7a,floor:building:1-26:2층,1-26,동아리전용관,2층,,RCY(222호),동아리실,RCY 동아리실,
facility,facility:1-26:7edef8f2b3b99d5a,floor:building:1-26:2층,1-26,동아리전용관,2층,,HERELAWS(221호),동아리실,HERELAWS 동아리실,
facility,facility:1-26:fad3db119399044f,floor:building:1-26:2층,1-26,동아리전용관,2층,,차마을(220호),동아리실,차마을 동아리실,
facility,facility:1-26:7afde005f8f27283,floor:building:1-26:2층,1-26,동아리전용관,2층,,네비게이토(219호),동아리실,네비게이토 동아리실,
facility,facility:1-26:4cc9c38d7a3aeab2,floor:building:1-26:2층,1-26,동아리전용관,2층,,카르텔(213호),동아리실,카르텔 동아리실,
facility,facility:1-26:930cb7db1a12484a,floor:building:1-26:2층,1-26,동아리전용관,2층,,정검회(214호),동아리실,정검회 동아리실,
facility,facility:1-26:d2cba4780f380387,floor:building:1-26:2층,1-26,동아리전용관,2층,,하이콕(215호),동아리실,하이콕 동아리실,
facility,facility:1-26:65eb986427411da1,floor:building:1-26:2층,1-26,동아리전용관,2층,,필름(216호),동아리실,필름 동아리실,
facility,facility:1-26:a4c4c5bb0aaa22fd,floor:building:1-26:2층,1-26,동아리전용관,2층,,별무리(217호),동아리실,별무리 동아리실,
facility,facility:1-26:c77544e8cc931ffb,floor:building:1-26:2층,1-26,동아리전용관,2층,,차곡차곡(218호),동아리실,차곡차곡 동아리실,
facility,facility:1-26:1d0616cf35947202,floor:building:1-26:3층,1-26,동아리전용관,3층,,정수기,편의시설,음용수 이용 가능,
facility,facility:1-26:3beb9d5bcc26deaf,floor:building:1-26:3층,1-26,동아리전용관,3층,,화장실,편의시설,,
facility,facility:1-26:ce78af136f67ac34,floor:building:1-26:3층,1-26,동아리전용관,3층,,브릴란테(319호),동아리실,브릴란테 동아리실,
facility,facility:1-26:e2d0c656cea7155a,floor:building:1-26:3층,1-26,동아리전용관,3층,,"오아시스(317,318호)",동아리실,오아시스 동아리실,
facility,facility:1-26:78bfb7d9744bfc4c,floor:building:1-26:3층,1-26,동아리전용관,3층,,꾼(316호),동아리실,꾼 동아리실,
facility,facility:1-26:0096ceca3d49e2ea,floor:building:1-26:3층,1-26,동아리전용관,3층,,아회(315호),동아리실,아회 동아리실,
facility,facility:1-26:14baf1cebb74e11a,floor:building:1-26:3층,1-26,동아리전용관,3층,,별하지기(314호),동아리실,별하지기 동아리실,
facility,facility:1-26:0515b1e14befb213,floor:building:1-26:3층,1-26,동아리전용관,3층,,DSM(313호),동아리실,DSM 동아리실,
facility,facility:1-26:7657ac7b135ca013,floor:building:1-26:3층,1-26,동아리전용관,3층,,프론티어(312호),동아리실,프론티어 동아리실,
facility,facility:1-26:1782f9ea26c175ff,floor:building:1-26:3층,1-26,동아리전용관,3층,,ESF(311호),동아리실,ESF 동아리실,
facility,facility:1-26:d45b966147b91659,floor:building:1-26:3층,1-26,동아리전용관,3층,,필담(310호),동아리실,필담 동아리실,
facility,facility:1-26:5a53a8046587d308,floor:building:1-26:3층,1-26,동아리전용관,3층,,어울림(309호),동아리실,어울림 동아리실,
facility,facility:1-26:f5542c9044d5ae51,floor:building:1-26:3층,1-26,동아리전용관,3층,,원불교 학생회(308호),동아리실,원불교 학생회 동아리실,
facility,facility:1-26:2a2e2c5fac4a2ac4,floor:building:1-26:3층,1-26,동아리전용관,3층,,JDM(307호),동아리실,JDM 동아리실,
facility,facility:1-26:6a870d0e5eb1f77e,floor:building:1-26:3층,1-26,동아리전용관,3층,,하이토스(306호),동아리실,하이토스 동아리실,
facility,facility:1-26:007a7b973a7dfa42,floor:building:1-26:3층,1-26,동아리전용관,3층,,기린극회(304호),동아리실,기린극회 동아리실,
facility,facility:1-26:c9fa59d2da1a50b9,floor:building:1-26:3층,1-26,동아리전용관,3층,,검은돌하얀돌(303호),동아리실,검은돌하얀돌 동아리실,
facility,facility:1-26:8fb272a9d9ca4d86,floor:building:1-26:3층,1-26,동아리전용관,3층,,햇살(302호),동아리실,햇살 동아리실,
facility,facility:1-26:80de7c1333de8621,floor:building:1-26:3층,1-26,동아리전용관,3층,,#해시태그(301호),동아리실,#해시태그 동아리실,
facility,facility:1-26:f47d8247ff9fa93e,floor:building:1-26:3층,1-26,동아리전용관,3층,,회의실,회의·모임공간,회의 및 모임 가능,
facility,facility:1-26:4482f62ff1fbce1b,floor:building:1-26:공통,1-26,동아리전용관,공통,,엘리베이터,이동·편의시설,층간 이동 가능,B1 이동 버튼 없음
facility,facility:중앙도서관:a886e3ba251db9e9,floor:building:중앙도서관:1층,,중앙도서관,1층,,중도라운지,휴게·문화공간,휴식 및 콘텐츠 이용 가능,
facility,facility:중앙도서관:41b7ea1269a023c4,floor:building:중앙도서관:1층,,중앙도서관,1층,,웨이브온,미디어서비스,"옛 방송부터 최신 방송까지 다양한 장르의 해외 독점 드라마, 100여 개 실시간 방송 및 영화 이용 가능",도서관 내 무료 이용
facility,facility:중앙도서관:ce4254b40054d27c,floor:building:중앙도서관:1층,,중앙도서관,1층,,도서관장실,행정시설,도서관 행정 공간,
facility,facility:중앙도서관:76c416788075ddd7,floor:building:중앙도서관:1층,,중앙도서관,1층,,정보지원과,행정시설,도서관 정보지원 관련 업무,
facility,facility:중앙도서관:09183567ad1fcf66,floor:building:중앙도서관:1층,,중앙도서관,1층,,화장실,편의시설,화장실 이용 가능,
facility,facility:중앙도서관:7c9bdad044859fa1,floor:building:중앙도서관:1층,,중앙도서관,1층,,오픈캠퍼스,안내·서비스,좌석 발권 등 도서관 이용 지원,
facility,facility:중앙도서관:35f1c8c125fed8f1,floor:building:중앙도서관:1층,,중앙도서관,1층,,좌석발급기,발권시설,스마트테이블·PC테이블 등 좌석 발권 가능,키오스크
facility,facility:중앙도서관:e3536dbe01b8de28,floor:building:중앙도서관:1층,,중앙도서관,1층,,무인증명발급서비스,행정서비스,증명서 무인 발급 가능,
facility,facility:중앙도서관:2d781f8fdce9685c,floor:building:중앙도서관:2층,,중앙도서관,2층,,과학기술자료실,자료실,과학기술 분야 자료 이용,
facility,facility:중앙도서관:b22baab23795403b,floor:building:중앙도서관:2층,,중앙도서관,2층,,통화부스,편의시설,통화 가능 공간,
facility,facility:중앙도서관:bdbbecbbbf47ee0a,floor:building:중앙도서관:2층,,중앙도서관,2층,,소파,휴게·열람공간,앉아서 독서 및 휴식 가능,
facility,facility:중앙도서관:4587d193639b730c,floor:building:중앙도서관:2층,,중앙도서관,2층,,검색용 PC 코너,정보검색,자료 검색용 PC 이용 가능,
facility,facility:중앙도서관:93358c03df96a045,floor:building:중앙도서관:2층,,중앙도서관,2층,,스마트테이블 1,학습공간,예약·발권 후 이용 가능,평일 09:00~20:00 / 토요일 09:00~13:00
facility,facility:중앙도서관:46fe29230bb8aa7e,floor:building:중앙도서관:2층,,중앙도서관,2층,,스마트테이블 2,학습공간,예약·발권 후 이용 가능,평일 09:00~20:00 / 토요일 09:00~13:00
facility,facility:중앙도서관:d6316a1359438fdc,floor:building:중앙도서관:2층,,중앙도서관,2층,,PC테이블,PC·학습공간,예약·발권 후 이용 가능,평일 09:00~20:00 / 토요일 09:00~13:00
facility,facility:중앙도서관:19077a805dc674a1,floor:building:중앙도서관:2층,,중앙도서관,2층,,좌석 발권 서비스,이용서비스,모바일 앱 또는 좌석발급기에서 좌석 선택 후 발권,스마트테이블·PC테이블 대상
facility,facility:중앙도서관:eb4140a6148a2138,floor:building:중앙도서관:2층,,중앙도서관,2층,,좌석 비밀번호 확인,이용서비스,모바일 앱 '내자리' 또는 발권 용지에서 비밀번호 확인,
facility,facility:중앙도서관:9e61c7b97f240be6,floor:building:중앙도서관:2층,,중앙도서관,2층,,좌석 자동 반납,이용서비스,도서관 퇴실 후 90분 경과 시 자동 반납 처리,스마트·PC테이블
facility,facility:중앙도서관:9ab2e16f6e99879d,floor:building:중앙도서관:2층,,중앙도서관,2층,,사물함,편의시설,개인 물품 보관 가능,
facility,facility:중앙도서관:b24b42f90d3c556c,floor:building:중앙도서관:2층,,중앙도서관,2층,,2인석,학습공간,2인용 학습 좌석,콘센트 있음
facility,facility:중앙도서관:6116d3693df611bc,floor:building:중앙도서관:2층,,중앙도서관,2층,,4인석,학습공간,4인용 학습 좌석,콘센트 있음
facility,facility:중앙도서관:91d558d48aa69ee8,floor:building:중앙도서관:2층,,중앙도서관,2층,,LP 공간,문화·휴게공간,LP 이용 가능,
facility,facility:중앙도서관:2ab12e200326a49f,floor:building:중앙도서관:2층,,중앙도서관,2층,,개인학습실 1,개인학습공간,예약 후 이용 가능,대학원생·시간강사·강의전담 교수 이용
facility,facility:중앙도서관:cee43290a039af22,floor:building:중앙도서관:2층,,중앙도서관,2층,,개인학습실 2,개인학습공간,예약 후 이용 가능,대학원생·시간강사·강의전담 교수 이용
facility,facility:중앙도서관:e5ea804e657e41ea,floor:building:중앙도서관:2층,,중앙도서관,2층,,개인학습실 3,개인학습공간,예약 후 이용 가능,대학원생·시간강사·강의전담 교수 이용
facility,facility:중앙도서관:301e3a506e3936e5,floor:building:중앙도서관:2층,,중앙도서관,2층,,개인학습실 4,개인학습공간,예약 후 이용 가능,대학원생·시간강사·강의전담 교수 이용
facility,facility:중앙도서관:f3bc295b1d91a7f4,floor:building:중앙도서관:2층,,중앙도서관,2층,,개인학습실 5,개인학습공간,예약 후 이용 가능,대학원생·시간강사·강의전담 교수 이용
facility,facility:중앙도서관:5fc58068e585de45,floor:building:중앙도서관:2층,,중앙도서관,2층,,개인학습실 6,개인학습공간,예약 후 이용 가능,대학원생·시간강사·강의전담 교수 이용
facility,facility:중앙도서관:a2638b0c737451ee,floor:building:중앙도서관:2층,,중앙도서관,2층,,개인학습실 7,개인학습공간,예약 후 이용 가능,대학원생·시간강사·강의전담 교수 이용
facility,facility:중앙도서관:88356efe769b8da5,floor:building:중앙도서관:2층,,중앙도서관,2층,,개인학습실 8,개인학습공간,예약 후 이용 가능,대학원생·시간강사·강의전담 교수 이용
facility,facility:중앙도서관:6dabed241cc117a3,floor:building:중앙도서관:2층,,중앙도서관,2층,,개인학습실 9,개인학습공간,예약 후 이용 가능,대학원생·시간강사·강의전담 교수 이용
facility,facility:중앙도서관:5c3ae8ff7e8c55c3,floor:building:중앙도서관:2층,,중앙도서관,2층,,개인학습실 10,개인학습공간,예약 후 이용 가능,대학원생·시간강사·강의전담 교수 이용
facility,facility:중앙도서관:1e918f00563a928a,floor:building:중앙도서관:2층,,중앙도서관,2층,,개인학습실 예약,예약서비스,도서관 홈페이지 또는 모바일 앱에서 이용 호실과 시간 예약,7일 전 예약 가능 / 한 달 최대 10일 이용 가능
facility,facility:중앙도서관:4a0f8bdf1911e7f5,floor:building:중앙도서관:2층,,중앙도서관,2층,,개인학습실 인증,이용서비스,예약시간 내 좌석발급기에서 인증 후 이용,
facility,facility:중앙도서관:94ebc1e915ec213d,floor:building:중앙도서관:2층,,중앙도서관,2층,,개인학습실 비밀번호 확인,이용서비스,모바일 앱 내자리 또는 좌석발급기 좌석용지에서 비밀번호 확인 후 입실,
facility,facility:중앙도서관:e8e13c55911bd64d,floor:building:중앙도서관:2층,,중앙도서관,2층,,그룹학습실 201,그룹학습공간,그룹 학습 가능,
facility,facility:중앙도서관:c7f841a4484cccd1,floor:building:중앙도서관:2층,,중앙도서관,2층,,그룹학습실 202,그룹학습공간,그룹 학습 가능,
facility,facility:중앙도서관:282b6dffaa7fe7d2,floor:building:중앙도서관:2층,,중앙도서관,2층,,그룹학습실 203,그룹학습공간,그룹 학습 가능,
facility,facility:중앙도서관:0f7121b209cbb3bd,floor:building:중앙도서관:2층,,중앙도서관,2층,,그룹학습실 204,그룹학습공간,그룹 학습 가능,
facility,facility:중앙도서관:7e1dab8b2c2530d5,floor:building:중앙도서관:2층,,중앙도서관,2층,,그룹학습실 205,그룹학습공간,대학원생 전용 그룹 학습공간,대학원생 전용 / 학부생 이용 불가
facility,facility:중앙도서관:8b94f3a35ecd0bb1,floor:building:중앙도서관:2층,,중앙도서관,2층,,그룹학습실 206,그룹학습공간,대학원생 전용 그룹 학습공간,대학원생 전용 / 학부생 이용 불가
facility,facility:중앙도서관:1e574ab9cf0da600,floor:building:중앙도서관:2층,,중앙도서관,2층,,장애인 열람석,배려시설,장애인 이용자를 위한 열람석,
facility,facility:중앙도서관:a4acb5c268e059be,floor:building:중앙도서관:2층,,중앙도서관,2층,,정수기,편의시설,음용수 이용 가능,
facility,facility:중앙도서관:85ef6d19d5cc0e20,floor:building:중앙도서관:2층,,중앙도서관,2층,,생리대 자판기,편의시설,생리대 구매 가능,
facility,facility:중앙도서관:38c7aa90ef854816,floor:building:중앙도서관:2층,,중앙도서관,2층,,화장실,편의시설,화장실 이용 가능,
facility,facility:중앙도서관:41a39f5786b74f7c,floor:building:중앙도서관:2층,,중앙도서관,2층,,복사,출력·복사시설,복사 가능,
facility,facility:중앙도서관:d6f96326b2f737be,floor:building:중앙도서관:2층,,중앙도서관,2층,,책소독기,도서서비스,도서 소독 가능,
facility,facility:중앙도서관:1eb2f987839212c8,floor:building:중앙도서관:3층,,중앙도서관,3층,,인문사회자료실,자료실,인문사회 분야 자료 이용,
facility,facility:중앙도서관:a7dba89e1c754725,floor:building:중앙도서관:3층,,중앙도서관,3층,,노트북 테이블,학습공간,노트북 사용에 적합한 좌석,
facility,facility:중앙도서관:09664e2e455210d3,floor:building:중앙도서관:3층,,중앙도서관,3층,,자유석,학습공간,자유롭게 이용 가능한 좌석,
facility,facility:중앙도서관:4bc420f614e3ad58,floor:building:중앙도서관:3층,,중앙도서관,3층,,학습테이블,학습공간,일반 학습용 테이블,
facility,facility:중앙도서관:e60f38da933e4f86,floor:building:중앙도서관:3층,,중앙도서관,3층,,인기도서,도서공간,인기 도서 비치,
facility,facility:중앙도서관:8716d7dbace699b2,floor:building:중앙도서관:3층,,중앙도서관,3층,,그룹학습실 301,그룹학습공간,그룹 학습 가능,
facility,facility:중앙도서관:3ae6e0be286468df,floor:building:중앙도서관:3층,,중앙도서관,3층,,그룹학습실 302,그룹학습공간,그룹 학습 가능,
facility,facility:중앙도서관:063eff20cee68f51,floor:building:중앙도서관:3층,,중앙도서관,3층,,그룹학습실 303,그룹학습공간,그룹 학습 가능,
facility,facility:중앙도서관:352687f34d3ad6d6,floor:building:중앙도서관:3층,,중앙도서관,3층,,그룹학습실 304,그룹학습공간,그룹 학습 가능,
facility,facility:중앙도서관:5fc11f552a4dfa30,floor:building:중앙도서관:3층,,중앙도서관,3층,,책틈 서비스,도서서비스,자료 대출 및 도서 이용 서비스,
facility,facility:중앙도서관:2686c73b6a5a7b79,floor:building:중앙도서관:3층,,중앙도서관,3층,,학부생 대출,도서서비스,최대 20권 대출,14일
facility,facility:중앙도서관:88bc0b3abdccb7db,floor:building:중앙도서관:3층,,중앙도서관,3층,,대학원생 대출,도서서비스,최대 20권 대출,30일
facility,facility:중앙도서관:e25b2dd8f005e56e,floor:building:중앙도서관:3층,,중앙도서관,3층,,교원 대출,도서서비스,최대 40권 대출,90일
facility,facility:중앙도서관:ac120852e7d529a0,floor:building:중앙도서관:3층,,중앙도서관,3층,,직원 대출,도서서비스,최대 20권 대출,60일
facility,facility:중앙도서관:feaea5c9e159624e,floor:building:중앙도서관:3층,,중앙도서관,3층,,특별졸업생회원 대출,도서서비스,최대 7권 대출,14일
facility,facility:중앙도서관:5158fa0fa675259c,floor:building:중앙도서관:3층,,중앙도서관,3층,,특별주민회원 대출,도서서비스,최대 5권 대출,14일
facility,facility:중앙도서관:f8501f2120da3772,floor:building:중앙도서관:3층,,중앙도서관,3층,,책틈 학기중 이용,이용시간,평일 09:00~18:00,토요일 09:00~13:00
facility,facility:중앙도서관:4a43bd8851f9fc92,floor:building:중앙도서관:3층,,중앙도서관,3층,,책틈 방학중 이용,이용시간,09:00~18:00,
facility,facility:중앙도서관:116b724309e01901,floor:building:중앙도서관:3층,,중앙도서관,3층,,보존서고 자료 신청,도서서비스,보존서고 자료 이용 신청 가능,
facility,facility:중앙도서관:88bc539f5d087cc8,floor:building:중앙도서관:3층,,중앙도서관,3층,,무인 야간대출,도서서비스,야간 무인 대출 가능,
facility,facility:중앙도서관:03966e362fc4f4a7,floor:building:중앙도서관:3층,,중앙도서관,3층,,장애인 책배달,배려서비스,장애인 이용자를 위한 도서 배달,
facility,facility:중앙도서관:5efd5f819ce176b1,floor:building:중앙도서관:3층,,중앙도서관,3층,,복사코너,출력·복사시설,복사 관련 서비스 이용 가능,
facility,facility:중앙도서관:b7c155e2c021b114,floor:building:중앙도서관:4층,,중앙도서관,4층,,자유열람실,학습공간,자유 학습 가능,
facility,facility:중앙도서관:915df63a0dff8895,floor:building:중앙도서관:4층,,중앙도서관,4층,,노트북열람실,학습공간,노트북 사용 가능,
facility,facility:중앙도서관:87e8a6d9d7394f2a,floor:building:중앙도서관:4층,,중앙도서관,4층,,제1열람실,학습공간,독서실형 책상,콘센트 없음
facility,facility:중앙도서관:2c9f71fcb70e1aa2,floor:building:중앙도서관:4층,,중앙도서관,4층,,제2열람실,학습공간,열람실형 학습 좌석,콘센트 있음
facility,facility:중앙도서관:20c7d2defbed61c3,floor:building:중앙도서관:4층,,중앙도서관,4층,,제3열람실,학습공간,독서실형 책상,콘센트 없음
facility,facility:중앙도서관:0dc039bc502baa42,floor:building:중앙도서관:4층,,중앙도서관,4층,,제4열람실,학습공간,독서실형 책상,콘센트 없음
facility,facility:중앙도서관:cc6917d29919031f,floor:building:중앙도서관:4층,,중앙도서관,4층,,제5열람실,학습공간,열람실형 학습 좌석,개인 전등 있음
facility,facility:중앙도서관:37a3e05741780258,floor:building:중앙도서관:4층,,중앙도서관,4층,,제6열람실,학습공간,독서실형 책상,콘센트 없음
facility,facility:중앙도서관:3322c11972c340b6,floor:building:중앙도서관:4층,,중앙도서관,4층,,그룹학습실 401,그룹학습공간,그룹 학습 가능,
facility,facility:중앙도서관:47bbf4527756e20c,floor:building:중앙도서관:4층,,중앙도서관,4층,,그룹학습실 402,그룹학습공간,그룹 학습 가능,
facility,facility:중앙도서관:c89d73863da31c6f,floor:building:중앙도서관:4층,,중앙도서관,4층,,그룹학습실 403,그룹학습공간,그룹 학습 가능,
facility,facility:중앙도서관:7d1b8f6ac154c084,floor:building:중앙도서관:4층,,중앙도서관,4층,,그룹학습실 404,그룹학습공간,그룹 학습 가능,
facility,facility:중앙도서관:243cc5b7d7d9cbd3,floor:building:중앙도서관:4층,,중앙도서관,4층,,그룹학습실 405,그룹학습공간,그룹 학습 가능,
facility,facility:중앙도서관:f448e0fcaedd596d,floor:building:중앙도서관:4층,,중앙도서관,4층,,그룹학습실 406,그룹학습공간,그룹 학습 가능,
facility,facility:중앙도서관:b5497d6d44540a2d,floor:building:중앙도서관:4층,,중앙도서관,4층,,그룹학습실 407,그룹학습공간,그룹 학습 가능,
facility,facility:중앙도서관:0ac0d8fd713b2905,floor:building:중앙도서관:4층,,중앙도서관,4층,,그룹학습실 408,그룹학습공간,그룹 학습 가능,
facility,facility:중앙도서관:3f732bac6c42ce02,floor:building:중앙도서관:4층,,중앙도서관,4층,,그룹학습실 409,그룹학습공간,그룹 학습 가능,
facility,facility:중앙도서관:5e3827d222c7fc34,floor:building:중앙도서관:4층,,중앙도서관,4층,,그룹학습실 410,그룹학습공간,대학원생 전용 그룹 학습공간,대학원생 전용 / 학부생 이용 불가
facility,facility:중앙도서관:ad3600066dcaf890,floor:building:중앙도서관:4층,,중앙도서관,4층,,그룹학습실 411,그룹학습공간,그룹 학습 가능,
facility,facility:중앙도서관:f9c76bf3d920faea,floor:building:중앙도서관:4층,,중앙도서관,4층,,그룹학습실 412,그룹학습공간,그룹 학습 가능,
facility,facility:중앙도서관:defbe9689c2dd6cb,floor:building:중앙도서관:4층,,중앙도서관,4층,,그룹학습실 413,그룹학습공간,그룹 학습 가능,
facility,facility:중앙도서관:969ba10fd078a182,floor:building:중앙도서관:4층,,중앙도서관,4층,,그룹학습실 414,그룹학습공간,그룹 학습 가능,
facility,facility:중앙도서관:b9a7974fa1f760b1,floor:building:중앙도서관:4층,,중앙도서관,4층,,그룹학습실 415,그룹학습공간,그룹 학습 가능,
facility,facility:중앙도서관:f4e6dfc435969ff2,floor:building:중앙도서관:4층,,중앙도서관,4층,,그룹학습실 416,그룹학습공간,그룹 학습 가능,
facility,facility:중앙도서관:05e2f81613ce6ab2,floor:building:중앙도서관:4층,,중앙도서관,4층,,대학원 스터디룸,그룹학습공간,대학원생용 스터디 공간,
facility,facility:중앙도서관:ac8d5b72206f9a5b,floor:building:중앙도서관:4층,,중앙도서관,4층,,도서관 자치위원회 운영,학생지원서비스,평일 16:00~18:00 운영,
facility,facility:중앙도서관:7f9eef8e6f09f734,floor:building:중앙도서관:4층,,중앙도서관,4층,,휴게실,휴게공간,휴식 가능,"휴게실 내 음식료(커피, 과자 등) 반입 금지"
facility,facility:중앙도서관:e89081c9ba043f85,floor:building:중앙도서관:4층,,중앙도서관,4층,,통화부스,편의시설,통화 가능 공간,
facility,facility:중앙도서관:ba426eb187ab94c5,floor:building:중앙도서관:4층,,중앙도서관,4층,,정수기,편의시설,음용수 이용 가능,
facility,facility:중앙도서관:7c4fda8e8aa5bf51,floor:building:중앙도서관:4층,,중앙도서관,4층,,생리대 자판기,편의시설,생리대 구매 가능,
facility,facility:중앙도서관:e2f573c1ede74a34,floor:building:중앙도서관:4층,,중앙도서관,4층,,책소독기,도서서비스,도서 소독 가능,
facility,facility:중앙도서관:917b1d5cfc4b42df,floor:building:중앙도서관:4층,,중앙도서관,4층,,무인증명발급서비스,행정서비스,증명서 무인 발급 가능,
facility,facility:중앙도서관:0044865e1c0c89ec,floor:building:중앙도서관:4층,,중앙도서관,4층,,복사실,출력·복사시설,복사·출력·스캔·스프링제본·분권·책제본·논문제작 접수,운영시간 14:00~17:00
facility,facility:중앙도서관:98c473e366f789bc,floor:building:중앙도서관:4층,,중앙도서관,4층,,공드림 앱 결제,결제서비스,휴대폰에 공드림 앱 설치 후 카드 등록하여 결제,신용카드 직접 사용 불가
facility,facility:중앙도서관:fc8eeb867d359bc1,floor:building:중앙도서관:4층,,중앙도서관,4층,,흑백 A4 인쇄,출력서비스,A4 흑백 인쇄,60원
facility,facility:중앙도서관:b3ae0f192471fe6c,floor:building:중앙도서관:4층,,중앙도서관,4층,,흑백 B5 인쇄,출력서비스,B5 흑백 인쇄,60원
facility,facility:중앙도서관:657a37e6fc56381a,floor:building:중앙도서관:4층,,중앙도서관,4층,,흑백 A3 인쇄,출력서비스,A3 흑백 인쇄,150원
facility,facility:중앙도서관:79235d99d99cdbac,floor:building:중앙도서관:4층,,중앙도서관,4층,,흑백 B4 인쇄,출력서비스,B4 흑백 인쇄,100원
facility,facility:중앙도서관:9f8c15464099e8d9,floor:building:중앙도서관:4층,,중앙도서관,4층,,컬러 A4 인쇄,출력서비스,A4 컬러 인쇄,200원+
facility,facility:중앙도서관:2f9aa4c421c342d2,floor:building:중앙도서관:4층,,중앙도서관,4층,,컬러 B5 인쇄,출력서비스,B5 컬러 인쇄,200원+
facility,facility:중앙도서관:47e7f92f31f99aeb,floor:building:중앙도서관:4층,,중앙도서관,4층,,컬러 A3 인쇄,출력서비스,A3 컬러 인쇄,"1,000원+"
facility,facility:중앙도서관:caf6103260e0b78e,floor:building:중앙도서관:4층,,중앙도서관,4층,,컬러 B4 인쇄,출력서비스,B4 컬러 인쇄,"1,000원+"
facility,facility:중앙도서관:a8afae7a2ee05f9c,floor:building:중앙도서관:4층,,중앙도서관,4층,,비절단 책복사,복사서비스,비절단 스캔 후 인쇄,페이지당 공임 200원 + 인쇄비
facility,facility:중앙도서관:d8908375400fe666,floor:building:중앙도서관:4층,,중앙도서관,4층,,절단 책복사,복사서비스,절단 후 스캔·인쇄,페이지당 공임 100원 + 인쇄비
facility,facility:중앙도서관:2704c2ebf178503d,floor:building:중앙도서관:4층,,중앙도서관,4층,,스프링 제본,제본서비스,A4/B5 스프링 제본,"3,000원 또는 4,000원 / 신학기 할인 가능"
facility,facility:중앙도서관:bcc5a8d3bb1e75c8,floor:building:중앙도서관:4층,,중앙도서관,4층,,A4 코팅,코팅서비스,A4 코팅,"1,000원"
facility,facility:중앙도서관:e3cfd82333b37ce0,floor:building:중앙도서관:4층,,중앙도서관,4층,,A3 코팅,코팅서비스,A3 코팅,"2,000원"
facility,facility:중앙도서관:0b8d2ded2a6e4c5d,floor:building:중앙도서관:4층,,중앙도서관,4층,,A4 종이 판매,판매서비스,A4 종이 4장 구매,100원
facility,facility:중앙도서관:2a5e9e030c8b2b20,floor:building:중앙도서관:4층,,중앙도서관,4층,,대봉투 판매,판매서비스,대봉투 구매,150원
facility,facility:중앙도서관:2eb9e006c541eb07,floor:building:중앙도서관:4층,,중앙도서관,4층,,L자 파일 판매,판매서비스,L자 파일 구매,200원
facility,facility:중앙도서관:0ac5a5ee3bc592a7,floor:building:중앙도서관:4층,,중앙도서관,4층,,둥근 쫄대 파일 판매,판매서비스,둥근 쫄대 파일 구매,300원
facility,facility:중앙도서관:d598c27e06d9b15b,floor:building:중앙도서관:4층,,중앙도서관,4층,,개인정보문서 출력 안내,출력서비스,일부 개인정보 포함 문서는 일반 신용카드 단말기로 출력 불가,토익성적표·일부 수험표·증명서 등
facility,facility:중앙도서관:056328d36289de2a,floor:building:중앙도서관:4층,,중앙도서관,4층,,복사카드 출력,출력서비스,개인정보 문서 출력 시 이용 가능,중앙도서관 4층 복사카드 또는 학생타운 복사실
facility,facility:중앙도서관:96d860c6074788cf,floor:building:중앙도서관:4층,,중앙도서관,4층,,스프링·제본 신청,제본서비스,카카오톡에 신청서 남긴 후 접수 가능,문의 010-7324-9660
facility,facility:중앙도서관:78021491b7114b4c,floor:building:중앙도서관:4층,,중앙도서관,4층,,복사실 작업 접수,출력·제본서비스,오전 접수분 및 스프링 분권 신청 작업은 학생타운복사실에서 작업 후 중앙도서관으로 전달,
facility,facility:중앙도서관:ae79b31fca3aff15,floor:building:중앙도서관:지하,,중앙도서관,지하,,연속간행물실,자료실,연속간행물 자료 이용,
facility,facility:중앙도서관:3a59d4e0217a5255,floor:building:중앙도서관:지하,,중앙도서관,지하,,외국인 유학생 자료실,자료실,외국인 유학생 대상 자료 이용,
facility,facility:중앙도서관:cc4fa7de403f58dd,floor:building:중앙도서관:지하,,중앙도서관,지하,,학술정보 교육실,교육공간,학술정보 관련 교육,
facility,facility:중앙도서관:618f8388a7179cd6,floor:building:중앙도서관:지하,,중앙도서관,지하,,큰사랑 세미나실,세미나공간,세미나 및 모임 가능,
facility,facility:중앙도서관:37a7f13064d657f8,floor:building:중앙도서관:지하,,중앙도서관,지하,,보존서고,자료보관시설,보존 자료 보관,
facility,facility:중앙도서관:d38db0f7d26df38b,floor:building:중앙도서관:지하,,중앙도서관,지하,,소파,휴게공간,휴식 가능,
facility,facility:중앙도서관:c1919c89e3896e4d,floor:building:중앙도서관:지하,,중앙도서관,지하,,웨이브존,휴게·문화공간,휴식 및 문화 콘텐츠 이용,
facility,facility:중앙도서관:5193229ce61ab423,floor:building:중앙도서관:지하,,중앙도서관,지하,,생리대 자판기,편의시설,생리대 구매 가능,
facility,facility:중앙도서관:a35666a241e47916,floor:building:중앙도서관:지하,,중앙도서관,지하,,정수기,편의시설,음용수 이용 가능,
facility,facility:중앙도서관:ecef34a0d0e6f0a8,floor:building:중앙도서관:지하,,중앙도서관,지하,,사물함,편의시설,개인 물품 보관 가능,중앙도서관 사이트에서 신청
facility,facility:중앙도서관:cc923a68429cc87a,floor:building:중앙도서관:공통,,중앙도서관,공통,,음료 반입,이용안내,뚜껑이 있는 음료 반입 가능,테이크아웃 커피 가능
facility,facility:중앙도서관:b7b69e8d686000e2,floor:building:중앙도서관:공통,,중앙도서관,공통,,음식물 반입,이용안내,음료 외 음식물 반입 금지,
facility,facility:중앙도서관:14567c1e867acb35,floor:building:중앙도서관:2~3층,,중앙도서관,2~3층,,그룹학습실 이용시간,이용안내,평일 09:00~20:00 / 토요일 09:00~13:00,자료실 이용시간과 동일
facility,facility:중앙도서관:b48a1db8fc5e39ff,floor:building:중앙도서관:4층,,중앙도서관,4층,,그룹학습실 이용시간,이용안내,07:00~24:00,
facility,facility:중앙도서관:0a491ef3172a545f,floor:building:중앙도서관:2~4층,,중앙도서관,2~4층,,그룹학습실 예약,예약서비스,도서관 홈페이지 또는 모바일 앱에서 이용 호실과 시간 예약,예약시간 30분 전까지 예약 가능
facility,facility:중앙도서관:b6a22bd23e366e14,floor:building:중앙도서관:2~4층,,중앙도서관,2~4층,,그룹학습실 이용인원,이용안내,최소 이용인원을 충족해야 예약 가능,호실별 최소인원 상이
facility,facility:중앙도서관:1e5e7fcf2e96cbeb,floor:building:중앙도서관:2~4층,,중앙도서관,2~4층,,4인실,그룹학습공간,최소 2명부터 예약 가능,
facility,facility:중앙도서관:a771365726f868fd,floor:building:중앙도서관:2~4층,,중앙도서관,2~4층,,6인실,그룹학습공간,최소 2명부터 예약 가능,
facility,facility:중앙도서관:8a49261dc11cc827,floor:building:중앙도서관:2~4층,,중앙도서관,2~4층,,3인실,그룹학습공간,최소 3명부터 예약 가능,
facility,facility:중앙도서관:a44ca73a47677b32,floor:building:중앙도서관:2~4층,,중앙도서관,2~4층,,10인실,그룹학습공간,최소 4명부터 예약 가능,
facility,facility:중앙도서관:6b1e7b87e186dea7,floor:building:중앙도서관:2~4층,,중앙도서관,2~4층,,그룹학습실 키오스크 인증,이용서비스,예약 후 도서관 좌석발급기에서 예약 인증 필요,예약시간 10분 전~20분 후 인증 가능
facility,facility:중앙도서관:335b2f540b2c5269,floor:building:중앙도서관:2~4층,,중앙도서관,2~4층,,그룹학습실 예약내역 확인,이용서비스,좌석발급기에서 예약자 중 1명이 인증 후 예약 내역 확인,
facility,facility:중앙도서관:f8177f7994a0128b,floor:building:중앙도서관:2~4층,,중앙도서관,2~4층,,그룹학습실 노쇼 제재,이용안내,예약시간 내 미인증 시 예약부도 처리,예약자 전원 15일 이용 중지
facility,facility:중앙도서관:3294b3de875a184a,floor:building:중앙도서관:2~4층,,중앙도서관,2~4층,,그룹학습실 비밀번호,이용서비스,모바일 앱 '내자리' 또는 좌석발급기 좌석용지에서 확인,비밀번호 입력 후 입실
facility,facility:중앙도서관:d24228e21d915ae1,floor:building:중앙도서관:2~4층,,중앙도서관,2~4층,,그룹학습실 비밀번호 입력,이용안내,비밀번호는 숫자만 입력,
facility,facility:중앙도서관:3e1937cb676dc1c8,floor:building:중앙도서관:2~4층,,중앙도서관,2~4층,,그룹학습실 도어락,이용안내,비밀번호 3회 실패 또는 지정시간 이전 입력 시 자동 잠금,10분 후 재시도
facility,facility:중앙도서관:2f797ec6dff810c8,floor:building:중앙도서관:4층,,중앙도서관,4층,,복사실 운영시간,이용시간,14:00~17:00,
facility,facility:중앙도서관:baebcc3b6886bd81,floor:building:중앙도서관:4층,,중앙도서관,4층,,스캔,출력·복사서비스,문서 스캔 가능,
facility,facility:중앙도서관:881f42c87b629fa1,floor:building:중앙도서관:4층,,중앙도서관,4층,,분권,제본서비스,책 분권 작업 접수 가능,
facility,facility:중앙도서관:9b32fb242ea0290f,floor:building:중앙도서관:4층,,중앙도서관,4층,,책제본,제본서비스,책 제본 작업 접수 가능,
facility,facility:중앙도서관:72a9b31e1c25fb48,floor:building:중앙도서관:4층,,중앙도서관,4층,,논문제작,논문·제본서비스,논문 제작 접수 가능,
facility,facility:중앙도서관:2bee8db8f27425aa,floor:building:중앙도서관:4층,,중앙도서관,4층,,논문 양식 안내,논문지원서비스,전북대학교 대학원 학사운영규정에 따른 논문 양식 확인 지원,
facility,facility:중앙도서관:6705dd9065fc7919,floor:building:중앙도서관:4층,,중앙도서관,4층,,한글작성법 안내,논문지원서비스,논문 작성 관련 한글 작성법 확인 지원,문의 가능
facility,facility:중앙도서관:00144c5bbd205610,floor:building:중앙도서관:4층,,중앙도서관,4층,,논문 심사용 가제본,논문·제본서비스,논문 심사용 가제본 제작 가능,
facility,facility:중앙도서관:a00f8f91a4be8a12,floor:building:중앙도서관:4층,,중앙도서관,4층,,발표자료 제본,제본서비스,발표자료 제본 가능,
facility,facility:중앙도서관:224f4c992c9f58dd,floor:building:중앙도서관:4층,,중앙도서관,4층,,논문 표지 제작,논문·제본서비스,논문 표지 제작 가능,
facility,facility:중앙도서관:f11bfe54f80d8a30,floor:building:중앙도서관:4층,,중앙도서관,4층,,인준서 출력,논문지원서비스,논문 인준서 출력 가능,책자 제작 후 찍는 경우 제외
facility,facility:중앙도서관:f100ce59c7b64c18,floor:building:중앙도서관:4층,,중앙도서관,4층,,dCollection 서류 출력,논문지원서비스,저작권동의서·제출확인서 인쇄 가능,
facility,facility:중앙도서관:6c3a3025e19db4a8,floor:building:중앙도서관:4층,,중앙도서관,4층,,제출용 책자 제작,논문·제본서비스,학위논문 제출용 책자 제작 가능,
facility,facility:중앙도서관:27ec778583c699dc,floor:building:중앙도서관:4층,,중앙도서관,4층,,논문제작 문의,안내서비스,논문제작 및 제본 관련 문의 가능,010-6224-3080
facility,facility:중앙도서관:aa58e62a7cb3a140,floor:building:중앙도서관:4층,,중앙도서관,4층,,도서관 자치위원회실,학생지원시설,도서관 이용 관련 학생 지원,평일 16:00~18:00 운영
facility,facility:중앙도서관:c6ca2f2ea4297cfc,floor:building:중앙도서관:4층,,중앙도서관,4층,,우산 대여,대여서비스,비 오는 날 우산 대여 가능,도서관 자치위원회
facility,facility:중앙도서관:f3c81561ac4cfc53,floor:building:중앙도서관:4층,,중앙도서관,4층,,담요 대여,대여서비스,열람실이 추울 때 담요 대여 가능,도서관 자치위원회
facility,facility:중앙도서관:edd193d870db96e1,floor:building:중앙도서관:4층,,중앙도서관,4층,,충전기 대여,대여서비스,배터리가 부족할 때 충전기 대여 가능,도서관 자치위원회 / 3-in 케이블
facility,facility:중앙도서관:b8062f99cb9b5fae,floor:building:중앙도서관:4층,,중앙도서관,4층,,상비약 제공,편의·안전서비스,몸이 아플 때 상비약 제공,도서관 자치위원회 / 소화제·탁센·타이레놀
facility,facility:중앙도서관:d8b83764a393150d,floor:building:중앙도서관:4층,,중앙도서관,4층,,열람실 이용불편 신고,학생지원서비스,열람실 내 이용 불편 사항 신고 가능,도서관 자치위원회 카카오톡 채널
facility,facility:중앙도서관:984fa3e90d16cce9,floor:building:중앙도서관:4층,,중앙도서관,4층,,분실물 문의,학생지원서비스,분실물 관련 문의 가능,도서관 자치위원회 카카오톡 채널
facility,facility:중앙도서관:7dc0ce4a867d27f8,floor:building:중앙도서관:4층,,중앙도서관,4층,,시설고장 문의,학생지원서비스,시설 고장 신고 및 문의 가능,도서관 자치위원회 카카오톡 채널
facility,facility:중앙도서관:8d0f90140633859f,floor:building:중앙도서관:4층,,중앙도서관,4층,,소음 신고,학생지원서비스,소음 관련 신고 및 문의 가능,도서관 자치위원회 카카오톡 채널
facility,facility:중앙도서관:1c34a75e50e11dd6,floor:building:중앙도서관:4층,,중앙도서관,4층,,도서관 자치위원회 SNS,안내서비스,도서관 이용 관련 꿀정보 확인 가능,인스타그램 채널
facility,facility:중앙도서관:bca3f4fa627e59e0,floor:building:중앙도서관:4층,,중앙도서관,4층,,개인정보문서 출력 제한,출력서비스,토익성적표·일부 수험표·증명서 등 개인정보문서는 신용카드 단말기 프린트 미지원,중앙도서관 4층 복사카드 또는 학생타운 복사실에서 출력 가능
facility,facility:중앙도서관:8f83b1c94f605e98,floor:building:중앙도서관:4층,,중앙도서관,4층,,스프링 제본 3000원,제본서비스,A4/B5 스프링 제본,"3,000원 / 신학기 2주간 새책 할인가 적용 가능"
facility,facility:중앙도서관:a4c5fb5bba933212,floor:building:중앙도서관:4층,,중앙도서관,4층,,스프링 제본 4000원,제본서비스,A4/B5 스프링 제본,"4,000원 / 신학기 2주간 새책 할인가 적용 가능"
facility,facility:중앙도서관:24c2e396fd51f829,floor:building:중앙도서관:지하,,중앙도서관,지하,,세미나실,세미나공간,세미나 및 모임 가능,
facility,facility:중앙도서관:9f789b6bf8933547,floor:building:중앙도서관:2층,,중앙도서관,2층,,스마트·PC 테이블 이용시간,이용시간,평일 09:00~20:00 / 토요일 09:00~13:00,자료실 이용시간과 동일
facility,facility:중앙도서관:117a27ebc46765c8,floor:building:중앙도서관:2층,,중앙도서관,2층,,스마트·PC 테이블 모바일 발권,이용서비스,모바일 앱에서 스마트테이블 1·2 또는 PC테이블의 원하는 좌석 선택 후 발권,
facility,facility:중앙도서관:404ad55dc658ab9f,floor:building:중앙도서관:2층,,중앙도서관,2층,,스마트·PC 테이블 키오스크 발권,이용서비스,좌석발급기(키오스크)에서 스마트테이블 1·2 또는 PC테이블의 원하는 좌석 선택 후 발권,
facility,facility:중앙도서관:d33f1c4e483654c2,floor:building:중앙도서관:2층,,중앙도서관,2층,,스마트·PC 테이블 비밀번호 확인,이용서비스,모바일 앱 내자리 또는 좌석발급기 좌석용지에서 비밀번호 확인,
facility,facility:중앙도서관:f0e4880cff6d0154,floor:building:중앙도서관:2층,,중앙도서관,2층,,스마트·PC 테이블 자동 반납,이용안내,이용 중 도서관을 나간 뒤 90분 경과 시 자동 반납 처리,
facility,facility:중앙도서관:322f356349d42bba,floor:building:중앙도서관:2층,,중앙도서관,2층,,개인학습실 이용시간,이용시간,평일 09:00~20:00 / 토요일 09:00~13:00,자료실 이용시간과 동일
facility,facility:중앙도서관:16b5c8afbb3aea0f,floor:building:중앙도서관:2층,,중앙도서관,2층,,개인학습실 이용대상,이용안내,대학원생·시간강사·강의전담 교수 이용 가능,
facility,facility:중앙도서관:af7351f73d83a51e,floor:building:중앙도서관:2층,,중앙도서관,2층,,개인학습실 키오스크 인증,이용서비스,예약시간 내 좌석발급기(키오스크)에서 인증 후 예약 확인,
facility,facility:BLD-101:565266a476ec8082,floor:building:BLD-101:1층,BLD-101,학생타운,1층,,이세종열사 추모공간,추모·전시공간,"5.18민주화운동 최초 희생자 이세종열사 추모관. 연보, 의복, 부검확인서 등 전시",
facility,facility:BLD-101:d6157e7738ff8b01,floor:building:BLD-101:1층,BLD-101,학생타운,1층,,새마을금고,금융시설,"동전은 입금으로만 가능(교환불가, 금요일 오후 2~4시). 운영: 평일 09:00~16:00, 문의: 063-270-2149",113호 / ATM 2대
facility,facility:BLD-101:1fac3a34fba12dc0,floor:building:BLD-101:1층,BLD-101,학생타운,1층,,전북은행,금융시설,"내부 무더위쉼터 및 실내 오락기구(테이블 사커) 있음. 외국인 통역사 상주. 운영: 평일 09:00~16:00, 문의: 063-270-3644","101호 / ATM 4대(공과금 1, 출금 3)"
facility,facility:BLD-101:19c721c0aa4a0c7e,floor:building:BLD-101:1층,BLD-101,학생타운,1층,,안경점,상업·편의시설,"운영: 평일 08:30~18:00, 문의: 063-252-5591",105호
facility,facility:BLD-101:50b857d6b0e1a7f3,floor:building:BLD-101:1층,BLD-101,학생타운,1층,,커피점,카페·음료,"푸드&커피 취급. 운영: 학기중 평일 08:30~18:00 / 방학중 평일 09:00~18:00, 문의: 063-270-2152",111호
facility,facility:BLD-101:2c867f24beda05e3,floor:building:BLD-101:1층,BLD-101,학생타운,1층,,관리사무실,관리시설,외부에 택배 보관 불허(분실 시 책임지지 않음),
facility,facility:BLD-101:db67b8174ce70f0f,floor:building:BLD-101:1층,BLD-101,학생타운,1층,,우체국,우편·금융시설,"운영: 평일 09:00~18:00(당일발송 접수 16:55까지, 점심시간 12:30~13:30), 문의: 063-270-3643",109호 / 학생타운 내부에 우체국 365코너 ATM(통장정리기) 있음
facility,facility:BLD-101:22859db2ec35ca49,floor:building:BLD-101:1층,BLD-101,학생타운,1층,,미용실,상업·편의시설,"운영: 평일 09:30~18:00(둘째·넷째 토요일 정상운영), 문의: 063-272-3534",106호
facility,facility:BLD-101:178e75cee46758d8,floor:building:BLD-101:1층,BLD-101,학생타운,1층,,이용원,상업·편의시설,"운영: 평일 08:00~18:00 / 토요일 08:00~16:00, 문의: 063-270-2155",107호
facility,facility:BLD-101:2d511bb786019f49,floor:building:BLD-101:1층,BLD-101,학생타운,1층,,서점&문구 (호남문고),상업·편의시설,"교내 호남문고(서점, 문구, 기념품점 입점). 운영: 평일 08:00~19:00, 문의: 063-270-2170",102호
facility,facility:BLD-101:ad9cb31fd18ba1d0,floor:building:BLD-101:1층,BLD-101,학생타운,1층,,기념품점,상업·편의시설,"호남문고 내 위치. 바시티 자켓, 모자, 그립톡, 키링 등 판매. 운영: 학기 평일 08:30~18:30 / 방학 평일 11:00~15:00, 문의: 063-270-2151",102호
facility,facility:BLD-101:da66b4dac5689044,floor:building:BLD-101:1층,BLD-101,학생타운,1층,,편의점,상업·편의시설,생협협동조합 편의점. 24시간 운영. 문의: 063-270-2153,112호
facility,facility:BLD-101:8d3c29bb6725d0fe,floor:building:BLD-101:1층,BLD-101,학생타운,1층,,전북대학교신문사 배포함,안내·편의시설,교내 신문 자유 배포용 나무 상자,
facility,facility:BLD-101:104a8552500a354c,floor:building:BLD-101:1층,BLD-101,학생타운,1층,,증명서 발급용 PC,행정·편의시설,증명서 발급용 PC. 문의: 학사지원과 063-270-2094,
facility,facility:BLD-101:2e992b0bc3e97ee2,floor:building:BLD-101:1층,BLD-101,학생타운,1층,,복사실,출력·편의시설,"복사, 인쇄, 제본, 코팅, 물품 판매 등. 카톡(magiciv80)/전화(010-6224-3080) 예약 가능. 24시간 셀프 프린트 가능 / 대면운영: 평일 08:30~19:00",110호 / 비대면 수령 시 선입금 후 이름표 확인
facility,facility:BLD-101:20e1a636bf7abbf1,floor:building:BLD-101:1층,BLD-101,학생타운,1층,,흑백 인쇄/복사,출력서비스,"A4/B5 60원, B4 100원, A3 150원",복사실(110호)
facility,facility:BLD-101:338d1ea0e7dc0e62,floor:building:BLD-101:1층,BLD-101,학생타운,1층,,컬러 인쇄/복사,출력서비스,"A4/B5 200원 이상, A3/B4 1,000원 이상",복사실(110호)
facility,facility:BLD-101:1f6f3d5686dd22e7,floor:building:BLD-101:1층,BLD-101,학생타운,1층,,책 복사(스캔),제본서비스,"비절단: Page당 200원+인쇄비, 절단: Page당 100원+인쇄비 (공임비 포함)",복사실(110호)
facility,facility:BLD-101:d5d272430ada3a87,floor:building:BLD-101:1층,BLD-101,학생타운,1층,,스프링 제본,제본서비스,"A4/B5 3,000원, A3/B4 4,000원 (신학기 2주간 할인가 적용 가능)",복사실(110호)
facility,facility:BLD-101:fdadc768fe9202d9,floor:building:BLD-101:1층,BLD-101,학생타운,1층,,코팅,기타서비스,"A4 1,000원, A3 2,000원",복사실(110호)
facility,facility:BLD-101:4d0d916d33251033,floor:building:BLD-101:1층,BLD-101,학생타운,1층,,문구용품 구매,기타서비스,"A4 종이 4장 100원, 대봉투 150원, L자 파일 200원, 둥근 쫄대 파일 300원",복사실(110호)
facility,facility:BLD-101:91b2701e4e20baab,floor:building:BLD-101:2층,BLD-101,학생타운,2층,,동아리방-1,동아리공간,동아리 활동 공간,
facility,facility:BLD-101:899bcbdb23b82baa,floor:building:BLD-101:2층,BLD-101,학생타운,2층,,동아리방-2,동아리공간,동아리 활동 공간,
facility,facility:BLD-101:c2c94b18785803eb,floor:building:BLD-101:2층,BLD-101,학생타운,2층,,동아리방-3,동아리공간,동아리 활동 공간,
facility,facility:BLD-101:bbfa959c76459e66,floor:building:BLD-101:2층,BLD-101,학생타운,2층,,동아리방-4,동아리공간,동아리 활동 공간,
facility,facility:BLD-101:47dc21047fa36d77,floor:building:BLD-101:2층,BLD-101,학생타운,2층,,동아리방-5,동아리공간,동아리 활동 공간,
facility,facility:BLD-101:85bbdf7c7c4639ff,floor:building:BLD-101:2층,BLD-101,학생타운,2층,,동아리방-6,동아리공간,동아리 활동 공간,
facility,facility:BLD-101:f1a3060e611e604c,floor:building:BLD-101:2층,BLD-101,학생타운,2층,,동아리방-7,동아리공간,동아리 활동 공간,
facility,facility:BLD-101:dc6d4d9b2a419607,floor:building:BLD-101:2층,BLD-101,학생타운,2층,,동아리방-8,동아리공간,동아리 활동 공간,
facility,facility:BLD-101:a1c0b7981aae3b75,floor:building:BLD-101:2층,BLD-101,학생타운,2층,,동아리방-9,동아리공간,동아리 활동 공간,
facility,facility:BLD-101:49416757274c1646,floor:building:BLD-101:2층,BLD-101,학생타운,2층,,동아리방-10,동아리공간,동아리 활동 공간,
facility,facility:BLD-101:812543815263884d,floor:building:BLD-101:2층,BLD-101,학생타운,2층,,개별상담실-1,상담공간,개별 상담 공간,
facility,facility:BLD-101:ec05006d913b1673,floor:building:BLD-101:2층,BLD-101,학생타운,2층,,개별상담실-2,상담공간,개별 상담 공간,
facility,facility:BLD-101:60415d34b8816801,floor:building:BLD-101:2층,BLD-101,학생타운,2층,,개별상담실-3,상담공간,개별 상담 공간,
facility,facility:BLD-101:44cc46e77339e434,floor:building:BLD-101:2층,BLD-101,학생타운,2층,,방송국편성실,방송시설,,
facility,facility:BLD-101:099038b770e00428,floor:building:BLD-101:2층,BLD-101,학생타운,2층,,신문방송사 주간실 및 행정실,기관·행정시설,신문방송사 전용 쓰레기 분리장 있음. 문의: 063-270-3537,231호
facility,facility:BLD-101:3c1ec9a44c60d8d0,floor:building:BLD-101:2층,BLD-101,학생타운,2층,,영자신문사편집국,기관·행정시설,,
facility,facility:BLD-101:3bdd13e8fcf2c6fb,floor:building:BLD-101:2층,BLD-101,학생타운,2층,,대학신문사편집국,기관·행정시설,,
facility,facility:BLD-101:f5c4538a9cf07d58,floor:building:BLD-101:2층,BLD-101,학생타운,2층,,대학신문편집실,기관·행정시설,,
facility,facility:BLD-101:a51402c9d09718fc,floor:building:BLD-101:2층,BLD-101,학생타운,2층,,편집국장실,기관·행정시설,,
facility,facility:BLD-101:5fb819491caecef3,floor:building:BLD-101:2층,BLD-101,학생타운,2층,,신문방송사자료보관실,자료보관실,,
facility,facility:BLD-101:08fc064fc1bf720c,floor:building:BLD-101:2층,BLD-101,학생타운,2층,,방송국조정실,방송시설,,
facility,facility:BLD-101:9ad9372115e23f66,floor:building:BLD-101:2층,BLD-101,학생타운,2층,,스튜디오실,방송시설,,
facility,facility:BLD-101:785372f92e671b64,floor:building:BLD-101:2층,BLD-101,학생타운,2층,,방송국 글방 및 장비보관실,방송시설,,
facility,facility:BLD-101:8a55daced4feac3c,floor:building:BLD-101:2층,BLD-101,학생타운,2층,,방송국영상편집실,방송시설,,
facility,facility:BLD-101:92d7ba466f6e17f6,floor:building:BLD-101:2층,BLD-101,학생타운,2층,,취업진로지원사무실,기관·행정시설,문의: 063-270-4834,218호
facility,facility:BLD-101:682328a98239d6c2,floor:building:BLD-101:2층,BLD-101,학생타운,2층,,취업진로지원과장실,기관·행정시설,,
facility,facility:BLD-101:4cd1d56f358826cd,floor:building:BLD-101:2층,BLD-101,학생타운,2층,,취업진로지원회의실,회의공간,,
facility,facility:BLD-101:70b750c41741be41,floor:building:BLD-101:2층,BLD-101,학생타운,2층,,A.I.모의면접실,학습·취업지원시설,개인화된 면접 공간(6개 방) 및 AI 면접 코칭 시스템 제공. 면접복 대여 가능. 오아시스 시스템 예약 후 이용,220호 / 평일 09:00~18:00 (점심 12~13시 제외)
facility,facility:BLD-101:eb4e1669c77ef8ac,floor:building:BLD-101:2층,BLD-101,학생타운,2층,,소비자생활협동조합,기관·행정시설,문의: 063-270-2151,217호
facility,facility:BLD-101:dd529de010beb329,floor:building:BLD-101:2층,BLD-101,학생타운,2층,,집중심화교육프로그램실,교육시설,,
facility,facility:BLD-101:3f08f639bebcfd80,floor:building:BLD-101:2층,BLD-101,학생타운,2층,,전북대학교신문사 배포함,안내·편의시설,교내 신문 자유 배포용 나무 상자,
facility,facility:BLD-101:8eafc3f30fbb83ff,floor:building:BLD-101:3층,BLD-101,학생타운,3층,,방음동아리방-1,동아리공간,방음 시설이 된 동아리 활동 공간,
facility,facility:BLD-101:c507497a1f5da057,floor:building:BLD-101:3층,BLD-101,학생타운,3층,,방음동아리방-2,동아리공간,방음 시설이 된 동아리 활동 공간,
facility,facility:BLD-101:28ba88d877ca62b1,floor:building:BLD-101:3층,BLD-101,학생타운,3층,,방음동아리방-3,동아리공간,방음 시설이 된 동아리 활동 공간,
facility,facility:BLD-101:dd1a8b495e5fdd79,floor:building:BLD-101:3층,BLD-101,학생타운,3층,,방음동아리방-4,동아리공간,방음 시설이 된 동아리 활동 공간,
facility,facility:BLD-101:de9f59bc86c1745d,floor:building:BLD-101:3층,BLD-101,학생타운,3층,,방음동아리방-5,동아리공간,방음 시설이 된 동아리 활동 공간,
facility,facility:BLD-101:f36b69b5f1eccb5b,floor:building:BLD-101:3층,BLD-101,학생타운,3층,,방음동아리방-6,동아리공간,방음 시설이 된 동아리 활동 공간,
facility,facility:BLD-101:bdb69ec126a570b0,floor:building:BLD-101:3층,BLD-101,학생타운,3층,,방음동아리방-7,동아리공간,방음 시설이 된 동아리 활동 공간,
facility,facility:BLD-101:281d2eb8f1ad6181,floor:building:BLD-101:3층,BLD-101,학생타운,3층,,방음동아리방-8,동아리공간,방음 시설이 된 동아리 활동 공간,
facility,facility:BLD-101:b0058f712ba3d038,floor:building:BLD-101:3층,BLD-101,학생타운,3층,,방음동아리방-9,동아리공간,방음 시설이 된 동아리 활동 공간,
facility,facility:BLD-101:3e2e23cef0546c5b,floor:building:BLD-101:3층,BLD-101,학생타운,3층,,방음동아리방-10,동아리공간,방음 시설이 된 동아리 활동 공간,
facility,facility:BLD-101:3dce6bb232b3a004,floor:building:BLD-101:3층,BLD-101,학생타운,3층,,방음동아리방-11,동아리공간,방음 시설이 된 동아리 활동 공간,
facility,facility:BLD-101:86dba59f563b4d78,floor:building:BLD-101:3층,BLD-101,학생타운,3층,,방음동아리방-12,동아리공간,방음 시설이 된 동아리 활동 공간,
facility,facility:BLD-101:857cc78ff2b00745,floor:building:BLD-101:3층,BLD-101,학생타운,3층,,방음동아리방-13,동아리공간,방음 시설이 된 동아리 활동 공간,
facility,facility:BLD-101:289c63144eb838a2,floor:building:BLD-101:3층,BLD-101,학생타운,3층,,방음동아리방-14,동아리공간,방음 시설이 된 동아리 활동 공간,
facility,facility:BLD-101:5120207113af1064,floor:building:BLD-101:3층,BLD-101,학생타운,3층,,방음동아리방-15,동아리공간,방음 시설이 된 동아리 활동 공간,
facility,facility:BLD-101:42962c4e21015a14,floor:building:BLD-101:3층,BLD-101,학생타운,3층,,방음동아리방-16,동아리공간,방음 시설이 된 동아리 활동 공간,
facility,facility:BLD-101:1f2d65f004c9bdf4,floor:building:BLD-101:3층,BLD-101,학생타운,3층,,방음동아리방-17,동아리공간,방음 시설이 된 동아리 활동 공간,
facility,facility:BLD-101:37bbbce57a74369c,floor:building:BLD-101:3층,BLD-101,학생타운,3층,,방음동아리방-18,동아리공간,방음 시설이 된 동아리 활동 공간,
facility,facility:BLD-101:4620bf1ce3cf9325,floor:building:BLD-101:3층,BLD-101,학생타운,3층,,방음동아리방-19,동아리공간,방음 시설이 된 동아리 활동 공간,
facility,facility:BLD-101:3a92c63dd78d4048,floor:building:BLD-101:3층,BLD-101,학생타운,3층,,방음동아리방-20,동아리공간,방음 시설이 된 동아리 활동 공간,
facility,facility:BLD-101:525e533992b6d0a9,floor:building:BLD-101:3층,BLD-101,학생타운,3층,,방음동아리방-21,동아리공간,방음 시설이 된 동아리 활동 공간,
facility,facility:BLD-101:e103068206e065ce,floor:building:BLD-101:3층,BLD-101,학생타운,3층,,방음동아리방-22,동아리공간,방음 시설이 된 동아리 활동 공간,
facility,facility:BLD-101:19e98dfe2c098656,floor:building:BLD-101:3층,BLD-101,학생타운,3층,,방음동아리방-23,동아리공간,방음 시설이 된 동아리 활동 공간,
facility,facility:BLD-101:751ae9815ccd3074,floor:building:BLD-101:3층,BLD-101,학생타운,3층,,방음동아리방-24,동아리공간,방음 시설이 된 동아리 활동 공간,
facility,facility:BLD-101:51d4d7564514f165,floor:building:BLD-101:3층,BLD-101,학생타운,3층,,방음동아리방-25,동아리공간,방음 시설이 된 동아리 활동 공간,
facility,facility:BLD-101:9b5177c5779c0237,floor:building:BLD-101:3층,BLD-101,학생타운,3층,,방음동아리방-26,동아리공간,방음 시설이 된 동아리 활동 공간,
facility,facility:BLD-101:2184808707914a07,floor:building:BLD-101:3층,BLD-101,학생타운,3층,,방음동아리방-27,동아리공간,방음 시설이 된 동아리 활동 공간,
facility,facility:BLD-101:2100aef801912286,floor:building:BLD-101:3층,BLD-101,학생타운,3층,,방음동아리방-28,동아리공간,방음 시설이 된 동아리 활동 공간,
facility,facility:BLD-101:d7724942f235057b,floor:building:BLD-101:3층,BLD-101,학생타운,3층,,방음동아리방-29,동아리공간,방음 시설이 된 동아리 활동 공간,
facility,facility:BLD-101:5e59ca489fc61891,floor:building:BLD-101:3층,BLD-101,학생타운,3층,,방음동아리방-30,동아리공간,방음 시설이 된 동아리 활동 공간,
facility,facility:BLD-101:68382e7e407db1e8,floor:building:BLD-101:3층,BLD-101,학생타운,3층,,방음동아리방-31,동아리공간,방음 시설이 된 동아리 활동 공간,
facility,facility:BLD-101:8a4f2a6df312df44,floor:building:BLD-101:3층,BLD-101,학생타운,3층,,방음동아리방-32,동아리공간,방음 시설이 된 동아리 활동 공간,
facility,facility:BLD-101:24517b2740661093,floor:building:BLD-101:3층,BLD-101,학생타운,3층,,방음동아리방-33,동아리공간,방음 시설이 된 동아리 활동 공간,
facility,facility:BLD-101:086bcc979b6958b0,floor:building:BLD-101:3층,BLD-101,학생타운,3층,,방음동아리방-34,동아리공간,방음 시설이 된 동아리 활동 공간,
facility,facility:BLD-101:6af8f008485b583b,floor:building:BLD-101:3층,BLD-101,학생타운,3층,,방음동아리방-35,동아리공간,방음 시설이 된 동아리 활동 공간,
facility,facility:BLD-101:4bf942937c361f47,floor:building:BLD-101:3층,BLD-101,학생타운,3층,,방음동아리방-36,동아리공간,방음 시설이 된 동아리 활동 공간,
facility,facility:BLD-101:f31e22697973eae7,floor:building:BLD-101:3층,BLD-101,학생타운,3층,,방음동아리방-37,동아리공간,방음 시설이 된 동아리 활동 공간,
facility,facility:BLD-101:bb72355936826b2b,floor:building:BLD-101:3층,BLD-101,학생타운,3층,,총동아리연합회 물품보관실,보관시설,,
facility,facility:BLD-101:403c80dfd912fe12,floor:building:BLD-101:3층,BLD-101,학생타운,3층,,개별상담실-4,상담공간,개별 상담 공간,
facility,facility:BLD-101:5e53d73c92ee37e8,floor:building:BLD-101:3층,BLD-101,학생타운,3층,,외국인유학생회1,학생기구,,
facility,facility:BLD-101:4bdcc04a5f382213,floor:building:BLD-101:3층,BLD-101,학생타운,3층,,외국인유학생회2,학생기구,,
facility,facility:BLD-101:299a1fb30a9a0a82,floor:building:BLD-101:3층,BLD-101,학생타운,3층,,외국인유학생회3,학생기구,,
facility,facility:BLD-101:8da403146d33c437,floor:building:BLD-101:3층,BLD-101,학생타운,3층,,취업컨설팅센터,취업지원시설,,
facility,facility:BLD-101:8ead43d291bf7fee,floor:building:BLD-101:3층,BLD-101,학생타운,3층,,공유회의실4,회의공간,,
facility,facility:BLD-101:27290a3b7fe3db48,floor:building:BLD-101:3층,BLD-101,학생타운,3층,,보건진료소,보건의료시설,"전북대 학생 및 교직원 전용. 오전접수 09:20~11:40, 오후접수 13:20~17:30. 문의: 063-270-3522",338호
facility,facility:BLD-101:05c9999484821d44,floor:building:BLD-101:3층,BLD-101,학생타운,3층,,보건진료소장실,보건의료시설,,
facility,facility:BLD-101:7e5fdddca4da2cc0,floor:building:BLD-101:3층,BLD-101,학생타운,3층,,보건진료부속실,보건의료시설,,
facility,facility:BLD-101:e9187fb94902d380,floor:building:BLD-101:3층,BLD-101,학생타운,3층,,휴게공간,휴게공간,"원형/사각 탁자 및 의자, 창가 자리, 천장 에어컨 비치",보건진료소 옆
facility,facility:BLD-101:43d19b8558507698,floor:building:BLD-101:4층,BLD-101,학생타운,4층,,방음동아리-4,동아리공간,방음 시설이 된 동아리 활동 공간,
facility,facility:BLD-101:0906c658ebf2a125,floor:building:BLD-101:4층,BLD-101,학생타운,4층,,방음동아리-5,동아리공간,방음 시설이 된 동아리 활동 공간,
facility,facility:BLD-101:f79198f4e51e0100,floor:building:BLD-101:4층,BLD-101,학생타운,4층,,방음동아리-6,동아리공간,방음 시설이 된 동아리 활동 공간,
facility,facility:BLD-101:191b0a7e475901aa,floor:building:BLD-101:4층,BLD-101,학생타운,4층,,방음동아리-7,동아리공간,방음 시설이 된 동아리 활동 공간,
facility,facility:BLD-101:1df980e2fbed0db5,floor:building:BLD-101:4층,BLD-101,학생타운,4층,,방음동아리-8,동아리공간,방음 시설이 된 동아리 활동 공간,
facility,facility:BLD-101:1329c06cc58bdced,floor:building:BLD-101:4층,BLD-101,학생타운,4층,,소형연습실-1,연습공간,,
facility,facility:BLD-101:525f96f2cd4cd2f5,floor:building:BLD-101:4층,BLD-101,학생타운,4층,,소형연습실-2,연습공간,,
facility,facility:BLD-101:180e2f9cae3d307a,floor:building:BLD-101:4층,BLD-101,학생타운,4층,,소형연습실-3,연습공간,,
facility,facility:BLD-101:cb75326177551ebe,floor:building:BLD-101:4층,BLD-101,학생타운,4층,,대형연습실,연습공간,,
facility,facility:BLD-101:b02ceaa751a3d697,floor:building:BLD-101:4층,BLD-101,학생타운,4층,,강의실-1,강의실,,419호
facility,facility:BLD-101:a3fac5c89937a912,floor:building:BLD-101:4층,BLD-101,학생타운,4층,,강의실-2,강의실,,420호
facility,facility:BLD-101:fd0bf21a372a61e8,floor:building:BLD-101:4층,BLD-101,학생타운,4층,,공유회의실-8,회의공간,,
facility,facility:BLD-101:afe7fac5d39e47ec,floor:building:BLD-101:4층,BLD-101,학생타운,4층,,총동아리연합회 사무실,학생기구,문의: 063-270-2126,404호
facility,facility:BLD-101:0a67a7a95972e873,floor:building:BLD-101:4층,BLD-101,학생타운,4층,,총동아리연합회 화장실,편의시설,,
facility,facility:BLD-101:0f015ac2cede912e,floor:building:BLD-101:4층,BLD-101,학생타운,4층,,총동아리연합회 회의실,회의공간,,
facility,facility:BLD-101:288216516718b2a6,floor:building:BLD-101:4층,BLD-101,학생타운,4층,,총학생회 민원실,학생기구,문의: 063-270-3637,416호
facility,facility:BLD-101:b003c421ec9de165,floor:building:BLD-101:4층,BLD-101,학생타운,4층,,총학생회 회장실,학생기구,,
facility,facility:BLD-101:5a7e29c60a81d330,floor:building:BLD-101:4층,BLD-101,학생타운,4층,,총학생회 회의실,회의공간,,
facility,facility:BLD-101:0fc32386767405cd,floor:building:BLD-101:4층,BLD-101,학생타운,4층,,민주강당,강당,"대형 스크린, 발표용 마이크, 다수 좌석 구비",401호
facility,facility:BLD-101:949d825fd8745b5c,floor:building:BLD-101:4층,BLD-101,학생타운,4층,,준비실 / 창고,기타시설,,
facility,facility:BLD-101:486c33d75946f804,floor:building:BLD-101:4층,BLD-101,학생타운,4층,,남자 탈의실 및 샤워실,편의시설,,
facility,facility:BLD-101:a1227483c9d8f5c1,floor:building:BLD-101:4층,BLD-101,학생타운,4층,,여자 탈의실 및 샤워실,편의시설,,
facility,facility:BLD-101:5df019929df129df,floor:building:BLD-101:4층,BLD-101,학생타운,4층,,정수기,편의시설,음용수 이용 가능,
facility,facility:BLD-101:5500b19fe2d62e81,floor:building:BLD-101:4층,BLD-101,학생타운,4층,,휴게공간,휴게공간,"탁자, 의자 비치",수량 2곳
