{"type": "FeatureCollection", "name": "JBNU current visible path layers", "crs": {"type": "name", "properties": {"name": "urn:ogc:def:crs:OGC:1.3:CRS84"}}, "attribution": ["Road centerlines: NGII continuous digital topographic map", "Campus roads and paths: \u00a9 OpenStreetMap contributors, ODbL 1.0", "Manual edits: JBNU alley maker workfile"], "source_counts": {"public_road_centerline": 1084, "openstreetmap_campus_paths": 1298, "jbnu_manual_workfile": 120}, "features": [{"type": "Feature", "id": "osm-way-33512613", "properties": {"osm_id": 33512613, "highway": "residential", "name": "\ub4e4\uc0ac\ud3c93\uae38", "foot": null, "access": null, "surface": null, "source": "OpenStreetMap contributors", "source_layer": "openstreetmap_campus_paths"}, "geometry": {"type": "LineString", "coordinates": [[127.1215624, 35.8414326], [127.1221503, 35.8409969], [127.1226812, 35.8406083], [127.1231979, 35.8402533], [127.1235874, 35.8399771], [127.1240195, 35.8396745]]}}, {"type": "Feature", "id": "osm-way-33512619", "properties": {"osm_id": 33512619, "highway": "residential", "name": "\ub4e4\uc0ac\ud3c94\uae38", "foot": null, "access": null, "surface": null, "source": "OpenStreetMap contributors", "source_layer": "openstreetmap_campus_paths"}, "geometry": {"type": "LineString", "coordinates": [[127.123608, 35.8414601], [127.1241011, 35.8410935], [127.1244955, 35.8408157], [127.1250642, 35.8404344]]}}, {"type": "Feature", "id": "osm-way-34383265", "properties": {"osm_id": 34383265, "highway": "tertiary_link", "name": "\uac74\uc9c0\uc0b0\ub85c", "foot": null, "access": null, "surface": null, "source": "OpenStreetMap contributors", "source_layer": "openstreetmap_campus_paths"}, "geometry": {"type": "LineString", "coordinates": [[127.1339148, 35.8510458], [127.1337308, 35.8511367], [127.1335318, 35.851215], [127.13343265, 35.851311100000004], [127.1333609, 35.851395800000006], [127.13331213333333, 35.851484766666665], [127.1332547, 35.8515647], [127.1332488, 35.85170675], [127.1332236, 35.8518956], [127.1331214, 35.851961]]}}, {"type": "Feature", "id": "osm-way-34416362", "properties": {"osm_id": 34416362, "highway": "residential", "name": "\ub355\uc9c4\uad11\uc7a5\ub85c", "foot": null, "access": null, "surface": null, "source": "OpenStreetMap contributors", "source_layer": "openstreetmap_campus_paths"}, "geometry": {"type": "LineString", "coordinates": [[127.1236577, 35.843929], [127.1237249, 35.843999], [127.1238656, 35.8441203], [127.124316475, 35.844473074999996], [127.1243697, 35.8445534], [127.124593, 35.8444064]]}}, {"type": "Feature", "id": "osm-way-34485852", "properties": {"osm_id": 34485852, "highway": "residential", "name": "\uba85\ub95c4\uae38", "foot": null, "access": null, "surface": null, "source": "OpenStreetMap contributors", "source_layer": "openstreetmap_campus_paths"}, "geometry": {"type": "LineString", "coordinates": [[127.1260544, 35.8421678], [127.126142675, 35.8422259], [127.12614883333333, 35.842302700000005], [127.1262117, 35.842418], [127.1263325, 35.8426146], [127.1264125, 35.8426422], [127.1265056, 35.8427679], [127.1264882, 35.8428251], [127.1265588, 35.8429618], [127.1266871, 35.8431129], [127.1267438, 35.8431355], [127.1267976, 35.8432135], [127.126836, 35.8433223], [127.1268813, 35.8433994], [127.1269686, 35.8434774], [127.1270098, 35.8435271], [127.1270774, 35.843626], [127.1270914, 35.84370413333333], [127.127156, 35.8437428], [127.1272732, 35.8438632], [127.127384, 35.8439854], [127.1274629, 35.8440787]]}}, {"type": "Feature", "id": "osm-way-35344193", "properties": {"osm_id": 35344193, "highway": "tertiary", "name": "\uc0ac\ud3c9\ub85c", "foot": null, "access": null, "surface": "asphalt", "source": "OpenStreetMap contributors", "source_layer": "openstreetmap_campus_paths"}, "geometry": {"type": "LineString", "coordinates": [[127.12061673582419, 35.840607774945525], [127.1215624, 35.8414326], [127.1224485, 35.8422744], [127.1229576, 35.8427511], [127.123341025, 35.84314175]]}}, {"type": "Feature", "id": "osm-way-35358404", "properties": {"osm_id": 35358404, "highway": "residential", "name": "\ucc3d\ud3ec\uae38", "foot": null, "access": null, "surface": "asphalt", "source": "OpenStreetMap contributors", "source_layer": "openstreetmap_campus_paths"}, "geometry": {"type": "LineString", "coordinates": [[127.1281108, 35.8499884], [127.1282068, 35.849976], [127.1282857, 35.8500308], [127.1290288, 35.8507396], [127.1296278, 35.8512949], [127.1298283, 35.851485], [127.1300227, 35.8515592], [127.1300158, 35.851606200000006]]}}, {"type": "Feature", "id": "osm-way-35542167", "properties": {"osm_id": 35542167, "highway": "service", "name": "\ub18d\uc0dd\uba85\ub85c(\ub179\ub450\ub85c)", "foot": null, "access": null, "surface": null, "source": "OpenStreetMap contributors", "source_layer": "openstreetmap_campus_paths"}, "geometry": {"type": "LineString", "coordinates": [[127.1346437, 35.8482653], [127.13456400726129, 35.8482874456243], [127.1341445, 35.848472], [127.1338672888889, 35.848539772222225], [127.1330956, 35.8486688], [127.1330273, 35.84864936666666], [127.1323162160507, 35.84873192955699], [127.13178279648169, 35.84877131956918], [127.1312433, 35.8488578], [127.1309615, 35.848857], [127.1307116, 35.84881075], [127.130639, 35.8487367], [127.13050153333334, 35.8485217], [127.130514225, 35.848456025000004], [127.130247, 35.8479081], [127.130186775, 35.847856725], [127.1301824, 35.8477295]]}}, {"type": "Feature", "id": "osm-way-35542168", "properties": {"osm_id": 35542168, "highway": "service", "name": "\uac74\uc9c0\ub300\ub85c", "foot": null, "access": null, "surface": null, "source": "OpenStreetMap contributors", "source_layer": "openstreetmap_campus_paths"}, "geometry": {"type": "LineString", "coordinates": [[127.1317688, 35.841285799999994], [127.1314553, 35.8420806], [127.1314106, 35.8422035], [127.1313416, 35.8424024], [127.1313119, 35.8424653], [127.1311548, 35.842893], [127.130997, 35.8432794], [127.1309569, 35.8433777], [127.1308866, 35.8434228]]}}, {"type": "Feature", "id": "osm-way-35542169", "properties": {"osm_id": 35542169, "highway": "service", "name": "\uc911\ub3c4\ub85c", "foot": null, "access": null, "surface": null, "source": "OpenStreetMap contributors", "source_layer": "openstreetmap_campus_paths"}, "geometry": {"type": "LineString", "coordinates": [[127.1349176, 35.8479338], [127.1347721, 35.8479293], [127.1346827, 35.8479257], [127.13445678291794, 35.84793136738579], [127.1343209, 35.8479112], [127.1342544, 35.8479082], [127.1339497, 35.8478943], [127.1337151, 35.8478825], [127.1335798, 35.8478756], [127.1332586, 35.8478511], [127.1331558, 35.8478551], [127.1330459, 35.8478504], [127.1325847, 35.8478308], [127.13252509, 35.84778197], [127.1323105, 35.8478117], [127.1320633, 35.847799], [127.1317709, 35.847789], [127.1317007, 35.8477801], [127.1314788, 35.8477758], [127.1313553, 35.8477761], [127.1310416, 35.8477694], [127.130722575, 35.84776265000001], [127.1302789, 35.8477347], [127.1301824, 35.8477295]]}}, {"type": "Feature", "id": "osm-way-35542170", "properties": {"osm_id": 35542170, "highway": "service", "name": null, "foot": null, "access": null, "surface": null, "source": "OpenStreetMap contributors", "source_layer": "openstreetmap_campus_paths"}, "geometry": {"type": "LineString", "coordinates": [[127.13546013333332, 35.846863066666664], [127.1360197, 35.8470002], [127.1362669, 35.8470608], [127.1359811, 35.8478824], [127.1359451, 35.847961749999996]]}}, {"type": "Feature", "id": "osm-way-35542175", "properties": {"osm_id": 35542175, "highway": "pedestrian", "name": "\uc790\uc720\ub85c", "foot": null, "access": null, "surface": null, "source": "OpenStreetMap contributors", "source_layer": "openstreetmap_campus_paths"}, "geometry": {"type": "LineString", "coordinates": [[127.1280478, 35.8449253], [127.1278278, 35.8446294], [127.1276454, 35.8443783], [127.1275401, 35.8442247], [127.1275089, 35.8441754], [127.1274629, 35.8440787]]}}, {"type": "Feature", "id": "osm-way-35542178", "properties": {"osm_id": 35542178, "highway": "service", "name": null, "foot": null, "access": null, "surface": null, "source": "OpenStreetMap contributors", "source_layer": "openstreetmap_campus_paths"}, "geometry": {"type": "LineString", "coordinates": [[127.1318837, 35.845653], [127.1318752, 35.8455764], [127.1319637, 35.8452155], [127.1320914, 35.8451514]]}}, {"type": "Feature", "id": "osm-way-35798572", "properties": {"osm_id": 35798572, "highway": "living_street", "name": null, "foot": null, "access": null, "surface": null, "source": "OpenStreetMap contributors", "source_layer": "openstreetmap_campus_paths"}, "geometry": {"type": "LineString", "coordinates": [[127.1215621, 35.8449839], [127.1218059, 35.8445842], [127.1221047, 35.8441097], [127.1221688, 35.8440115], [127.122305, 35.8439067], [127.1225794, 35.8437039], [127.1227678, 35.8435732], [127.123341025, 35.84314175]]}}, {"type": "Feature", "id": "osm-way-35798656", "properties": {"osm_id": 35798656, "highway": "residential", "name": "\ub4e4\uc0ac\ud3c93\uae38", "foot": null, "access": null, "surface": null, "source": "OpenStreetMap contributors", "source_layer": "openstreetmap_campus_paths"}, "geometry": {"type": "LineString", "coordinates": [[127.1226812, 35.8406083], [127.12274847592346, 35.840669637587645], [127.1232148, 35.8410948]]}}, {"type": "Feature", "id": "osm-way-35798657", "properties": {"osm_id": 35798657, "highway": "living_street", "name": "\ub4e4\uc0ac\ud3c93\uae38", "foot": null, "access": null, "surface": null, "source": "OpenStreetMap contributors", "source_layer": "openstreetmap_campus_paths"}, "geometry": {"type": "LineString", "coordinates": [[127.1241153, 35.8404532], [127.1235874, 35.8399771], [127.1231022, 35.8395023]]}}, {"type": "Feature", "id": "osm-way-35798658", "properties": {"osm_id": 35798658, "highway": "living_street", "name": null, "foot": null, "access": null, "surface": null, "source": "OpenStreetMap contributors", "source_layer": "openstreetmap_campus_paths"}, "geometry": {"type": "LineString", "coordinates": [[127.1250988, 35.8448803], [127.1250025, 35.84489405], [127.1247997, 35.8450682], [127.1240098, 35.8455753], [127.12392700419284, 35.84561823299331], [127.1228394, 35.8461822], [127.12198472857554, 35.84656802644489], [127.1219663, 35.8466462]]}}, {"type": "Feature", "id": "osm-way-35798660", "properties": {"osm_id": 35798660, "highway": "living_street", "name": null, "foot": null, "access": null, "surface": null, "source": "OpenStreetMap contributors", "source_layer": "openstreetmap_campus_paths"}, "geometry": {"type": "LineString", "coordinates": [[127.1240098, 35.8455753], [127.1235222, 35.845094], [127.12296791454735, 35.84454962827687], [127.12289584977145, 35.84447992801944]]}}, {"type": "Feature", "id": "osm-way-36222906", "properties": {"osm_id": 36222906, "highway": "living_street", "name": "\uba85\ub95c5\uae38", "foot": null, "access": null, "surface": null, "source": "OpenStreetMap contributors", "source_layer": "openstreetmap_campus_paths"}, "geometry": {"type": "LineString", "coordinates": [[127.1249676, 35.8429223], [127.1250532, 35.8430086], [127.1254541, 35.8435321], [127.1257954, 35.8439796], [127.1260266, 35.8443172], [127.1263882, 35.8447073], [127.1264151, 35.8447827]]}}, {"type": "Feature", "id": "osm-way-36222914", "properties": {"osm_id": 36222914, "highway": "living_street", "name": "\uba85\ub95c2\uae38", "foot": null, "access": null, "surface": null, "source": "OpenStreetMap contributors", "source_layer": "openstreetmap_campus_paths"}, "geometry": {"type": "LineString", "coordinates": [[127.1286607, 35.841609], [127.1291152, 35.8411627]]}}, {"type": "Feature", "id": "osm-way-36222916", "properties": {"osm_id": 36222916, "highway": "living_street", "name": "\uba85\ub95c3\uae38", "foot": null, "access": null, "surface": null, "source": "OpenStreetMap contributors", "source_layer": "openstreetmap_campus_paths"}, "geometry": {"type": "LineString", "coordinates": [[127.1279844, 35.8420035], [127.1274552, 35.8422774], [127.1265056, 35.8427679]]}}, {"type": "Feature", "id": "osm-way-36222917", "properties": {"osm_id": 36222917, "highway": "living_street", "name": "\uba85\ub95c1\uae38", "foot": null, "access": null, "surface": null, "source": "OpenStreetMap contributors", "source_layer": "openstreetmap_campus_paths"}, "geometry": {"type": "LineString", "coordinates": [[127.1297867, 35.8409372], [127.1295518, 35.8407713], [127.1288459, 35.8402484], [127.1287428, 35.8401683]]}}, {"type": "Feature", "id": "osm-way-36222918", "properties": {"osm_id": 36222918, "highway": "living_street", "name": "\uba85\ub95c1\uae38", "foot": null, "access": null, "surface": null, "source": "OpenStreetMap contributors", "source_layer": "openstreetmap_campus_paths"}, "geometry": {"type": "LineString", "coordinates": [[127.1295774, 35.8411871], [127.1305691, 35.8417402], [127.1306461, 35.8417809]]}}, {"type": "Feature", "id": "osm-way-36508595", "properties": {"osm_id": 36508595, "highway": "service", "name": "\uc608\uc220\ub85c", "foot": null, "access": null, "surface": null, "source": "OpenStreetMap contributors", "source_layer": "openstreetmap_campus_paths"}, "geometry": {"type": "LineString", "coordinates": [[127.1287092, 35.8487718], [127.1289303, 35.8483512], [127.128982, 35.8482528], [127.1293615, 35.8475193]]}}, {"type": "Feature", "id": "osm-way-36731107", "properties": {"osm_id": 36731107, "highway": "tertiary_link", "name": "\uc870\uacbd\ub2e8\ub85c", "foot": null, "access": null, "surface": null, "source": "OpenStreetMap contributors", "source_layer": "openstreetmap_campus_paths"}, "geometry": {"type": "LineString", "coordinates": [[127.1331214, 35.851961], [127.1330339, 35.8519005], [127.1329523, 35.851781], [127.1328205, 35.8516821], [127.1326738, 35.851589966666666], [127.1325892, 35.851582], [127.1324488, 35.8515608], [127.1322483, 35.8515602], [127.1322275, 35.8515121]]}}, {"type": "Feature", "id": "osm-way-36768810", "properties": {"osm_id": 36768810, "highway": "tertiary_link", "name": null, "foot": null, "access": null, "surface": "asphalt", "source": "OpenStreetMap contributors", "source_layer": "openstreetmap_campus_paths"}, "geometry": {"type": "LineString", "coordinates": [[127.1395593, 35.8428024], [127.1395268, 35.8428794], [127.1394301, 35.8428525], [127.13924670000002, 35.8428897], [127.1391021, 35.8429526], [127.1390294, 35.8429474]]}}, {"type": "Feature", "id": "osm-way-36768811", "properties": {"osm_id": 36768811, "highway": "tertiary", "name": "\uc870\uacbd\ub2e8\ub85c", "foot": null, "access": null, "surface": "asphalt", "source": "OpenStreetMap contributors", "source_layer": "openstreetmap_campus_paths"}, "geometry": {"type": "LineString", "coordinates": [[127.1366189, 35.8357987], [127.136997, 35.8363377], [127.1373777, 35.8368937], [127.1375227, 35.837129], [127.1377295, 35.837568], [127.1380322, 35.8384367], [127.1382686, 35.839195], [127.1383013, 35.8393096], [127.1384675, 35.8398499], [127.138811, 35.8409216], [127.1389707, 35.8414596], [127.1390011, 35.8415471], [127.13903885541312, 35.841662458227944], [127.1390769, 35.8417787], [127.1391109, 35.8419092], [127.1391652, 35.8421177]]}}, {"type": "Feature", "id": "osm-way-36768812", "properties": {"osm_id": 36768812, "highway": "tertiary_link", "name": null, "foot": null, "access": null, "surface": "asphalt", "source": "OpenStreetMap contributors", "source_layer": "openstreetmap_campus_paths"}, "geometry": {"type": "LineString", "coordinates": [[127.1391652, 35.8421177], [127.1393132, 35.8423753], [127.13934503333333, 35.8424682], [127.1394201, 35.8425198], [127.1395171, 35.8425755], [127.1394827, 35.8426493]]}}, {"type": "Feature", "id": "osm-way-36768813", "properties": {"osm_id": 36768813, "highway": "tertiary_link", "name": null, "foot": null, "access": null, "surface": "asphalt", "source": "OpenStreetMap contributors", "source_layer": "openstreetmap_campus_paths"}, "geometry": {"type": "LineString", "coordinates": [[127.1389253, 35.842908800000004], [127.13886756666666, 35.842751566666664], [127.1386574, 35.8426182], [127.1386952, 35.8425424]]}}, {"type": "Feature", "id": "osm-way-36806301", "properties": {"osm_id": 36806301, "highway": "residential", "name": "\ub9e4\ubd096\uae38", "foot": null, "access": null, "surface": null, "source": "OpenStreetMap contributors", "source_layer": "openstreetmap_campus_paths"}, "geometry": {"type": "LineString", "coordinates": [[127.1394628, 35.8407986], [127.1393348, 35.8404257]]}}, {"type": "Feature", "id": "osm-way-36806303", "properties": {"osm_id": 36806303, "highway": "residential", "name": "\ub9e4\ubd098\uae38", "foot": null, "access": null, "surface": null, "source": "OpenStreetMap contributors", "source_layer": "openstreetmap_campus_paths"}, "geometry": {"type": "LineString", "coordinates": [[127.1396698, 35.840346], [127.139899, 35.8398804]]}}, {"type": "Feature", "id": "osm-way-36806306", "properties": {"osm_id": 36806306, "highway": "living_street", "name": "\ub9e4\ubd096\uae38", "foot": null, "access": null, "surface": null, "source": "OpenStreetMap contributors", "source_layer": "openstreetmap_campus_paths"}, "geometry": {"type": "LineString", "coordinates": [[127.1390011, 35.8415471], [127.1390769, 35.8415313], [127.1392423, 35.8415099], [127.1395582, 35.8414009], [127.1398403, 35.8412998], [127.1400406, 35.8412086], [127.1401397235207, 35.84102030321642]]}}, {"type": "Feature", "id": "osm-way-36806308", "properties": {"osm_id": 36806308, "highway": "living_street", "name": "\ub9e4\ubd094\uae38", "foot": null, "access": null, "surface": null, "source": "OpenStreetMap contributors", "source_layer": "openstreetmap_campus_paths"}, "geometry": {"type": "LineString", "coordinates": [[127.1395093, 35.8419911], [127.1398067, 35.8418778], [127.14006557206659, 35.841779361574126], [127.1405245, 35.8416479], [127.1407894, 35.8417183]]}}, {"type": "Feature", "id": "osm-way-36806309", "properties": {"osm_id": 36806309, "highway": "living_street", "name": "\ub9e4\ubd092\uae38", "foot": null, "access": null, "surface": null, "source": "OpenStreetMap contributors", "source_layer": "openstreetmap_campus_paths"}, "geometry": {"type": "LineString", "coordinates": [[127.1392423, 35.8415099], [127.1395093, 35.8419911], [127.1396972, 35.8423509], [127.140259, 35.8421275], [127.1404983, 35.8420383]]}}, {"type": "Feature", "id": "osm-way-36811103", "properties": {"osm_id": 36811103, "highway": "track", "name": null, "foot": null, "access": null, "surface": null, "source": "OpenStreetMap contributors", "source_layer": "openstreetmap_campus_paths"}, "geometry": {"type": "LineString", "coordinates": [[127.1296574, 35.8495388], [127.1303424, 35.849964], [127.1312321, 35.8505583], [127.1322251, 35.8512232], [127.1323266, 35.8511273], [127.1325351, 35.8509796], [127.1326973, 35.8508416], [127.1332386, 35.8507157], [127.1335345, 35.8506137], [127.1337157, 35.8505068], [127.1341616, 35.8503654], [127.1342919, 35.8500424], [127.1345559, 35.849458]]}}, {"type": "Feature", "id": "osm-way-36813784", "properties": {"osm_id": 36813784, "highway": "living_street", "name": "\uc0bc\uc1a15\uae38", "foot": null, "access": null, "surface": null, "source": "OpenStreetMap contributors", "source_layer": "openstreetmap_campus_paths"}, "geometry": {"type": "LineString", "coordinates": [[127.1359889, 35.843038], [127.136718, 35.8432283], [127.1378841, 35.8435829], [127.1384753, 35.8437451], [127.1385554, 35.8437754], [127.1386411, 35.8437968]]}}, {"type": "Feature", "id": "osm-way-36813789", "properties": {"osm_id": 36813789, "highway": "living_street", "name": "\uac74\uc9c01\uae38", "foot": null, "access": null, "surface": null, "source": "OpenStreetMap contributors", "source_layer": "openstreetmap_campus_paths"}, "geometry": {"type": "LineString", "coordinates": [[127.1397183, 35.8441148], [127.1399223, 35.8436633], [127.140159822767, 35.84312010587645], [127.14013480828372, 35.84317731184664], [127.14019091435489, 35.84300421126387]]}}, {"type": "Feature", "id": "osm-way-36813790", "properties": {"osm_id": 36813790, "highway": "living_street", "name": "\uc0bc\uc1a13\uae38", "foot": null, "access": null, "surface": null, "source": "OpenStreetMap contributors", "source_layer": "openstreetmap_campus_paths"}, "geometry": {"type": "LineString", "coordinates": [[127.1365294, 35.8436551], [127.1359889, 35.843038], [127.1357039, 35.8427298], [127.1353825, 35.8423885], [127.1352758, 35.8422922], [127.1350845, 35.842132], [127.1345178, 35.841582]]}}, {"type": "Feature", "id": "osm-way-36813792", "properties": {"osm_id": 36813792, "highway": "living_street", "name": null, "foot": null, "access": null, "surface": null, "source": "OpenStreetMap contributors", "source_layer": "openstreetmap_campus_paths"}, "geometry": {"type": "LineString", "coordinates": [[127.1328345, 35.8416162], [127.13354013333333, 35.84113176666667], [127.1336638, 35.8410495]]}}, {"type": "Feature", "id": "osm-way-36813793", "properties": {"osm_id": 36813793, "highway": "living_street", "name": "\uc0bc\uc1a11\uae38", "foot": null, "access": null, "surface": null, "source": "OpenStreetMap contributors", "source_layer": "openstreetmap_campus_paths"}, "geometry": {"type": "LineString", "coordinates": [[127.1327966, 35.8407865], [127.13278, 35.8409034], [127.13269044116616, 35.84153406816774], [127.1328345, 35.8416162], [127.1335113, 35.8421385], [127.133835, 35.84238675], [127.1341509, 35.8425699], [127.1347238, 35.8429017], [127.1348253, 35.8429165]]}}, {"type": "Feature", "id": "osm-way-36813794", "properties": {"osm_id": 36813794, "highway": "living_street", "name": "\uc0bc\uc1a13\uae38", "foot": null, "access": null, "surface": null, "source": "OpenStreetMap contributors", "source_layer": "openstreetmap_campus_paths"}, "geometry": {"type": "LineString", "coordinates": [[127.1365294, 35.8436551], [127.1365215, 35.844014], [127.1371116, 35.84427355], [127.1373797, 35.8439551]]}}, {"type": "Feature", "id": "osm-way-36813795", "properties": {"osm_id": 36813795, "highway": "living_street", "name": "\uae08\uc5543\uae38", "foot": null, "access": null, "surface": null, "source": "OpenStreetMap contributors", "source_layer": "openstreetmap_campus_paths"}, "geometry": {"type": "LineString", "coordinates": [[127.1359559, 35.8415958], [127.1361599, 35.8410966], [127.1362997, 35.8407119]]}}, {"type": "Feature", "id": "osm-way-36813796", "properties": {"osm_id": 36813796, "highway": "living_street", "name": "\uc0bc\uc1a15\uae38", "foot": null, "access": null, "surface": null, "source": "OpenStreetMap contributors", "source_layer": "openstreetmap_campus_paths"}, "geometry": {"type": "LineString", "coordinates": [[127.136718, 35.8432283], [127.1368754, 35.8427551], [127.13714110000001, 35.8422176], [127.1371944, 35.8421058]]}}, {"type": "Feature", "id": "osm-way-36813797", "properties": {"osm_id": 36813797, "highway": "living_street", "name": "\ubc31\uc81c\ub300\ub85c", "foot": null, "access": null, "surface": null, "source": "OpenStreetMap contributors", "source_layer": "openstreetmap_campus_paths"}, "geometry": {"type": "LineString", "coordinates": [[127.1376593, 35.8429883], [127.13785293999999, 35.84242972], [127.1379344, 35.8423239]]}}, {"type": "Feature", "id": "osm-way-36813798", "properties": {"osm_id": 36813798, "highway": "living_street", "name": "\uae08\uc5541\uae38", "foot": null, "access": null, "surface": null, "source": "OpenStreetMap contributors", "source_layer": "openstreetmap_campus_paths"}, "geometry": {"type": "LineString", "coordinates": [[127.134317, 35.8394381], [127.1344581, 35.8392572], [127.13473766029017, 35.83884990308828], [127.1348295, 35.8387161], [127.13502, 35.8385993], [127.135191, 35.8385331], [127.1361501, 35.8382077]]}}, {"type": "Feature", "id": "osm-way-36813799", "properties": {"osm_id": 36813799, "highway": "living_street", "name": "\uae08\uc5542\uae38", "foot": null, "access": null, "surface": null, "source": "OpenStreetMap contributors", "source_layer": "openstreetmap_campus_paths"}, "geometry": {"type": "LineString", "coordinates": [[127.1343426, 35.8411099], [127.1344945, 35.8407356], [127.1343936, 35.8401578], [127.1341687, 35.8395691], [127.1341722, 35.8394633], [127.1340245, 35.8391769], [127.13388045202262, 35.838978514596974], [127.1337032, 35.8387344]]}}, {"type": "Feature", "id": "osm-way-36813800", "properties": {"osm_id": 36813800, "highway": "living_street", "name": null, "foot": null, "access": null, "surface": null, "source": "OpenStreetMap contributors", "source_layer": "openstreetmap_campus_paths"}, "geometry": {"type": "LineString", "coordinates": [[127.1348335, 35.8402556], [127.134558, 35.8406181], [127.1344945, 35.8407356]]}}, {"type": "Feature", "id": "osm-way-36813801", "properties": {"osm_id": 36813801, "highway": "living_street", "name": "\uae08\uc5542\uae38", "foot": null, "access": null, "surface": null, "source": "OpenStreetMap contributors", "source_layer": "openstreetmap_campus_paths"}, "geometry": {"type": "LineString", "coordinates": [[127.1361599, 35.8410966], [127.134558, 35.8406181]]}}, {"type": "Feature", "id": "osm-way-36813802", "properties": {"osm_id": 36813802, "highway": "residential", "name": "\uae08\uc5545\uae38", "foot": null, "access": null, "surface": null, "source": "OpenStreetMap contributors", "source_layer": "openstreetmap_campus_paths"}, "geometry": {"type": "LineString", "coordinates": [[127.1380322, 35.8384367], [127.1379733, 35.8385293], [127.1370833, 35.8387849], [127.1366602, 35.8387742], [127.13659829024186, 35.838809365457884], [127.1355523, 35.8394035]]}}, {"type": "Feature", "id": "osm-way-36813803", "properties": {"osm_id": 36813803, "highway": "residential", "name": "\uae08\uc5545\uae38", "foot": null, "access": null, "surface": null, "source": "OpenStreetMap contributors", "source_layer": "openstreetmap_campus_paths"}, "geometry": {"type": "LineString", "coordinates": [[127.1355523, 35.8394035], [127.136629, 35.839894]]}}, {"type": "Feature", "id": "osm-way-36813805", "properties": {"osm_id": 36813805, "highway": "living_street", "name": "\uae08\uc5544\uae38", "foot": null, "access": null, "surface": null, "source": "OpenStreetMap contributors", "source_layer": "openstreetmap_campus_paths"}, "geometry": {"type": "LineString", "coordinates": [[127.1370833, 35.8387849], [127.1373922, 35.8394959], [127.1375691, 35.8398341], [127.137728, 35.8401236], [127.1385908, 35.8407919], [127.1386988, 35.8408239]]}}, {"type": "Feature", "id": "osm-way-36813806", "properties": {"osm_id": 36813806, "highway": "residential", "name": "\uae08\uc5543\uae38", "foot": null, "access": null, "surface": null, "source": "OpenStreetMap contributors", "source_layer": "openstreetmap_campus_paths"}, "geometry": {"type": "LineString", "coordinates": [[127.1372694, 35.8404025], [127.1373957, 35.8405521], [127.137373, 35.8406734], [127.1373937, 35.8407961], [127.1374753, 35.8410405]]}}, {"type": "Feature", "id": "osm-way-36813807", "properties": {"osm_id": 36813807, "highway": "living_street", "name": "\uae08\uc5543\uae38", "foot": null, "access": null, "surface": null, "source": "OpenStreetMap contributors", "source_layer": "openstreetmap_campus_paths"}, "geometry": {"type": "LineString", "coordinates": [[127.1381474, 35.8422603], [127.1381957777224, 35.84212462939362], [127.1383064, 35.8418144], [127.13840686877064, 35.841551912478074], [127.1384822, 35.8413551]]}}, {"type": "Feature", "id": "osm-way-36813808", "properties": {"osm_id": 36813808, "highway": "living_street", "name": null, "foot": null, "access": null, "surface": null, "source": "OpenStreetMap contributors", "source_layer": "openstreetmap_campus_paths"}, "geometry": {"type": "LineString", "coordinates": [[127.1374794, 35.8415701], [127.1383064, 35.8418144]]}}, {"type": "Feature", "id": "osm-way-36813809", "properties": {"osm_id": 36813809, "highway": "residential", "name": null, "foot": null, "access": null, "surface": null, "source": "OpenStreetMap contributors", "source_layer": "openstreetmap_campus_paths"}, "geometry": {"type": "LineString", "coordinates": [[127.1373922, 35.8394959], [127.1382303, 35.8393185]]}}, {"type": "Feature", "id": "osm-way-36963716", "properties": {"osm_id": 36963716, "highway": "service", "name": null, "foot": null, "access": null, "surface": null, "source": "OpenStreetMap contributors", "source_layer": "openstreetmap_campus_paths"}, "geometry": {"type": "LineString", "coordinates": [[127.1312126, 35.8424446], [127.1313119, 35.8424653], [127.13142035, 35.84251045], [127.13157925, 35.84248235], [127.13171940000001, 35.8424707], [127.1318223, 35.842453666666664], [127.1323664, 35.8423957], [127.1324318, 35.8427782], [127.13248948671362, 35.8431540281533], [127.13255555, 35.84349421666667], [127.1325513, 35.8435558]]}}, {"type": "Feature", "id": "osm-way-36963717", "properties": {"osm_id": 36963717, "highway": "service", "name": "\ucc3d\uc870\ub85c", "foot": null, "access": null, "surface": null, "source": "OpenStreetMap contributors", "source_layer": "openstreetmap_campus_paths"}, "geometry": {"type": "LineString", "coordinates": [[127.1325513, 35.8435558], [127.132676, 35.8435435], [127.132755775, 35.843570375], [127.13302319999998, 35.8435402], [127.13360433333332, 35.84348236666667], [127.133747525, 35.843471725], [127.13417, 35.8434047], [127.1342344, 35.843443], [127.13441499999999, 35.8437984], [127.13443806666668, 35.84385183333333], [127.1346081, 35.84421185], [127.13461, 35.8442764]]}}, {"type": "Feature", "id": "osm-way-36963718", "properties": {"osm_id": 36963718, "highway": "service", "name": null, "foot": null, "access": null, "surface": null, "source": "OpenStreetMap contributors", "source_layer": "openstreetmap_campus_paths"}, "geometry": {"type": "LineString", "coordinates": [[127.13417, 35.8434047], [127.13422229999999, 35.84336893333333], [127.1344289, 35.8433979], [127.1349374, 35.8433547], [127.1349557, 35.8434344], [127.1349841, 35.8436043], [127.1349888779567, 35.84376675052846], [127.13453429212731, 35.84380226744971], [127.13443806666668, 35.84385183333333]]}}, {"type": "Feature", "id": "osm-way-36963719", "properties": {"osm_id": 36963719, "highway": "service", "name": null, "foot": null, "access": null, "surface": null, "source": "OpenStreetMap contributors", "source_layer": "openstreetmap_campus_paths"}, "geometry": {"type": "LineString", "coordinates": [[127.132676, 35.8435435], [127.1326837, 35.8435884], [127.1327539, 35.8440058], [127.1322311, 35.8440507], [127.1322084, 35.8439364]]}}, {"type": "Feature", "id": "osm-way-36963720", "properties": {"osm_id": 36963720, "highway": "service", "name": null, "foot": null, "access": null, "surface": null, "source": "OpenStreetMap contributors", "source_layer": "openstreetmap_campus_paths"}, "geometry": {"type": "LineString", "coordinates": [[127.1335657, 35.8439229], [127.133382, 35.8439544], [127.1332861428213, 35.84396725861577], [127.1327539, 35.8440058]]}}, {"type": "Feature", "id": "osm-way-36963721", "properties": {"osm_id": 36963721, "highway": "service", "name": null, "foot": null, "access": null, "surface": null, "source": "OpenStreetMap contributors", "source_layer": "openstreetmap_campus_paths"}, "geometry": {"type": "LineString", "coordinates": [[127.130493, 35.84376635], [127.1306418, 35.8432661], [127.130795375, 35.842806675000006]]}}, {"type": "Feature", "id": "osm-way-36963722", "properties": {"osm_id": 36963722, "highway": "service", "name": null, "foot": null, "access": null, "surface": null, "source": "OpenStreetMap contributors", "source_layer": "openstreetmap_campus_paths"}, "geometry": {"type": "LineString", "coordinates": [[127.1347726, 35.8446105], [127.1348281, 35.8446004], [127.1349564, 35.8445785], [127.1352274, 35.8445416]]}}, {"type": "Feature", "id": "osm-way-36963724", "properties": {"osm_id": 36963724, "highway": "service", "name": null, "foot": null, "access": null, "surface": null, "source": "OpenStreetMap contributors", "source_layer": "openstreetmap_campus_paths"}, "geometry": {"type": "LineString", "coordinates": [[127.13253994576095, 35.845211590951834], [127.1327399, 35.845187925], [127.1329606, 35.845111325], [127.133169075, 35.84507055], [127.13337004990233, 35.84506733672417], [127.1335795, 35.845144950000005], [127.13370625, 35.8452564], [127.13379885407625, 35.84548602816789], [127.1338701, 35.8455800625]]}}, {"type": "Feature", "id": "osm-way-36963726", "properties": {"osm_id": 36963726, "highway": "service", "name": null, "foot": null, "access": null, "surface": null, "source": "OpenStreetMap contributors", "source_layer": "openstreetmap_campus_paths"}, "geometry": {"type": "LineString", "coordinates": [[127.1338701, 35.8455800625], [127.1345034375, 35.8456037375], [127.135057925, 35.8456177], [127.1351561, 35.8456087], [127.1352241, 35.8456207], [127.1357731, 35.8457177], [127.1367623, 35.8459011], [127.1373069, 35.8459986]]}}, {"type": "Feature", "id": "osm-way-36963727", "properties": {"osm_id": 36963727, "highway": "service", "name": null, "foot": null, "access": null, "surface": null, "source": "OpenStreetMap contributors", "source_layer": "openstreetmap_campus_paths"}, "geometry": {"type": "LineString", "coordinates": [[127.1322329, 35.8457071], [127.1319801, 35.8456685]]}}, {"type": "Feature", "id": "osm-way-36963728", "properties": {"osm_id": 36963728, "highway": "service", "name": null, "foot": null, "access": null, "surface": null, "source": "OpenStreetMap contributors", "source_layer": "openstreetmap_campus_paths"}, "geometry": {"type": "LineString", "coordinates": [[127.1319637, 35.8452155], [127.1318822, 35.8451935], [127.13179808498843, 35.844904963267616], [127.13177063333335, 35.84464903333333], [127.13173762214075, 35.84458836820711]]}}, {"type": "Feature", "id": "osm-way-36963729", "properties": {"osm_id": 36963729, "highway": "service", "name": null, "foot": null, "access": null, "surface": null, "source": "OpenStreetMap contributors", "source_layer": "openstreetmap_campus_paths"}, "geometry": {"type": "LineString", "coordinates": [[127.1320914, 35.8451514], [127.13206129600844, 35.84490747254141], [127.1320525, 35.8448362], [127.1320192, 35.8446078], [127.1320124, 35.8445613]]}}, {"type": "Feature", "id": "osm-way-36963730", "properties": {"osm_id": 36963730, "highway": "service", "name": null, "foot": null, "access": null, "surface": null, "source": "OpenStreetMap contributors", "source_layer": "openstreetmap_campus_paths"}, "geometry": {"type": "LineString", "coordinates": [[127.1338701, 35.8455800625], [127.1337856, 35.8457732], [127.1336815, 35.84591], [127.133541, 35.8460346], [127.1333803, 35.8461051], [127.1332139, 35.8461375], [127.1330191, 35.8461242], [127.1328455, 35.8460636], [127.132635, 35.8459445], [127.1324148, 35.8457876], [127.1322329, 35.8457071]]}}, {"type": "Feature", "id": "osm-way-36963731", "properties": {"osm_id": 36963731, "highway": "footway", "name": null, "foot": null, "access": null, "surface": null, "source": "OpenStreetMap contributors", "source_layer": "openstreetmap_campus_paths"}, "geometry": {"type": "LineString", "coordinates": [[127.1280478, 35.8449253], [127.1281788, 35.844907199999994], [127.1282567, 35.8448931], [127.1288772, 35.8448577], [127.1292245595296, 35.84482958892569], [127.1299597, 35.8446688], [127.1302339, 35.8446979]]}}, {"type": "Feature", "id": "osm-way-36963732", "properties": {"osm_id": 36963732, "highway": "pedestrian", "name": "\uc790\uc720\ub85c", "foot": null, "access": null, "surface": null, "source": "OpenStreetMap contributors", "source_layer": "openstreetmap_campus_paths"}, "geometry": {"type": "LineString", "coordinates": [[127.1284386, 35.8454291], [127.12837940000001, 35.845357666666665], [127.1280478, 35.8449253]]}}, {"type": "Feature", "id": "osm-way-36963735", "properties": {"osm_id": 36963735, "highway": "service", "name": "\ubb38\ud654\ub85c", "foot": null, "access": null, "surface": null, "source": "OpenStreetMap contributors", "source_layer": "openstreetmap_campus_paths"}, "geometry": {"type": "LineString", "coordinates": [[127.1259941, 35.84620683333333], [127.1265355, 35.846316], [127.12718309999998, 35.8464505], [127.12787897999999, 35.84654604], [127.12811505, 35.8466136], [127.12826876, 35.846594859999996], [127.1285278, 35.846631], [127.12875903333332, 35.846646311111115], [127.1288672, 35.84665]]}}, {"type": "Feature", "id": "osm-way-36963736", "properties": {"osm_id": 36963736, "highway": "service", "name": null, "foot": null, "access": null, "surface": null, "source": "OpenStreetMap contributors", "source_layer": "openstreetmap_campus_paths"}, "geometry": {"type": "LineString", "coordinates": [[127.127288, 35.8455647], [127.12724780276955, 35.8458676901882], [127.1272175, 35.8460961], [127.12721381549221, 35.84616083491686], [127.1267342, 35.8460626]]}}, {"type": "Feature", "id": "osm-way-36963737", "properties": {"osm_id": 36963737, "highway": "service", "name": null, "foot": null, "access": null, "surface": null, "source": "OpenStreetMap contributors", "source_layer": "openstreetmap_campus_paths"}, "geometry": {"type": "LineString", "coordinates": [[127.1338215, 35.8490068], [127.1338473, 35.8493706], [127.1325527, 35.8494676], [127.13252623333334, 35.849110700000004], [127.13261667331807, 35.84912590213455], [127.133137, 35.8490861]]}}, {"type": "Feature", "id": "osm-way-36963738", "properties": {"osm_id": 36963738, "highway": "tertiary_link", "name": null, "foot": null, "access": null, "surface": null, "source": "OpenStreetMap contributors", "source_layer": "openstreetmap_campus_paths"}, "geometry": {"type": "LineString", "coordinates": [[127.13558345, 35.85001075], [127.135603, 35.8499074], [127.1356782, 35.8496796], [127.13578700000001, 35.849452], [127.1362785, 35.8483443], [127.136297, 35.8482104], [127.13622930000001, 35.84811473333333], [127.1362449, 35.8480608]]}}, {"type": "Feature", "id": "osm-way-36963740", "properties": {"osm_id": 36963740, "highway": "service", "name": "\uc870\uacbd\ub2e8\ub85c", "foot": null, "access": null, "surface": null, "source": "OpenStreetMap contributors", "source_layer": "openstreetmap_campus_paths"}, "geometry": {"type": "LineString", "coordinates": [[127.1365076, 35.8481353], [127.1364538, 35.848245]]}}, {"type": "Feature", "id": "osm-way-36963741", "properties": {"osm_id": 36963741, "highway": "tertiary_link", "name": "\uc870\uacbd\ub2e8\ub85c", "foot": null, "access": null, "surface": null, "source": "OpenStreetMap contributors", "source_layer": "openstreetmap_campus_paths"}, "geometry": {"type": "LineString", "coordinates": [[127.137197, 35.8483007], [127.1369188973237, 35.8483691597563], [127.1368513, 35.8483858], [127.1366889, 35.8484679], [127.1365567, 35.8485195]]}}, {"type": "Feature", "id": "osm-way-36963742", "properties": {"osm_id": 36963742, "highway": "service", "name": null, "foot": null, "access": null, "surface": null, "source": "OpenStreetMap contributors", "source_layer": "openstreetmap_campus_paths"}, "geometry": {"type": "LineString", "coordinates": [[127.13852949883422, 35.84782316703328], [127.1379649, 35.8476712], [127.1372538, 35.8474596], [127.1374184, 35.8470784], [127.1381318, 35.8472957], [127.1385372, 35.8474152], [127.1387855, 35.8468586], [127.13894820645885, 35.846520604979276], [127.1388651233783, 35.846693195961414], [127.1390312, 35.8463482], [127.1393011, 35.8456949], [127.1396825, 35.844888], [127.1397245, 35.8448108]]}}, {"type": "Feature", "id": "osm-way-37020085", "properties": {"osm_id": 37020085, "highway": "tertiary", "name": "\ub300\ud559\ub85c\uc9c0\ud558\ucc28\ub3c4", "foot": null, "access": null, "surface": null, "source": "OpenStreetMap contributors", "source_layer": "openstreetmap_campus_paths"}, "geometry": {"type": "LineString", "coordinates": [[127.1377774, 35.8456646], [127.1364394, 35.8484189]]}}, {"type": "Feature", "id": "osm-way-37723975", "properties": {"osm_id": 37723975, "highway": "tertiary", "name": "\uac74\uc9c0\uc0b0\ub85c", "foot": null, "access": null, "surface": "asphalt", "source": "OpenStreetMap contributors", "source_layer": "openstreetmap_campus_paths"}, "geometry": {"type": "LineString", "coordinates": [[127.1328419, 35.8512442], [127.1328736, 35.8513246], [127.1329092, 35.8514349], [127.132938, 35.8514892], [127.1331214, 35.851961], [127.1331701, 35.8520451], [127.1333087, 35.8522847], [127.1334191, 35.8524471]]}}, {"type": "Feature", "id": "osm-way-37725091", "properties": {"osm_id": 37725091, "highway": "tertiary", "name": "\ubc31\uc81c\ub300\ub85c", "foot": null, "access": null, "surface": "asphalt", "source": "OpenStreetMap contributors", "source_layer": "openstreetmap_campus_paths"}, "geometry": {"type": "LineString", "coordinates": [[127.1240866, 35.835666], [127.1245916, 35.8360347], [127.1247027, 35.8361123], [127.1247648, 35.83615565], [127.1248768, 35.8362338], [127.1254886, 35.8366611], [127.1263923, 35.8373033], [127.1264955, 35.8373766], [127.1266298, 35.837472], [127.12670115, 35.8375238], [127.1271614, 35.837858], [127.1275296, 35.8381253], [127.12841224327289, 35.83879510236206], [127.1289398, 35.8391889], [127.1290153, 35.8392453], [127.1291128, 35.8393217], [127.12930386666666, 35.8394643], [127.1293505, 35.8394974], [127.1294304, 35.8395532], [127.1295095, 35.8396113], [127.12962233333333, 35.8396641], [127.129904, 35.8397571], [127.1300867, 35.8398156], [127.1301766, 35.8398444], [127.1307547, 35.8400296], [127.1314692, 35.8402471], [127.1317491, 35.8403322], [127.1318137, 35.8403519], [127.132055, 35.8404254], [127.1322099, 35.8404714], [127.13271422149485, 35.84062094643696], [127.1331691, 35.8407559], [127.1343426, 35.8411099], [127.1345932761376, 35.841185413158115], [127.134676, 35.8412103], [127.1359559, 35.8415958], [127.13653040061416, 35.841768743132135], [127.1366535, 35.8418058], [127.1368731, 35.8418719], [127.13695125628436, 35.8418954034554], [127.137313, 35.8420034], [127.1381474, 35.8422603], [127.138522, 35.8423652], [127.1387597, 35.8424318], [127.1389051, 35.8424811], [127.1389698, 35.8425031], [127.1390791, 35.8425382], [127.1391769, 35.8425691], [127.1393074, 35.8426033], [127.1394827, 35.8426493], [127.1395955, 35.8426784], [127.1398453, 35.8427477], [127.1402721, 35.842866], [127.1416723, 35.8433141]]}}, {"type": "Feature", "id": "osm-way-69025476", "properties": {"osm_id": 69025476, "highway": "living_street", "name": "\uc0bc\uc1a15\uae38", "foot": null, "access": null, "surface": null, "source": "OpenStreetMap contributors", "source_layer": "openstreetmap_campus_paths"}, "geometry": {"type": "LineString", "coordinates": [[127.1355533, 35.8423432], [127.1368754, 35.8427551], [127.1376593, 35.8429883], [127.13869512000001, 35.84329032], [127.1387679, 35.8433056]]}}, {"type": "Feature", "id": "osm-way-69025477", "properties": {"osm_id": 69025477, "highway": "service", "name": "\ucc3d\uc870\ub85c", "foot": null, "access": null, "surface": null, "source": "OpenStreetMap contributors", "source_layer": "openstreetmap_campus_paths"}, "geometry": {"type": "LineString", "coordinates": [[127.1349176, 35.8479338], [127.1349429, 35.8478458], [127.13505316666665, 35.84755043333333], [127.1351773, 35.8473289], [127.13518165, 35.84725843333333], [127.1353423, 35.847029], [127.135389275, 35.846943625], [127.13546013333332, 35.846863066666664]]}}, {"type": "Feature", "id": "osm-way-69025478", "properties": {"osm_id": 69025478, "highway": "service", "name": null, "foot": null, "access": null, "surface": null, "source": "OpenStreetMap contributors", "source_layer": "openstreetmap_campus_paths"}, "geometry": {"type": "LineString", "coordinates": [[127.13461, 35.8442764], [127.134703675, 35.844304875], [127.13519225999998, 35.844223140000004], [127.13523989999999, 35.84422776666667], [127.1359258, 35.84411565], [127.136058, 35.8441343], [127.13623806666668, 35.84412786666667], [127.1367086, 35.8442792], [127.137070575, 35.844348000000004], [127.1377365, 35.8445669], [127.1380067, 35.8446464], [127.138142, 35.8446842], [127.1382282, 35.8447082]]}}, {"type": "Feature", "id": "osm-way-69025483", "properties": {"osm_id": 69025483, "highway": "service", "name": "\ucc3d\uc870\ub85c", "foot": null, "access": null, "surface": null, "source": "OpenStreetMap contributors", "source_layer": "openstreetmap_campus_paths"}, "geometry": {"type": "LineString", "coordinates": [[127.13546013333332, 35.846863066666664], [127.1354511, 35.8467677], [127.1354499, 35.84664635], [127.1353976, 35.8464386], [127.1353191, 35.8461835], [127.13521383333334, 35.845689783333334], [127.1351561, 35.8456087], [127.13504502460324, 35.84516849454184], [127.1349451, 35.8449638], [127.1347726, 35.8446105], [127.1346332, 35.8443243], [127.13461, 35.8442764]]}}, {"type": "Feature", "id": "osm-way-106468966", "properties": {"osm_id": 106468966, "highway": "residential", "name": "\uc5f0\ud654\uae38", "foot": null, "access": null, "surface": "asphalt", "source": "OpenStreetMap contributors", "source_layer": "openstreetmap_campus_paths"}, "geometry": {"type": "LineString", "coordinates": [[127.1306452, 35.8519013], [127.1307253, 35.8519557], [127.13080515, 35.85202115], [127.1309017, 35.852099], [127.1309403, 35.8521358], [127.1310584, 35.8522518], [127.1311607, 35.8524063], [127.131287, 35.8526009], [127.1313513, 35.8527605], [127.1313815, 35.852975], [127.1314594, 35.8531128], [127.13165730298122, 35.85330064707446], [127.1317487, 35.8533874], [127.1319373, 35.8536184], [127.1319964, 35.8536904], [127.1320534, 35.8538033], [127.132076, 35.8538495], [127.1321977, 35.8540435], [127.132173, 35.8544039], [127.1322369, 35.8546712], [127.1327066, 35.8545862]]}}, {"type": "Feature", "id": "osm-way-107158669", "properties": {"osm_id": 107158669, "highway": "residential", "name": "\uad8c\uc0bc\ub4dd\ub85c", "foot": null, "access": null, "surface": "asphalt", "source": "OpenStreetMap contributors", "source_layer": "openstreetmap_campus_paths"}, "geometry": {"type": "LineString", "coordinates": [[127.132055, 35.8404254], [127.1319831, 35.8405281], [127.131888, 35.8405703], [127.1318435, 35.8406168], [127.1317589, 35.8407051], [127.13166285, 35.840806], [127.1314641, 35.8410264], [127.1310598, 35.8414414], [127.1309317, 35.8415446], [127.1308035, 35.8416478], [127.1307228, 35.8417131], [127.1306461, 35.8417809], [127.1300928, 35.8421961], [127.1299907, 35.8422778], [127.1298547, 35.8423774], [127.1296705, 35.8425179], [127.1291796, 35.8428919], [127.1287711, 35.8432022], [127.1287013, 35.8432553], [127.1283561, 35.8435184], [127.1279414, 35.8438071], [127.1275169, 35.8440454], [127.1274629, 35.8440787], [127.1273465, 35.8441553], [127.1267862, 35.8445168], [127.1264151, 35.8447827], [127.1257163, 35.8453384], [127.12568316666666, 35.84540256666667], [127.12560260000001, 35.8454847], [127.12546545000001, 35.84551329999999], [127.1252882, 35.845597], [127.1237482, 35.8464335], [127.1233206, 35.846632], [127.1231599, 35.8466866], [127.12304365, 35.84674185], [127.1229702, 35.8467361], [127.1228957, 35.8467457], [127.12276329341442, 35.846772760582255], [127.1226, 35.8467793]]}}, {"type": "Feature", "id": "osm-way-115952069", "properties": {"osm_id": 115952069, "highway": "service", "name": null, "foot": null, "access": null, "surface": null, "source": "OpenStreetMap contributors", "source_layer": "openstreetmap_campus_paths"}, "geometry": {"type": "LineString", "coordinates": [[127.1338215, 35.8490068], [127.1342268, 35.8492487], [127.1345559, 35.849458]]}}, {"type": "Feature", "id": "osm-way-115952679", "properties": {"osm_id": 115952679, "highway": "service", "name": null, "foot": null, "access": null, "surface": null, "source": "OpenStreetMap contributors", "source_layer": "openstreetmap_campus_paths"}, "geometry": {"type": "LineString", "coordinates": [[127.1310351, 35.84681735], [127.1309584111111, 35.8471557], [127.13096365514885, 35.84740695522115], [127.130947125, 35.847570774999994], [127.13091972500001, 35.847626225], [127.130709225, 35.847665250000006], [127.13073055000001, 35.847709949999995], [127.130722575, 35.84776265000001]]}}, {"type": "Feature", "id": "osm-way-115952682", "properties": {"osm_id": 115952682, "highway": "service", "name": null, "foot": null, "access": null, "surface": null, "source": "OpenStreetMap contributors", "source_layer": "openstreetmap_campus_paths"}, "geometry": {"type": "LineString", "coordinates": [[127.13178279648169, 35.84877131956918], [127.13180342, 35.84891624], [127.13233789468838, 35.84882116863202]]}}, {"type": "Feature", "id": "osm-way-115952683", "properties": {"osm_id": 115952683, "highway": "service", "name": null, "foot": null, "access": null, "surface": null, "source": "OpenStreetMap contributors", "source_layer": "openstreetmap_campus_paths"}, "geometry": {"type": "LineString", "coordinates": [[127.129868, 35.845342], [127.12986884320999, 35.84529156561447]]}}, {"type": "Feature", "id": "osm-way-115952685", "properties": {"osm_id": 115952685, "highway": "service", "name": null, "foot": null, "access": null, "surface": null, "source": "OpenStreetMap contributors", "source_layer": "openstreetmap_campus_paths"}, "geometry": {"type": "LineString", "coordinates": [[127.130795375, 35.842806675000006], [127.13076, 35.8427878], [127.13065684320699, 35.84275127268046], [127.1305561, 35.8427156], [127.1303051, 35.8425696], [127.1300966, 35.8424019], [127.1300644, 35.8423494], [127.1299907, 35.8422778]]}}, {"type": "Feature", "id": "osm-way-115952686", "properties": {"osm_id": 115952686, "highway": "service", "name": null, "foot": null, "access": null, "surface": null, "source": "OpenStreetMap contributors", "source_layer": "openstreetmap_campus_paths"}, "geometry": {"type": "LineString", "coordinates": [[127.13180342, 35.84891624], [127.13135425555555, 35.849005455555556], [127.13132, 35.8489646], [127.1312433, 35.8488578]]}}, {"type": "Feature", "id": "osm-way-115952688", "properties": {"osm_id": 115952688, "highway": "service", "name": null, "foot": null, "access": null, "surface": null, "source": "OpenStreetMap contributors", "source_layer": "openstreetmap_campus_paths"}, "geometry": {"type": "LineString", "coordinates": [[127.1338664, 35.8484318], [127.1338672888889, 35.848539772222225]]}}, {"type": "Feature", "id": "osm-way-115952690", "properties": {"osm_id": 115952690, "highway": "service", "name": null, "foot": null, "access": null, "surface": null, "source": "OpenStreetMap contributors", "source_layer": "openstreetmap_campus_paths"}, "geometry": {"type": "LineString", "coordinates": [[127.1357731, 35.8457177], [127.1358846, 35.8453074], [127.1355199, 35.8452487]]}}, {"type": "Feature", "id": "osm-way-115952691", "properties": {"osm_id": 115952691, "highway": "footway", "name": null, "foot": null, "access": null, "surface": null, "source": "OpenStreetMap contributors", "source_layer": "openstreetmap_campus_paths"}, "geometry": {"type": "LineString", "coordinates": [[127.1363884, 35.8446535], [127.1368682, 35.8445701], [127.13700745, 35.8444955], [127.1370371, 35.8444194]]}}, {"type": "Feature", "id": "osm-way-115952694", "properties": {"osm_id": 115952694, "highway": "service", "name": null, "foot": null, "access": null, "surface": null, "source": "OpenStreetMap contributors", "source_layer": "openstreetmap_campus_paths"}, "geometry": {"type": "LineString", "coordinates": [[127.13181963333334, 35.84641462222223], [127.13178935, 35.846795125], [127.13178332500001, 35.846876050000006], [127.13177803970818, 35.84730810326708], [127.13254808604074, 35.84733808559357], [127.13261139257001, 35.84734584801651], [127.13177803970818, 35.84730810326708], [127.133285525, 35.847369225]]}}, {"type": "Feature", "id": "osm-way-115952695", "properties": {"osm_id": 115952695, "highway": "service", "name": null, "foot": null, "access": null, "surface": null, "source": "OpenStreetMap contributors", "source_layer": "openstreetmap_campus_paths"}, "geometry": {"type": "LineString", "coordinates": [[127.13667264121518, 35.84620473815937], [127.1356867, 35.8460348]]}}, {"type": "Feature", "id": "osm-way-115952696", "properties": {"osm_id": 115952696, "highway": "service", "name": null, "foot": null, "access": null, "surface": null, "source": "OpenStreetMap contributors", "source_layer": "openstreetmap_campus_paths"}, "geometry": {"type": "LineString", "coordinates": [[127.1352274, 35.8445416], [127.1356813, 35.8444716], [127.1359763, 35.844401], [127.1362103, 35.8443933], [127.13630055, 35.84441195], [127.1363715, 35.8444584], [127.1364112, 35.8445523], [127.1363884, 35.8446535]]}}, {"type": "Feature", "id": "osm-way-115952700", "properties": {"osm_id": 115952700, "highway": "service", "name": null, "foot": null, "access": null, "surface": null, "source": "OpenStreetMap contributors", "source_layer": "openstreetmap_campus_paths"}, "geometry": {"type": "LineString", "coordinates": [[127.1349841, 35.8436043], [127.1354922, 35.8435471]]}}, {"type": "Feature", "id": "osm-way-115952701", "properties": {"osm_id": 115952701, "highway": "service", "name": null, "foot": null, "access": null, "surface": null, "source": "OpenStreetMap contributors", "source_layer": "openstreetmap_campus_paths"}, "geometry": {"type": "LineString", "coordinates": [[127.12829756329253, 35.84367718808882], [127.1285661, 35.8438756], [127.12868375, 35.843746249999995], [127.1288223, 35.8436476], [127.12859070056581, 35.84347504462713]]}}, {"type": "Feature", "id": "osm-way-115952705", "properties": {"osm_id": 115952705, "highway": "service", "name": null, "foot": null, "access": null, "surface": null, "source": "OpenStreetMap contributors", "source_layer": "openstreetmap_campus_paths"}, "geometry": {"type": "LineString", "coordinates": [[127.1285661, 35.8438756], [127.1284365, 35.8439989], [127.12815290587322, 35.84377514804939]]}}, {"type": "Feature", "id": "osm-way-115952708", "properties": {"osm_id": 115952708, "highway": "service", "name": null, "foot": null, "access": null, "surface": null, "source": "OpenStreetMap contributors", "source_layer": "openstreetmap_campus_paths"}, "geometry": {"type": "LineString", "coordinates": [[127.1336268, 35.8437466], [127.133714, 35.84379575], [127.13375264999999, 35.84388335]]}}, {"type": "Feature", "id": "osm-way-115952709", "properties": {"osm_id": 115952709, "highway": "service", "name": null, "foot": null, "access": null, "surface": null, "source": "OpenStreetMap contributors", "source_layer": "openstreetmap_campus_paths"}, "geometry": {"type": "LineString", "coordinates": [[127.1349564, 35.8445785], [127.1350003, 35.8448651], [127.1350858, 35.8448511], [127.1351215, 35.8450296], [127.1351466, 35.8451244]]}}, {"type": "Feature", "id": "osm-way-115952710", "properties": {"osm_id": 115952710, "highway": "footway", "name": null, "foot": null, "access": null, "surface": null, "source": "OpenStreetMap contributors", "source_layer": "openstreetmap_campus_paths"}, "geometry": {"type": "LineString", "coordinates": [[127.1288772, 35.8448577], [127.1288898, 35.844969750000004]]}}, {"type": "Feature", "id": "osm-way-115952711", "properties": {"osm_id": 115952711, "highway": "service", "name": null, "foot": null, "access": null, "surface": null, "source": "OpenStreetMap contributors", "source_layer": "openstreetmap_campus_paths"}, "geometry": {"type": "LineString", "coordinates": [[127.13132, 35.8489646], [127.1303398, 35.8491582], [127.1303042, 35.8492521], [127.1303442, 35.8494068]]}}, {"type": "Feature", "id": "osm-way-115952713", "properties": {"osm_id": 115952713, "highway": "service", "name": null, "foot": null, "access": null, "surface": null, "source": "OpenStreetMap contributors", "source_layer": "openstreetmap_campus_paths"}, "geometry": {"type": "LineString", "coordinates": [[127.135389275, 35.846943625], [127.13528062500001, 35.846916375], [127.13500915000002, 35.846898949999996], [127.134666375, 35.8468838], [127.13445130000001, 35.846875000000004], [127.133873275, 35.846851175000005]]}}, {"type": "Feature", "id": "osm-way-115952714", "properties": {"osm_id": 115952714, "highway": "service", "name": null, "foot": null, "access": null, "surface": null, "source": "OpenStreetMap contributors", "source_layer": "openstreetmap_campus_paths"}, "geometry": {"type": "LineString", "coordinates": [[127.132443875, 35.84625545], [127.13247825, 35.8462967], [127.13245997499999, 35.846355925], [127.13242040833332, 35.84639561666666], [127.13231987500001, 35.84642434999999], [127.131976625, 35.8464035], [127.13181963333334, 35.84641462222223], [127.13164115000001, 35.846456475000004], [127.13147140303579, 35.846464848011166]]}}, {"type": "Feature", "id": "osm-way-115952716", "properties": {"osm_id": 115952716, "highway": "service", "name": null, "foot": null, "access": null, "surface": null, "source": "OpenStreetMap contributors", "source_layer": "openstreetmap_campus_paths"}, "geometry": {"type": "LineString", "coordinates": [[127.1288223, 35.8436476], [127.1289538, 35.8435304], [127.12872236303352, 35.84337995613872]]}}, {"type": "Feature", "id": "osm-way-115952717", "properties": {"osm_id": 115952717, "highway": "service", "name": null, "foot": null, "access": null, "surface": null, "source": "OpenStreetMap contributors", "source_layer": "openstreetmap_campus_paths"}, "geometry": {"type": "LineString", "coordinates": [[127.13178935, 35.846795125], [127.1321379, 35.8468024], [127.1321322, 35.8468903], [127.13178332500001, 35.846876050000006]]}}, {"type": "Feature", "id": "osm-way-115952718", "properties": {"osm_id": 115952718, "highway": "service", "name": null, "foot": null, "access": null, "surface": null, "source": "OpenStreetMap contributors", "source_layer": "openstreetmap_campus_paths"}, "geometry": {"type": "LineString", "coordinates": [[127.1309584111111, 35.8471557], [127.1307373, 35.8471647], [127.13063486325656, 35.847224681511214], [127.13053155, 35.847247975], [127.13004543749999, 35.84724269583333], [127.12995492499999, 35.847232149999996]]}}, {"type": "Feature", "id": "osm-way-115952719", "properties": {"osm_id": 115952719, "highway": "service", "name": null, "foot": null, "access": null, "surface": null, "source": "OpenStreetMap contributors", "source_layer": "openstreetmap_campus_paths"}, "geometry": {"type": "LineString", "coordinates": [[127.1301539, 35.8463676], [127.1302256, 35.8463992], [127.1304071, 35.8465394], [127.13074971651452, 35.8465114689601], [127.1309456, 35.8464955]]}}, {"type": "Feature", "id": "osm-way-115952721", "properties": {"osm_id": 115952721, "highway": "service", "name": null, "foot": null, "access": null, "surface": null, "source": "OpenStreetMap contributors", "source_layer": "openstreetmap_campus_paths"}, "geometry": {"type": "LineString", "coordinates": [[127.13017102500001, 35.843975225], [127.1301181136426, 35.843937969899414], [127.12912074078486, 35.84323129684538], [127.1290729, 35.8431974]]}}, {"type": "Feature", "id": "osm-way-115952723", "properties": {"osm_id": 115952723, "highway": "service", "name": null, "foot": null, "access": null, "surface": null, "source": "OpenStreetMap contributors", "source_layer": "openstreetmap_campus_paths"}, "geometry": {"type": "LineString", "coordinates": [[127.1332998, 35.8423518], [127.13333303053618, 35.84256363684556], [127.1333529, 35.8426903], [127.13301308388237, 35.84272271020775], [127.13248429999999, 35.842747133333326], [127.1324318, 35.8427782], [127.1323349, 35.8427646], [127.1315964, 35.8428579]]}}, {"type": "Feature", "id": "osm-way-115952725", "properties": {"osm_id": 115952725, "highway": "service", "name": null, "foot": null, "access": null, "surface": null, "source": "OpenStreetMap contributors", "source_layer": "openstreetmap_campus_paths"}, "geometry": {"type": "LineString", "coordinates": [[127.12868375, 35.843746249999995], [127.1288365, 35.8438878], [127.1285465, 35.844138], [127.128528, 35.8442649], [127.1286528, 35.844361], [127.1287885, 35.8444066], [127.1292245595296, 35.84482958892569]]}}, {"type": "Feature", "id": "osm-way-115952728", "properties": {"osm_id": 115952728, "highway": "service", "name": null, "foot": null, "access": null, "surface": null, "source": "OpenStreetMap contributors", "source_layer": "openstreetmap_campus_paths"}, "geometry": {"type": "LineString", "coordinates": [[127.13252509, 35.84778197], [127.13252825555556, 35.84768], [127.1331029, 35.8477012]]}}, {"type": "Feature", "id": "osm-way-115952729", "properties": {"osm_id": 115952729, "highway": "service", "name": null, "foot": null, "access": null, "surface": null, "source": "OpenStreetMap contributors", "source_layer": "openstreetmap_campus_paths"}, "geometry": {"type": "LineString", "coordinates": [[127.1289015, 35.8454004], [127.12890157252555, 35.84535048183162]]}}, {"type": "Feature", "id": "osm-way-115952730", "properties": {"osm_id": 115952730, "highway": "service", "name": null, "foot": null, "access": null, "surface": null, "source": "OpenStreetMap contributors", "source_layer": "openstreetmap_campus_paths"}, "geometry": {"type": "LineString", "coordinates": [[127.1314103, 35.8491974], [127.1303442, 35.8494068]]}}, {"type": "Feature", "id": "osm-way-115952734", "properties": {"osm_id": 115952734, "highway": "service", "name": null, "foot": null, "access": null, "surface": null, "source": "OpenStreetMap contributors", "source_layer": "openstreetmap_campus_paths"}, "geometry": {"type": "LineString", "coordinates": [[127.1367623, 35.8459011], [127.13667264121518, 35.84620473815937]]}}, {"type": "Feature", "id": "osm-way-115952735", "properties": {"osm_id": 115952735, "highway": "service", "name": null, "foot": null, "access": null, "surface": null, "source": "OpenStreetMap contributors", "source_layer": "openstreetmap_campus_paths"}, "geometry": {"type": "LineString", "coordinates": [[127.1313553, 35.8477761], [127.1313669, 35.8477213], [127.1313709, 35.8476531]]}}, {"type": "Feature", "id": "osm-way-115952737", "properties": {"osm_id": 115952737, "highway": "service", "name": null, "foot": null, "access": null, "surface": null, "source": "OpenStreetMap contributors", "source_layer": "openstreetmap_campus_paths"}, "geometry": {"type": "LineString", "coordinates": [[127.134666375, 35.8468838], [127.1346843, 35.8465698], [127.1346389, 35.8465184]]}}, {"type": "Feature", "id": "osm-way-115952739", "properties": {"osm_id": 115952739, "highway": "service", "name": null, "foot": null, "access": null, "surface": null, "source": "OpenStreetMap contributors", "source_layer": "openstreetmap_campus_paths"}, "geometry": {"type": "LineString", "coordinates": [[127.129374, 35.8453689], [127.12934076666666, 35.845321866666666], [127.12931527, 35.845166469999995]]}}, {"type": "Feature", "id": "osm-way-115952740", "properties": {"osm_id": 115952740, "highway": "service", "name": null, "foot": null, "access": null, "surface": null, "source": "OpenStreetMap contributors", "source_layer": "openstreetmap_campus_paths"}, "geometry": {"type": "LineString", "coordinates": [[127.13135425555555, 35.849005455555556], [127.1314103, 35.8491974], [127.1314461, 35.8493085]]}}, {"type": "Feature", "id": "osm-way-115952741", "properties": {"osm_id": 115952741, "highway": "service", "name": null, "foot": null, "access": null, "surface": null, "source": "OpenStreetMap contributors", "source_layer": "openstreetmap_campus_paths"}, "geometry": {"type": "LineString", "coordinates": [[127.1343209, 35.8479112], [127.1343149, 35.8480222], [127.1343027, 35.848246], [127.1340743, 35.8482468], [127.1340493, 35.84841875], [127.1338664, 35.8484318], [127.1332563, 35.8484041]]}}, {"type": "Feature", "id": "osm-way-115953813", "properties": {"osm_id": 115953813, "highway": "tertiary_link", "name": null, "foot": null, "access": null, "surface": "asphalt", "source": "OpenStreetMap contributors", "source_layer": "openstreetmap_campus_paths"}, "geometry": {"type": "LineString", "coordinates": [[127.1289359, 35.8399121], [127.12887975000001, 35.839843900000005], [127.1289308, 35.8398127], [127.128974, 35.83969265], [127.12900646666667, 35.839634499999995], [127.128956, 35.8395246], [127.1289259, 35.8394763], [127.1289683, 35.839431399999995]]}}, {"type": "Feature", "id": "osm-way-115953814", "properties": {"osm_id": 115953814, "highway": "tertiary_link", "name": null, "foot": null, "access": null, "surface": "asphalt", "source": "OpenStreetMap contributors", "source_layer": "openstreetmap_campus_paths"}, "geometry": {"type": "LineString", "coordinates": [[127.1298902, 35.8393444], [127.1299052, 35.8394126], [127.1298554, 35.8394645], [127.12984765, 35.8395614], [127.1299367, 35.8396818], [127.129904, 35.8397571]]}}, {"type": "Feature", "id": "osm-way-115953819", "properties": {"osm_id": 115953819, "highway": "tertiary_link", "name": null, "foot": null, "access": null, "surface": "asphalt", "source": "OpenStreetMap contributors", "source_layer": "openstreetmap_campus_paths"}, "geometry": {"type": "LineString", "coordinates": [[127.1291128, 35.8393217], [127.1291623, 35.8392867], [127.1293195, 35.8393469], [127.1294156, 35.839371], [127.1294791, 35.8393522], [127.129598, 35.8393295], [127.1297213, 35.8393353]]}}, {"type": "Feature", "id": "osm-way-115953824", "properties": {"osm_id": 115953824, "highway": "service", "name": null, "foot": null, "access": null, "surface": null, "source": "OpenStreetMap contributors", "source_layer": "openstreetmap_campus_paths"}, "geometry": {"type": "LineString", "coordinates": [[127.127501, 35.840722099999994], [127.12867689999999, 35.8398557]]}}, {"type": "Feature", "id": "osm-way-115953827", "properties": {"osm_id": 115953827, "highway": "tertiary_link", "name": null, "foot": null, "access": null, "surface": "asphalt", "source": "OpenStreetMap contributors", "source_layer": "openstreetmap_campus_paths"}, "geometry": {"type": "LineString", "coordinates": [[127.1297165, 35.8398536], [127.1296567, 35.839940850000005], [127.1295526, 35.8399067], [127.1294028, 35.8398958], [127.1291805, 35.8399434], [127.1291, 35.8399214]]}}, {"type": "Feature", "id": "osm-way-116056065", "properties": {"osm_id": 116056065, "highway": "service", "name": null, "foot": null, "access": null, "surface": null, "source": "OpenStreetMap contributors", "source_layer": "openstreetmap_campus_paths"}, "geometry": {"type": "LineString", "coordinates": [[127.1239376, 35.8510552], [127.1237659, 35.8511081]]}}, {"type": "Feature", "id": "osm-way-116056066", "properties": {"osm_id": 116056066, "highway": "service", "name": null, "foot": null, "access": null, "surface": null, "source": "OpenStreetMap contributors", "source_layer": "openstreetmap_campus_paths"}, "geometry": {"type": "LineString", "coordinates": [[127.12803075, 35.8504035], [127.12792189019456, 35.85038510860245], [127.1278477, 35.8503709]]}}, {"type": "Feature", "id": "osm-way-116056072", "properties": {"osm_id": 116056072, "highway": "footway", "name": null, "foot": null, "access": null, "surface": null, "source": "OpenStreetMap contributors", "source_layer": "openstreetmap_campus_paths"}, "geometry": {"type": "LineString", "coordinates": [[127.1348559, 35.8528867], [127.1349695, 35.8526927], [127.1349641, 35.8524292], [127.1349263, 35.8521613], [127.1349137, 35.8519452], [127.1349233, 35.8518639], [127.1350041, 35.8515972], [127.13517085000001, 35.8512204], [127.1352327, 35.8511697], [127.1355418, 35.8509747], [127.1356076, 35.8507557], [127.1356636, 35.8505593], [127.1356562, 35.850464], [127.1356359, 35.8503604], [127.13563465, 35.8502835]]}}, {"type": "Feature", "id": "osm-way-116056082", "properties": {"osm_id": 116056082, "highway": "service", "name": null, "foot": null, "access": null, "surface": null, "source": "OpenStreetMap contributors", "source_layer": "openstreetmap_campus_paths"}, "geometry": {"type": "LineString", "coordinates": [[127.1273736, 35.8513557], [127.127489, 35.8509218]]}}, {"type": "Feature", "id": "osm-way-116056088", "properties": {"osm_id": 116056088, "highway": "service", "name": null, "foot": null, "access": null, "surface": null, "source": "OpenStreetMap contributors", "source_layer": "openstreetmap_campus_paths"}, "geometry": {"type": "LineString", "coordinates": [[127.1266057, 35.8501146], [127.1266068, 35.8502475], [127.12660822535852, 35.850428764878], [127.1266103, 35.8506926], [127.1266059, 35.8507928], [127.1265921, 35.8511079], [127.1264886, 35.8511775], [127.1267416, 35.8512445], [127.12716, 35.8513154], [127.1273736, 35.8513557], [127.127542, 35.8514264], [127.1276714, 35.8515378], [127.1282367, 35.8516489]]}}, {"type": "Feature", "id": "osm-way-116056093", "properties": {"osm_id": 116056093, "highway": "service", "name": null, "foot": null, "access": null, "surface": null, "source": "OpenStreetMap contributors", "source_layer": "openstreetmap_campus_paths"}, "geometry": {"type": "LineString", "coordinates": [[127.1278083, 35.8505216], [127.1278477, 35.8503709], [127.1278661, 35.850261], [127.1275629, 35.8502065]]}}, {"type": "Feature", "id": "osm-way-116056094", "properties": {"osm_id": 116056094, "highway": "service", "name": null, "foot": null, "access": null, "surface": null, "source": "OpenStreetMap contributors", "source_layer": "openstreetmap_campus_paths"}, "geometry": {"type": "LineString", "coordinates": [[127.1282367, 35.8516489], [127.128358, 35.851252], [127.1283848, 35.8512081], [127.12878746973747, 35.85128092325039], [127.12906302869563, 35.85133320577386]]}}, {"type": "Feature", "id": "osm-way-116056096", "properties": {"osm_id": 116056096, "highway": "service", "name": null, "foot": null, "access": null, "surface": null, "source": "OpenStreetMap contributors", "source_layer": "openstreetmap_campus_paths"}, "geometry": {"type": "LineString", "coordinates": [[127.1233541, 35.8503093], [127.1237104, 35.85054], [127.1238316, 35.8506411], [127.1239376, 35.8510552], [127.1239973, 35.8511569], [127.1240397, 35.85124], [127.1243951, 35.8513558], [127.1247133, 35.8514648], [127.1249434, 35.851582050000005], [127.1252268, 35.8516915], [127.1253636, 35.8516916], [127.1255761, 35.8518448], [127.1257832, 35.8518526], [127.12603276666665, 35.851653733333336]]}}, {"type": "Feature", "id": "osm-way-116056099", "properties": {"osm_id": 116056099, "highway": "service", "name": null, "foot": null, "access": null, "surface": null, "source": "OpenStreetMap contributors", "source_layer": "openstreetmap_campus_paths"}, "geometry": {"type": "LineString", "coordinates": [[127.1253636, 35.8516916], [127.1253186, 35.8515467], [127.1252343, 35.8513224], [127.1250889, 35.851045], [127.12490082543681, 35.85083212875499], [127.1246799, 35.8505149], [127.1247225, 35.85043], [127.1251049, 35.8502945], [127.1251133, 35.8500616]]}}, {"type": "Feature", "id": "osm-way-116056104", "properties": {"osm_id": 116056104, "highway": "service", "name": null, "foot": null, "access": null, "surface": null, "source": "OpenStreetMap contributors", "source_layer": "openstreetmap_campus_paths"}, "geometry": {"type": "LineString", "coordinates": [[127.1264886, 35.8511775], [127.1261666, 35.8511208], [127.1260202, 35.8511039]]}}, {"type": "Feature", "id": "osm-way-116056106", "properties": {"osm_id": 116056106, "highway": "service", "name": "\uc870\uacbd\ub2e8\ub85c", "foot": null, "access": null, "surface": null, "source": "OpenStreetMap contributors", "source_layer": "openstreetmap_campus_paths"}, "geometry": {"type": "LineString", "coordinates": [[127.1334191, 35.8524471], [127.13331740000001, 35.8525165], [127.13129006666668, 35.851885599999996]]}}, {"type": "Feature", "id": "osm-way-116056110", "properties": {"osm_id": 116056110, "highway": "service", "name": null, "foot": null, "access": null, "surface": null, "source": "OpenStreetMap contributors", "source_layer": "openstreetmap_campus_paths"}, "geometry": {"type": "LineString", "coordinates": [[127.1281108, 35.8499884], [127.1280931, 35.8500662], [127.12803075, 35.8504035], [127.1279705, 35.8505315], [127.1278083, 35.8505216], [127.1276851, 35.8505438], [127.1275217, 35.8504405], [127.1275629, 35.8502065]]}}, {"type": "Feature", "id": "osm-way-116056112", "properties": {"osm_id": 116056112, "highway": "service", "name": null, "foot": null, "access": null, "surface": null, "source": "OpenStreetMap contributors", "source_layer": "openstreetmap_campus_paths"}, "geometry": {"type": "LineString", "coordinates": [[127.1260202, 35.8511039], [127.1261649, 35.8513091], [127.1262852, 35.8513872], [127.1265386, 35.8514973], [127.1267078, 35.8515255], [127.1265386, 35.8514973]]}}, {"type": "Feature", "id": "osm-way-116056114", "properties": {"osm_id": 116056114, "highway": "path", "name": null, "foot": null, "access": null, "surface": null, "source": "OpenStreetMap contributors", "source_layer": "openstreetmap_campus_paths"}, "geometry": {"type": "LineString", "coordinates": [[127.1361846, 35.8504091], [127.1364698, 35.850229], [127.1366161, 35.8500526], [127.1366753, 35.8499053], [127.1367609, 35.8498025], [127.1368923, 35.8497266], [127.137123, 35.8496568], [127.1374143, 35.8496348], [127.1377891, 35.8496902], [127.1381284, 35.8497119], [127.1383843, 35.8498436], [127.1386734, 35.8499041], [127.1387793, 35.8499525], [127.1388443, 35.8500352], [127.13891534999999, 35.8501775], [127.1392943, 35.8504527], [127.1396723, 35.850492599999995], [127.1397323, 35.8504652], [127.1398737, 35.8504411], [127.1399492, 35.850448], [127.1401313, 35.8504142], [127.1403786, 35.8503242], [127.140732, 35.8501927], [127.1410116, 35.8500592], [127.14107095550413, 35.850033170736516], [127.141363, 35.8499051], [127.1416088, 35.8497974], [127.141942, 35.8496893], [127.1422729, 35.8496318], [127.1425102, 35.8494985], [127.1425632, 35.8493091], [127.1425125, 35.8491189], [127.1425917, 35.8489621], [127.1427534, 35.8488079], [127.1427725, 35.8486794], [127.1427503, 35.8485972], [127.1426802, 35.8485364]]}}, {"type": "Feature", "id": "osm-way-116056117", "properties": {"osm_id": 116056117, "highway": "service", "name": null, "foot": null, "access": null, "surface": null, "source": "OpenStreetMap contributors", "source_layer": "openstreetmap_campus_paths"}, "geometry": {"type": "LineString", "coordinates": [[127.1264886, 35.8511775], [127.1262852, 35.8513872]]}}, {"type": "Feature", "id": "osm-way-116056236", "properties": {"osm_id": 116056236, "highway": "residential", "name": null, "foot": null, "access": null, "surface": "asphalt", "source": "OpenStreetMap contributors", "source_layer": "openstreetmap_campus_paths"}, "geometry": {"type": "LineString", "coordinates": [[127.12532850000001, 35.85009156666666], [127.12530915, 35.849982350000005], [127.1253563972828, 35.84984123283519], [127.12547260000001, 35.8494016], [127.1257581, 35.848306449999995], [127.125805, 35.8482148], [127.1258073, 35.8481096], [127.1257648, 35.8480227], [127.1256871, 35.8479613], [127.1256064, 35.8479228], [127.1254689, 35.8479093], [127.1254143, 35.84790098333333], [127.1244139, 35.8477936], [127.1242398, 35.84774], [127.12411134999999, 35.84762165], [127.1240153, 35.8475396], [127.1239986, 35.8474253], [127.1239789, 35.847254], [127.1238981, 35.8470986], [127.1238251, 35.8470516], [127.1236917, 35.84703625], [127.12352770000001, 35.84700235], [127.1232216, 35.8470129], [127.12309872480895, 35.847023712636556], [127.1230016, 35.8470308], [127.1229273, 35.8470268], [127.1228717, 35.8470299], [127.1227756, 35.847009], [127.1226836, 35.8469643], [127.12263525, 35.84690075], [127.1225645, 35.8468565]]}}, {"type": "Feature", "id": "osm-way-116056238", "properties": {"osm_id": 116056238, "highway": "footway", "name": null, "foot": "designated", "access": null, "surface": null, "source": "OpenStreetMap contributors", "source_layer": "openstreetmap_campus_paths"}, "geometry": {"type": "LineString", "coordinates": [[127.1239402, 35.8470618], [127.1240081, 35.8470176], [127.1243139, 35.846811], [127.1244508, 35.8466549], [127.1245845, 35.8465793], [127.1247814, 35.8464077], [127.1249623, 35.8461879], [127.1252365, 35.8458649], [127.1252778, 35.8457178], [127.1252318, 35.845665999999994]]}}, {"type": "Feature", "id": "osm-way-116894922", "properties": {"osm_id": 116894922, "highway": "residential", "name": "\uae08\uc5545\uae38", "foot": null, "access": null, "surface": null, "source": "OpenStreetMap contributors", "source_layer": "openstreetmap_campus_paths"}, "geometry": {"type": "LineString", "coordinates": [[127.1352801, 35.8399291], [127.1359818, 35.8401247], [127.1362447, 35.8401995]]}}, {"type": "Feature", "id": "osm-way-116895299", "properties": {"osm_id": 116895299, "highway": "service", "name": null, "foot": null, "access": null, "surface": null, "source": "OpenStreetMap contributors", "source_layer": "openstreetmap_campus_paths"}, "geometry": {"type": "LineString", "coordinates": [[127.1238656, 35.8441203], [127.12379075, 35.8441665], [127.1236213, 35.8443583], [127.12405703068303, 35.84474031538327]]}}, {"type": "Feature", "id": "osm-way-117908737", "properties": {"osm_id": 117908737, "highway": "service", "name": null, "foot": null, "access": null, "surface": null, "source": "OpenStreetMap contributors", "source_layer": "openstreetmap_campus_paths"}, "geometry": {"type": "LineString", "coordinates": [[127.1359258, 35.84411565], [127.13594352, 35.84418248], [127.1359763, 35.844401]]}}, {"type": "Feature", "id": "osm-way-117912014", "properties": {"osm_id": 117912014, "highway": "service", "name": null, "foot": null, "access": null, "surface": null, "source": "OpenStreetMap contributors", "source_layer": "openstreetmap_campus_paths"}, "geometry": {"type": "LineString", "coordinates": [[127.1260765, 35.8498732], [127.12610112629643, 35.84966891808428], [127.12628650000002, 35.8496836]]}}, {"type": "Feature", "id": "osm-way-117912018", "properties": {"osm_id": 117912018, "highway": "service", "name": null, "foot": null, "access": null, "surface": null, "source": "OpenStreetMap contributors", "source_layer": "openstreetmap_campus_paths"}, "geometry": {"type": "LineString", "coordinates": [[127.1290314, 35.8514387], [127.1293338, 35.8515056]]}}, {"type": "Feature", "id": "osm-way-117912019", "properties": {"osm_id": 117912019, "highway": "service", "name": null, "foot": null, "access": null, "surface": null, "source": "OpenStreetMap contributors", "source_layer": "openstreetmap_campus_paths"}, "geometry": {"type": "LineString", "coordinates": [[127.1288444, 35.8518254], [127.1288909, 35.8516612], [127.1289696, 35.8516803], [127.1290314, 35.8514387], [127.12906302869563, 35.85133320577386], [127.1291122, 35.8511692], [127.1291151, 35.8510815], [127.1290681, 35.851014], [127.1289986, 35.8509226], [127.1289658, 35.8508142], [127.1290288, 35.8507396]]}}, {"type": "Feature", "id": "osm-way-117912023", "properties": {"osm_id": 117912023, "highway": "service", "name": null, "foot": null, "access": null, "surface": null, "source": "OpenStreetMap contributors", "source_layer": "openstreetmap_campus_paths"}, "geometry": {"type": "LineString", "coordinates": [[127.1262806, 35.8498715], [127.12628650000002, 35.8496836], [127.12610112629643, 35.84966891808428]]}}, {"type": "Feature", "id": "osm-way-117912024", "properties": {"osm_id": 117912024, "highway": "service", "name": null, "foot": null, "access": null, "surface": null, "source": "OpenStreetMap contributors", "source_layer": "openstreetmap_campus_paths"}, "geometry": {"type": "LineString", "coordinates": [[127.1253563972828, 35.84984123283519], [127.12545715213089, 35.849840676492526], [127.1260765, 35.8498732], [127.1262806, 35.8498715], [127.1264736, 35.8498727]]}}, {"type": "Feature", "id": "osm-way-118005781", "properties": {"osm_id": 118005781, "highway": "service", "name": null, "foot": null, "access": null, "surface": null, "source": "OpenStreetMap contributors", "source_layer": "openstreetmap_campus_paths"}, "geometry": {"type": "LineString", "coordinates": [[127.1317313, 35.8410906], [127.1317246, 35.8410319], [127.13166505000001, 35.8410088], [127.1315998, 35.8410091], [127.1314641, 35.8410264]]}}, {"type": "Feature", "id": "osm-way-118005789", "properties": {"osm_id": 118005789, "highway": "service", "name": "\uad8c\uc0bc\ub4dd\ub85c", "foot": null, "access": null, "surface": "asphalt", "source": "OpenStreetMap contributors", "source_layer": "openstreetmap_campus_paths"}, "geometry": {"type": "LineString", "coordinates": [[127.1323053, 35.8406191], [127.132262, 35.8406833], [127.1321802, 35.8406758], [127.1321156, 35.8407105], [127.1320287, 35.8407235], [127.1319432, 35.8408093]]}}, {"type": "Feature", "id": "osm-way-124702971", "properties": {"osm_id": 124702971, "highway": "living_street", "name": "\uba85\ub95c3\uae38", "foot": null, "access": null, "surface": null, "source": "OpenStreetMap contributors", "source_layer": "openstreetmap_campus_paths"}, "geometry": {"type": "LineString", "coordinates": [[127.126724, 35.8416494], [127.12681022000001, 35.84172876], [127.1274552, 35.8422774], [127.1280128, 35.8427516], [127.1283561, 35.8429994], [127.1286115, 35.843201], [127.1287013, 35.8432553]]}}, {"type": "Feature", "id": "osm-way-229731315", "properties": {"osm_id": 229731315, "highway": "service", "name": null, "foot": null, "access": null, "surface": null, "source": "OpenStreetMap contributors", "source_layer": "openstreetmap_campus_paths"}, "geometry": {"type": "LineString", "coordinates": [[127.140598, 35.8492507], [127.1400172, 35.8490829], [127.13906889087146, 35.848813836496475], [127.13888943612334, 35.84876346232122], [127.1382903, 35.8485953], [127.138053, 35.8485285], [127.137197, 35.8483007], [127.1369226, 35.8482557], [127.1366561, 35.8481811], [127.1365076, 35.8481353], [127.13645215, 35.848088950000005], [127.1363735, 35.8480993], [127.1362449, 35.8480608], [127.1360995, 35.8480179], [127.1359451, 35.847961749999996]]}}, {"type": "Feature", "id": "osm-way-231042474", "properties": {"osm_id": 231042474, "highway": "service", "name": null, "foot": null, "access": null, "surface": null, "source": "OpenStreetMap contributors", "source_layer": "openstreetmap_campus_paths"}, "geometry": {"type": "LineString", "coordinates": [[127.13767575, 35.845642325], [127.13696454000001, 35.8471595], [127.1369178, 35.8472683], [127.136534, 35.8480881], [127.1365076, 35.8481353]]}}, {"type": "Feature", "id": "osm-way-231049010", "properties": {"osm_id": 231049010, "highway": "service", "name": null, "foot": null, "access": null, "surface": null, "source": "OpenStreetMap contributors", "source_layer": "openstreetmap_campus_paths"}, "geometry": {"type": "LineString", "coordinates": [[127.141413, 35.8484979], [127.1405915, 35.848255], [127.14033483271679, 35.84817649130291], [127.1401253, 35.8481124], [127.1394615, 35.8479174]]}}, {"type": "Feature", "id": "osm-way-231049101", "properties": {"osm_id": 231049101, "highway": "service", "name": null, "foot": null, "access": null, "surface": null, "source": "OpenStreetMap contributors", "source_layer": "openstreetmap_campus_paths"}, "geometry": {"type": "LineString", "coordinates": [[127.1383675, 35.8443983], [127.13843295, 35.84444415], [127.1394983, 35.8447452]]}}, {"type": "Feature", "id": "osm-way-231158616", "properties": {"osm_id": 231158616, "highway": "living_street", "name": "\uac74\uc9c01\uae38", "foot": null, "access": null, "surface": null, "source": "OpenStreetMap contributors", "source_layer": "openstreetmap_campus_paths"}, "geometry": {"type": "LineString", "coordinates": [[127.1386411, 35.8437968], [127.1387125, 35.8438249], [127.1397183, 35.8441148], [127.14047200353514, 35.84435503365945]]}}, {"type": "Feature", "id": "osm-way-231158640", "properties": {"osm_id": 231158640, "highway": "service", "name": null, "foot": null, "access": null, "surface": null, "source": "OpenStreetMap contributors", "source_layer": "openstreetmap_campus_paths"}, "geometry": {"type": "LineString", "coordinates": [[127.1379649, 35.8476712], [127.138024, 35.8475397], [127.1380668, 35.8474444], [127.1381318, 35.8472957]]}}, {"type": "Feature", "id": "osm-way-231159443", "properties": {"osm_id": 231159443, "highway": "footway", "name": null, "foot": null, "access": null, "surface": "concrete", "source": "OpenStreetMap contributors", "source_layer": "openstreetmap_campus_paths"}, "geometry": {"type": "LineString", "coordinates": [[127.12244123342641, 35.85028061628711], [127.12293230113585, 35.85002379660164], [127.1232366, 35.8499267], [127.1233352, 35.8498967], [127.1235391, 35.8498449], [127.1236959, 35.8498304], [127.1238724, 35.8498001], [127.1239799, 35.849836124999996]]}}, {"type": "Feature", "id": "osm-way-231159444", "properties": {"osm_id": 231159444, "highway": "footway", "name": null, "foot": null, "access": null, "surface": "paving_stones", "source": "OpenStreetMap contributors", "source_layer": "openstreetmap_campus_paths"}, "geometry": {"type": "LineString", "coordinates": [[127.12418862, 35.84973864]]}}, {"type": "Feature", "id": "osm-way-239700243", "properties": {"osm_id": 239700243, "highway": "service", "name": null, "foot": null, "access": null, "surface": null, "source": "OpenStreetMap contributors", "source_layer": "openstreetmap_campus_paths"}, "geometry": {"type": "LineString", "coordinates": [[127.1377365, 35.8445669], [127.1377113, 35.8446384], [127.1375931, 35.8449738], [127.1376218, 35.845115], [127.1375873, 35.8453124], [127.1375468, 35.8454801], [127.1374949, 35.8456606], [127.1373069, 35.8459986], [127.1371076, 35.8463409]]}}, {"type": "Feature", "id": "osm-way-258035375", "properties": {"osm_id": 258035375, "highway": "service", "name": null, "foot": null, "access": null, "surface": null, "source": "OpenStreetMap contributors", "source_layer": "openstreetmap_campus_paths"}, "geometry": {"type": "LineString", "coordinates": [[127.13825756892948, 35.844909223692376], [127.1382216, 35.8453953], [127.1384164, 35.8454486], [127.1393011, 35.8456949]]}}, {"type": "Feature", "id": "osm-way-288296550", "properties": {"osm_id": 288296550, "highway": "service", "name": null, "foot": null, "access": null, "surface": null, "source": "OpenStreetMap contributors", "source_layer": "openstreetmap_campus_paths"}, "geometry": {"type": "LineString", "coordinates": [[127.1254093061137, 35.84274863863661], [127.1253584, 35.8426536]]}}, {"type": "Feature", "id": "osm-way-362878970", "properties": {"osm_id": 362878970, "highway": "service", "name": null, "foot": null, "access": null, "surface": null, "source": "OpenStreetMap contributors", "source_layer": "openstreetmap_campus_paths"}, "geometry": {"type": "LineString", "coordinates": [[127.1388853, 35.8470401], [127.1389031, 35.8468953], [127.1390248, 35.8466397], [127.1399152, 35.8469005]]}}, {"type": "Feature", "id": "osm-way-362878973", "properties": {"osm_id": 362878973, "highway": "service", "name": null, "foot": null, "access": null, "surface": null, "source": "OpenStreetMap contributors", "source_layer": "openstreetmap_campus_paths"}, "geometry": {"type": "LineString", "coordinates": [[127.13852949883422, 35.84782316703328], [127.1389774, 35.8479467], [127.1391843, 35.8480078], [127.1393965, 35.8480681]]}}, {"type": "Feature", "id": "osm-way-470940544", "properties": {"osm_id": 470940544, "highway": "footway", "name": null, "foot": null, "access": null, "surface": "concrete", "source": "OpenStreetMap contributors", "source_layer": "openstreetmap_campus_paths"}, "geometry": {"type": "LineString", "coordinates": [[127.12418862, 35.84973864], [127.1243041, 35.8495158], [127.1243206, 35.8493675], [127.1243517, 35.8493241], [127.1244086, 35.849289], [127.1246418, 35.849284], [127.1248064, 35.8492974], [127.1249278, 35.8493134], [127.12503054999999, 35.8493483], [127.1251783, 35.8493804], [127.1252585, 35.849328], [127.1253268, 35.8492727], [127.1252542, 35.84903502], [127.125276, 35.8489688]]}}, {"type": "Feature", "id": "osm-way-470940546", "properties": {"osm_id": 470940546, "highway": "footway", "name": null, "foot": null, "access": null, "surface": "concrete", "source": "OpenStreetMap contributors", "source_layer": "openstreetmap_campus_paths"}, "geometry": {"type": "LineString", "coordinates": [[127.1252542, 35.84903502], [127.1253535, 35.8489596], [127.1254185, 35.8487981], [127.1253738, 35.8486234], [127.1254389, 35.8484587], [127.1254011, 35.8482708], [127.125282, 35.848146], [127.1249104, 35.8480566], [127.1245878, 35.8480097]]}}, {"type": "Feature", "id": "osm-way-470940550", "properties": {"osm_id": 470940550, "highway": "footway", "name": null, "foot": null, "access": null, "surface": null, "source": "OpenStreetMap contributors", "source_layer": "openstreetmap_campus_paths"}, "geometry": {"type": "LineString", "coordinates": [[127.1228105, 35.8474365], [127.1229892, 35.8473221], [127.1230496, 35.847309], [127.1232473, 35.8472661], [127.1234811, 35.8473188], [127.12356755, 35.847495050000006], [127.1235707, 35.8475708], [127.1236406, 35.847625066666666]]}}, {"type": "Feature", "id": "osm-way-470940552", "properties": {"osm_id": 470940552, "highway": "footway", "name": null, "foot": null, "access": null, "surface": "concrete", "source": "OpenStreetMap contributors", "source_layer": "openstreetmap_campus_paths"}, "geometry": {"type": "LineString", "coordinates": [[127.12418862, 35.84973864], [127.1243988, 35.8497826], [127.1246448, 35.8498081], [127.1248588, 35.8498154], [127.1250665, 35.8498058], [127.1252073, 35.8498272], [127.1253563972828, 35.84984123283519]]}}, {"type": "Feature", "id": "osm-way-470940567", "properties": {"osm_id": 470940567, "highway": "service", "name": null, "foot": null, "access": null, "surface": null, "source": "OpenStreetMap contributors", "source_layer": "openstreetmap_campus_paths"}, "geometry": {"type": "LineString", "coordinates": [[127.1272123, 35.8494671], [127.127312275, 35.84926525], [127.1274294, 35.848728], [127.1274837, 35.8485477], [127.1275023, 35.8484934]]}}, {"type": "Feature", "id": "osm-way-470940568", "properties": {"osm_id": 470940568, "highway": "footway", "name": null, "foot": null, "access": null, "surface": null, "source": "OpenStreetMap contributors", "source_layer": "openstreetmap_campus_paths"}, "geometry": {"type": "LineString", "coordinates": [[127.12709566666666, 35.84977823333333], [127.1270907, 35.8497134], [127.12713146362961, 35.84956386956521], [127.1272185, 35.8492446], [127.1274278, 35.8485982], [127.1274146, 35.8485327], [127.1272682, 35.8484634], [127.1270536, 35.8483688], [127.1269222, 35.8482666], [127.1267988, 35.8481133], [127.1267398, 35.8479666], [127.12662479573572, 35.847915656760236]]}}, {"type": "Feature", "id": "osm-way-470940570", "properties": {"osm_id": 470940570, "highway": "service", "name": null, "foot": null, "access": null, "surface": null, "source": "OpenStreetMap contributors", "source_layer": "openstreetmap_campus_paths"}, "geometry": {"type": "LineString", "coordinates": [[127.1264736, 35.8498727]]}}, {"type": "Feature", "id": "osm-way-470941639", "properties": {"osm_id": 470941639, "highway": "service", "name": "\uac74\uc9c0\ub300\ub85c", "foot": null, "access": null, "surface": null, "source": "OpenStreetMap contributors", "source_layer": "openstreetmap_campus_paths"}, "geometry": {"type": "LineString", "coordinates": [[127.12961742499999, 35.846346675], [127.12981193333333, 35.846341966666664], [127.1299787, 35.8462859], [127.1300786, 35.846246], [127.1301451, 35.8461924], [127.13019353333334, 35.846114633333336], [127.1302321, 35.8460216], [127.1302882, 35.8459511]]}}, {"type": "Feature", "id": "osm-way-470941640", "properties": {"osm_id": 470941640, "highway": "service", "name": "\uac74\uc9c0\ub300\ub85c", "foot": null, "access": null, "surface": null, "source": "OpenStreetMap contributors", "source_layer": "openstreetmap_campus_paths"}, "geometry": {"type": "LineString", "coordinates": [[127.1302882, 35.8459511], [127.1303017, 35.8460142], [127.1302739, 35.8461151], [127.1302581, 35.8461727], [127.1302016, 35.8462967], [127.1301539, 35.8463676], [127.13005283333332, 35.84653956666667], [127.12992865, 35.84666795]]}}, {"type": "Feature", "id": "osm-way-470941641", "properties": {"osm_id": 470941641, "highway": "service", "name": "\uc911\ub3c4\ub85c", "foot": null, "access": null, "surface": null, "source": "OpenStreetMap contributors", "source_layer": "openstreetmap_campus_paths"}, "geometry": {"type": "LineString", "coordinates": [[127.12988295000001, 35.84692835], [127.1299483, 35.84706395], [127.12995492499999, 35.847232149999996]]}}, {"type": "Feature", "id": "osm-way-471373628", "properties": {"osm_id": 471373628, "highway": "steps", "name": null, "foot": null, "access": null, "surface": null, "source": "OpenStreetMap contributors", "source_layer": "openstreetmap_campus_paths"}, "geometry": {"type": "LineString", "coordinates": [[127.1309456, 35.8464955], [127.13107167499999, 35.846480525]]}}, {"type": "Feature", "id": "osm-way-471373631", "properties": {"osm_id": 471373631, "highway": "service", "name": null, "foot": null, "access": null, "surface": null, "source": "OpenStreetMap contributors", "source_layer": "openstreetmap_campus_paths"}, "geometry": {"type": "LineString", "coordinates": [[127.131195492, 35.846471536], [127.1312578, 35.8467984], [127.1310351, 35.84681735], [127.1309366, 35.8468238], [127.13038237568996, 35.84684940004311], [127.1302698, 35.8468546], [127.13006636875, 35.846838968750006], [127.1299272, 35.846821250000005]]}}, {"type": "Feature", "id": "osm-way-471373633", "properties": {"osm_id": 471373633, "highway": "footway", "name": null, "foot": null, "access": null, "surface": null, "source": "OpenStreetMap contributors", "source_layer": "openstreetmap_campus_paths"}, "geometry": {"type": "LineString", "coordinates": [[127.131195492, 35.846471536], [127.13134436666667, 35.84646071666667]]}}, {"type": "Feature", "id": "osm-way-471373639", "properties": {"osm_id": 471373639, "highway": "footway", "name": null, "foot": null, "access": null, "surface": null, "source": "OpenStreetMap contributors", "source_layer": "openstreetmap_campus_paths"}, "geometry": {"type": "LineString", "coordinates": [[127.131976625, 35.8464035], [127.1319817, 35.846351733333336], [127.13198477499999, 35.8462314], [127.131986575, 35.84606325], [127.1319819, 35.8458819], [127.13114115555555, 35.84594321111111]]}}, {"type": "Feature", "id": "osm-way-471373642", "properties": {"osm_id": 471373642, "highway": "footway", "name": null, "foot": null, "access": null, "surface": null, "source": "OpenStreetMap contributors", "source_layer": "openstreetmap_campus_paths"}, "geometry": {"type": "LineString", "coordinates": [[127.1319819, 35.8458819], [127.13201071045032, 35.8458303446812]]}}, {"type": "Feature", "id": "osm-way-471373646", "properties": {"osm_id": 471373646, "highway": "footway", "name": null, "foot": null, "access": null, "surface": null, "source": "OpenStreetMap contributors", "source_layer": "openstreetmap_campus_paths"}, "geometry": {"type": "LineString", "coordinates": [[127.131195492, 35.846471536], [127.13114115555555, 35.84594321111111], [127.13110797254637, 35.845807442444716]]}}, {"type": "Feature", "id": "osm-way-471376689", "properties": {"osm_id": 471376689, "highway": "service", "name": null, "foot": null, "access": null, "surface": null, "source": "OpenStreetMap contributors", "source_layer": "openstreetmap_campus_paths"}, "geometry": {"type": "LineString", "coordinates": [[127.13398155, 35.846294449999995], [127.1340464, 35.8462487], [127.1341806, 35.8461767], [127.13425985927887, 35.84618259697031], [127.13444860397244, 35.84618935666398], [127.1346595, 35.8461961], [127.134656025, 35.846319525], [127.1346389, 35.8465184]]}}, {"type": "Feature", "id": "osm-way-471376690", "properties": {"osm_id": 471376690, "highway": "service", "name": null, "foot": null, "access": null, "surface": null, "source": "OpenStreetMap contributors", "source_layer": "openstreetmap_campus_paths"}, "geometry": {"type": "LineString", "coordinates": [[127.1342332, 35.8466243], [127.1342353, 35.8465049], [127.13425985927887, 35.84618259697031]]}}, {"type": "Feature", "id": "osm-way-471376691", "properties": {"osm_id": 471376691, "highway": "service", "name": null, "foot": null, "access": null, "surface": null, "source": "OpenStreetMap contributors", "source_layer": "openstreetmap_campus_paths"}, "geometry": {"type": "LineString", "coordinates": [[127.13441523333334, 35.84663123333333], [127.1344341, 35.8465087], [127.13444860397244, 35.84618935666398]]}}, {"type": "Feature", "id": "osm-way-471376692", "properties": {"osm_id": 471376692, "highway": "service", "name": null, "foot": null, "access": null, "surface": null, "source": "OpenStreetMap contributors", "source_layer": "openstreetmap_campus_paths"}, "geometry": {"type": "LineString", "coordinates": [[127.13403579654994, 35.84649829274887], [127.1340464, 35.8462487]]}}, {"type": "Feature", "id": "osm-way-471376693", "properties": {"osm_id": 471376693, "highway": "service", "name": null, "foot": null, "access": null, "surface": null, "source": "OpenStreetMap contributors", "source_layer": "openstreetmap_campus_paths"}, "geometry": {"type": "LineString", "coordinates": [[127.13398155, 35.846294449999995], [127.1339093, 35.8464103], [127.1338901, 35.8464931]]}}, {"type": "Feature", "id": "osm-way-471394501", "properties": {"osm_id": 471394501, "highway": "steps", "name": null, "foot": null, "access": null, "surface": null, "source": "OpenStreetMap contributors", "source_layer": "openstreetmap_campus_paths"}, "geometry": {"type": "LineString", "coordinates": [[127.13134436666667, 35.84646071666667], [127.13147140303579, 35.846464848011166]]}}, {"type": "Feature", "id": "osm-way-471394503", "properties": {"osm_id": 471394503, "highway": "footway", "name": null, "foot": null, "access": null, "surface": null, "source": "OpenStreetMap contributors", "source_layer": "openstreetmap_campus_paths"}, "geometry": {"type": "LineString", "coordinates": [[127.13107167499999, 35.846480525], [127.13118222801913, 35.84647649477138], [127.131195492, 35.846471536]]}}, {"type": "Feature", "id": "osm-way-471394508", "properties": {"osm_id": 471394508, "highway": "footway", "name": null, "foot": null, "access": null, "surface": null, "source": "OpenStreetMap contributors", "source_layer": "openstreetmap_campus_paths"}, "geometry": {"type": "LineString", "coordinates": [[127.13447956666666, 35.845917166666666], [127.1344885, 35.8458506]]}}, {"type": "Feature", "id": "osm-way-471394509", "properties": {"osm_id": 471394509, "highway": "steps", "name": null, "foot": null, "access": null, "surface": null, "source": "OpenStreetMap contributors", "source_layer": "openstreetmap_campus_paths"}, "geometry": {"type": "LineString", "coordinates": [[127.1344885, 35.8458506], [127.13449875, 35.845657475]]}}, {"type": "Feature", "id": "osm-way-471394514", "properties": {"osm_id": 471394514, "highway": "footway", "name": null, "foot": null, "access": null, "surface": null, "source": "OpenStreetMap contributors", "source_layer": "openstreetmap_campus_paths"}, "geometry": {"type": "LineString", "coordinates": [[127.133285525, 35.847369225], [127.1332794, 35.8474284]]}}, {"type": "Feature", "id": "osm-way-471394516", "properties": {"osm_id": 471394516, "highway": "steps", "name": null, "foot": null, "access": null, "surface": null, "source": "OpenStreetMap contributors", "source_layer": "openstreetmap_campus_paths"}, "geometry": {"type": "LineString", "coordinates": [[127.1332794, 35.8474284], [127.13327397513935, 35.84753417598689]]}}, {"type": "Feature", "id": "osm-way-471394517", "properties": {"osm_id": 471394517, "highway": "footway", "name": null, "foot": null, "access": null, "surface": null, "source": "OpenStreetMap contributors", "source_layer": "openstreetmap_campus_paths"}, "geometry": {"type": "LineString", "coordinates": [[127.13327397513935, 35.84753417598689], [127.1332724, 35.8475808], [127.1332677, 35.84765], [127.1332572, 35.8478025]]}}, {"type": "Feature", "id": "osm-way-471394523", "properties": {"osm_id": 471394523, "highway": "service", "name": null, "foot": null, "access": null, "surface": null, "source": "OpenStreetMap contributors", "source_layer": "openstreetmap_campus_paths"}, "geometry": {"type": "LineString", "coordinates": [[127.1338701, 35.8455800625], [127.133724, 35.8456217], [127.1336506, 35.8457398], [127.1335305, 35.8459124], [127.1333875, 35.8459875], [127.1332069, 35.8459967], [127.1330674, 35.845957], [127.1328829, 35.8458235], [127.1328463, 35.8457635], [127.1327384, 35.8457148], [127.1327909, 35.8455502], [127.1328301, 35.8454373]]}}, {"type": "Feature", "id": "osm-way-471394534", "properties": {"osm_id": 471394534, "highway": "footway", "name": null, "foot": null, "access": null, "surface": null, "source": "OpenStreetMap contributors", "source_layer": "openstreetmap_campus_paths"}, "geometry": {"type": "LineString", "coordinates": [[127.1328301, 35.8454373], [127.132912, 35.8453692], [127.1334823, 35.8454877]]}}, {"type": "Feature", "id": "osm-way-471394536", "properties": {"osm_id": 471394536, "highway": "steps", "name": null, "foot": null, "access": null, "surface": null, "source": "OpenStreetMap contributors", "source_layer": "openstreetmap_campus_paths"}, "geometry": {"type": "LineString", "coordinates": [[127.1334823, 35.8454877], [127.1336986, 35.8455279]]}}, {"type": "Feature", "id": "osm-way-471394537", "properties": {"osm_id": 471394537, "highway": "footway", "name": null, "foot": null, "access": null, "surface": null, "source": "OpenStreetMap contributors", "source_layer": "openstreetmap_campus_paths"}, "geometry": {"type": "LineString", "coordinates": [[127.1336986, 35.8455279], [127.1338701, 35.8455800625]]}}, {"type": "Feature", "id": "osm-way-471402128", "properties": {"osm_id": 471402128, "highway": "service", "name": null, "foot": null, "access": null, "surface": null, "source": "OpenStreetMap contributors", "source_layer": "openstreetmap_campus_paths"}, "geometry": {"type": "LineString", "coordinates": [[127.1275023, 35.8484934], [127.12768198597858, 35.84846594012377], [127.12869994185213, 35.84830857872299], [127.1288984, 35.8482786], [127.128982, 35.8482528]]}}, {"type": "Feature", "id": "osm-way-471464137", "properties": {"osm_id": 471464137, "highway": "footway", "name": null, "foot": null, "access": null, "surface": null, "source": "OpenStreetMap contributors", "source_layer": "openstreetmap_campus_paths"}, "geometry": {"type": "LineString", "coordinates": [[127.1266064, 35.850047], [127.1267607, 35.8500492], [127.1269002, 35.8500129], [127.1270825, 35.8499393], [127.1272778, 35.8499078], [127.127459, 35.8498401], [127.1276648, 35.8498099], [127.1278675, 35.8498301]]}}, {"type": "Feature", "id": "osm-way-471464139", "properties": {"osm_id": 471464139, "highway": "footway", "name": null, "foot": null, "access": null, "surface": null, "source": "OpenStreetMap contributors", "source_layer": "openstreetmap_campus_paths"}, "geometry": {"type": "LineString", "coordinates": [[127.1270825, 35.8499393], [127.12709566666666, 35.84977823333333]]}}, {"type": "Feature", "id": "osm-way-471464141", "properties": {"osm_id": 471464141, "highway": "footway", "name": null, "foot": null, "access": null, "surface": null, "source": "OpenStreetMap contributors", "source_layer": "openstreetmap_campus_paths"}, "geometry": {"type": "LineString", "coordinates": [[127.1278675, 35.8498301], [127.12808957372656, 35.84986684206666]]}}, {"type": "Feature", "id": "osm-way-471464143", "properties": {"osm_id": 471464143, "highway": "footway", "name": null, "foot": null, "access": null, "surface": null, "source": "OpenStreetMap contributors", "source_layer": "openstreetmap_campus_paths"}, "geometry": {"type": "LineString", "coordinates": [[127.12808957372656, 35.84986684206666], [127.1281481, 35.8498917], [127.1282184, 35.8499079]]}}, {"type": "Feature", "id": "osm-way-471464146", "properties": {"osm_id": 471464146, "highway": "footway", "name": null, "foot": null, "access": null, "surface": "paving_stones", "source": "OpenStreetMap contributors", "source_layer": "openstreetmap_campus_paths"}, "geometry": {"type": "LineString", "coordinates": [[127.1282184, 35.8499079], [127.1290288, 35.8507396], [127.12934661836617, 35.85097388670744], [127.129631, 35.8512409], [127.1298883, 35.8514279], [127.1301002, 35.8515268], [127.13020861001486, 35.85158845901328], [127.1304318, 35.8517154], [127.130597, 35.851815], [127.130661, 35.8518535]]}}, {"type": "Feature", "id": "osm-way-471464150", "properties": {"osm_id": 471464150, "highway": "footway", "name": null, "foot": null, "access": null, "surface": "paving_stones", "source": "OpenStreetMap contributors", "source_layer": "openstreetmap_campus_paths"}, "geometry": {"type": "LineString", "coordinates": [[127.130661, 35.8518535], [127.13087943333335, 35.851818699999995], [127.1326311, 35.8512566], [127.1330198, 35.8511388], [127.1345829, 35.8507413], [127.1348591, 35.850648899999996], [127.1350799, 35.850485], [127.1352697, 35.8503063], [127.1353288, 35.8502365], [127.1354287, 35.8501331], [127.1355261, 35.8499852], [127.13578700000001, 35.849452]]}}, {"type": "Feature", "id": "osm-way-471464161", "properties": {"osm_id": 471464161, "highway": "footway", "name": null, "foot": null, "access": null, "surface": null, "source": "OpenStreetMap contributors", "source_layer": "openstreetmap_campus_paths"}, "geometry": {"type": "LineString", "coordinates": [[127.1365871, 35.8481077], [127.136534, 35.8480881], [127.13645215, 35.848088950000005]]}}, {"type": "Feature", "id": "osm-way-471464164", "properties": {"osm_id": 471464164, "highway": "footway", "name": null, "foot": null, "access": null, "surface": null, "source": "OpenStreetMap contributors", "source_layer": "openstreetmap_campus_paths"}, "geometry": {"type": "LineString", "coordinates": [[127.13645215, 35.848088950000005], [127.1360353, 35.8479441]]}}, {"type": "Feature", "id": "osm-way-471464166", "properties": {"osm_id": 471464166, "highway": "tertiary_link", "name": null, "foot": null, "access": null, "surface": null, "source": "OpenStreetMap contributors", "source_layer": "openstreetmap_campus_paths"}, "geometry": {"type": "LineString", "coordinates": [[127.1362785, 35.8483443], [127.1364538, 35.848245]]}}, {"type": "Feature", "id": "osm-way-471464168", "properties": {"osm_id": 471464168, "highway": "tertiary_link", "name": "\uc870\uacbd\ub2e8\ub85c", "foot": null, "access": null, "surface": null, "source": "OpenStreetMap contributors", "source_layer": "openstreetmap_campus_paths"}, "geometry": {"type": "LineString", "coordinates": [[127.1364538, 35.848245], [127.1364997, 35.8483129], [127.1365841, 35.8484297], [127.1365567, 35.8485195], [127.136346, 35.8489687], [127.1360534, 35.84957103333333], [127.1359669, 35.8497459], [127.1357749, 35.8500212], [127.13568795, 35.850021]]}}, {"type": "Feature", "id": "osm-way-471464179", "properties": {"osm_id": 471464179, "highway": "footway", "name": null, "foot": null, "access": null, "surface": null, "source": "OpenStreetMap contributors", "source_layer": "openstreetmap_campus_paths"}, "geometry": {"type": "LineString", "coordinates": [[127.1361402, 35.8495939], [127.1360732, 35.8497527], [127.1358392, 35.8500754], [127.13563465, 35.8502835]]}}, {"type": "Feature", "id": "osm-way-471464181", "properties": {"osm_id": 471464181, "highway": "footway", "name": null, "foot": null, "access": null, "surface": null, "source": "OpenStreetMap contributors", "source_layer": "openstreetmap_campus_paths"}, "geometry": {"type": "LineString", "coordinates": [[127.13563465, 35.8502835], [127.1354217, 35.850517], [127.13514624999999, 35.8506973], [127.13485829999999, 35.850851899999995], [127.1342686, 35.8510369], [127.1337921, 35.8511592], [127.1335999, 35.8512295], [127.13343265, 35.851311100000004], [127.1333609, 35.851395800000006], [127.13331213333333, 35.851484766666665], [127.1333055, 35.851532], [127.1332488, 35.85170675], [127.13326429980611, 35.85185378701752], [127.1332826, 35.8519819], [127.1333271, 35.8521342], [127.1333964, 35.8522839], [127.1335044, 35.8524197], [127.1336133, 35.8525337], [127.1337534, 35.8526581], [127.1339932, 35.852816], [127.1341637, 35.8529045]]}}, {"type": "Feature", "id": "osm-way-471478384", "properties": {"osm_id": 471478384, "highway": "footway", "name": null, "foot": null, "access": null, "surface": null, "source": "OpenStreetMap contributors", "source_layer": "openstreetmap_campus_paths"}, "geometry": {"type": "LineString", "coordinates": [[127.1266064, 35.850047], [127.1265181, 35.8500382], [127.1264429, 35.8500239], [127.1262657, 35.8500385], [127.1260543, 35.8500079], [127.1259872, 35.8499816], [127.1258653, 35.8499915], [127.1257921, 35.8500079], [127.12568335, 35.84998735], [127.1255969, 35.8499618], [127.1255055, 35.8499577], [127.1254284, 35.849978]]}}, {"type": "Feature", "id": "osm-way-471478385", "properties": {"osm_id": 471478385, "highway": "footway", "name": null, "foot": null, "access": null, "surface": null, "source": "OpenStreetMap contributors", "source_layer": "openstreetmap_campus_paths"}, "geometry": {"type": "LineString", "coordinates": [[127.1254284, 35.849978], [127.12530915, 35.849982350000005]]}}, {"type": "Feature", "id": "osm-way-471478388", "properties": {"osm_id": 471478388, "highway": "footway", "name": null, "foot": null, "access": null, "surface": "paved", "source": "OpenStreetMap contributors", "source_layer": "openstreetmap_campus_paths"}, "geometry": {"type": "LineString", "coordinates": [[127.1242358, 35.8500547], [127.1241915, 35.849953], [127.1241061, 35.8499094], [127.1240243, 35.8498522], [127.1239799, 35.849836124999996]]}}, {"type": "Feature", "id": "osm-way-471478389", "properties": {"osm_id": 471478389, "highway": "footway", "name": null, "foot": null, "access": null, "surface": null, "source": "OpenStreetMap contributors", "source_layer": "openstreetmap_campus_paths"}, "geometry": {"type": "LineString", "coordinates": [[127.12530915, 35.849982350000005], [127.1253563972828, 35.84984123283519]]}}, {"type": "Feature", "id": "osm-way-471478390", "properties": {"osm_id": 471478390, "highway": "footway", "name": null, "foot": null, "access": null, "surface": null, "source": "OpenStreetMap contributors", "source_layer": "openstreetmap_campus_paths"}, "geometry": {"type": "LineString", "coordinates": [[127.125282, 35.848146], [127.1254235, 35.8480403], [127.1255463, 35.8479628]]}}, {"type": "Feature", "id": "osm-way-471478391", "properties": {"osm_id": 471478391, "highway": "service", "name": null, "foot": null, "access": null, "surface": null, "source": "OpenStreetMap contributors", "source_layer": "openstreetmap_campus_paths"}, "geometry": {"type": "LineString", "coordinates": [[127.1288898, 35.844969750000004], [127.1293014, 35.8449599], [127.12931527, 35.845166469999995]]}}, {"type": "Feature", "id": "osm-way-471482890", "properties": {"osm_id": 471482890, "highway": "pedestrian", "name": "\ucc3d\ud3ec\uae38", "foot": null, "access": null, "surface": null, "source": "OpenStreetMap contributors", "source_layer": "openstreetmap_campus_paths"}, "geometry": {"type": "LineString", "coordinates": [[127.1222679, 35.8502864], [127.12244123342641, 35.85028061628711], [127.1228523, 35.8502669], [127.1230957, 35.8502573], [127.12318565000001, 35.850277500000004]]}}, {"type": "Feature", "id": "osm-way-471483933", "properties": {"osm_id": 471483933, "highway": "path", "name": null, "foot": null, "access": null, "surface": null, "source": "OpenStreetMap contributors", "source_layer": "openstreetmap_campus_paths"}, "geometry": {"type": "LineString", "coordinates": [[127.1349137, 35.8519452], [127.1352556, 35.8520391], [127.1355217, 35.8520489], [127.1358041, 35.8520592], [127.136112, 35.8520592], [127.1362923, 35.8520354], [127.1366995, 35.8519818], [127.1367739, 35.8519072], [127.1369211, 35.8519182], [127.1370287, 35.851801], [127.1370605, 35.8516662], [127.1372233, 35.8515916], [127.1372701, 35.8514295], [127.1370853, 35.8513793], [127.1367349, 35.8513306], [127.1364501, 35.8513759], [127.1362288, 35.8513966], [127.13517085000001, 35.8512204]]}}, {"type": "Feature", "id": "osm-way-472050433", "properties": {"osm_id": 472050433, "highway": "footway", "name": null, "foot": null, "access": null, "surface": "paving_stones", "source": "OpenStreetMap contributors", "source_layer": "openstreetmap_campus_paths"}, "geometry": {"type": "LineString", "coordinates": [[127.1239799, 35.849836124999996], [127.12418862, 35.84973864]]}}, {"type": "Feature", "id": "osm-way-472050442", "properties": {"osm_id": 472050442, "highway": "footway", "name": null, "foot": null, "access": null, "surface": "paving_stones", "source": "OpenStreetMap contributors", "source_layer": "openstreetmap_campus_paths"}, "geometry": {"type": "LineString", "coordinates": [[127.1234324, 35.8488227], [127.1233383, 35.8487162], [127.1232583, 35.8487594], [127.1232002, 35.8486877], [127.1231252, 35.8487256], [127.12297520000001, 35.848603350000005], [127.1227464, 35.8482788]]}}, {"type": "Feature", "id": "osm-way-472050450", "properties": {"osm_id": 472050450, "highway": "footway", "name": null, "foot": null, "access": null, "surface": "concrete", "source": "OpenStreetMap contributors", "source_layer": "openstreetmap_campus_paths"}, "geometry": {"type": "LineString", "coordinates": [[127.1249278, 35.8493134], [127.12503054999999, 35.8493483], [127.1251537, 35.8493382], [127.1251975, 35.8493056], [127.1251963, 35.8492375], [127.1251952, 35.8491599], [127.1252542, 35.84903502]]}}, {"type": "Feature", "id": "osm-way-472057136", "properties": {"osm_id": 472057136, "highway": "footway", "name": null, "foot": null, "access": null, "surface": null, "source": "OpenStreetMap contributors", "source_layer": "openstreetmap_campus_paths"}, "geometry": {"type": "LineString", "coordinates": [[127.12356755, 35.847495050000006], [127.12367259999999, 35.8474577]]}}, {"type": "Feature", "id": "osm-way-472057137", "properties": {"osm_id": 472057137, "highway": "footway", "name": null, "foot": null, "access": null, "surface": null, "source": "OpenStreetMap contributors", "source_layer": "openstreetmap_campus_paths"}, "geometry": {"type": "LineString", "coordinates": [[127.12367259999999, 35.8474577], [127.12364943333334, 35.847278100000004], [127.1235773, 35.84719], [127.1234992, 35.8471492], [127.1233889, 35.8471431], [127.12309, 35.8471261], [127.1228945, 35.8471602], [127.1227435, 35.8472276], [127.1228105, 35.8474365], [127.122519, 35.8477401]]}}, {"type": "Feature", "id": "osm-way-472057138", "properties": {"osm_id": 472057138, "highway": "footway", "name": null, "foot": null, "access": null, "surface": null, "source": "OpenStreetMap contributors", "source_layer": "openstreetmap_campus_paths"}, "geometry": {"type": "LineString", "coordinates": [[127.12367259999999, 35.8474577], [127.1237403, 35.84750665], [127.1237546, 35.8475695], [127.12370575, 35.847620899999995], [127.1236406, 35.847625066666666]]}}, {"type": "Feature", "id": "osm-way-472625469", "properties": {"osm_id": 472625469, "highway": "service", "name": null, "foot": null, "access": null, "surface": null, "source": "OpenStreetMap contributors", "source_layer": "openstreetmap_campus_paths"}, "geometry": {"type": "LineString", "coordinates": [[127.1340035, 35.844343], [127.1340119, 35.8443975], [127.1340302, 35.8445091], [127.1343082, 35.844517350000004], [127.1343466, 35.84458855], [127.1343755, 35.84467615], [127.13443886666668, 35.84488736666667], [127.13453795000001, 35.84510905]]}}, {"type": "Feature", "id": "osm-way-472625470", "properties": {"osm_id": 472625470, "highway": "service", "name": null, "foot": null, "access": null, "surface": null, "source": "OpenStreetMap contributors", "source_layer": "openstreetmap_campus_paths"}, "geometry": {"type": "LineString", "coordinates": [[127.1340302, 35.8445091], [127.133935525, 35.84455307499999], [127.1333502, 35.84463336666666], [127.13333750000001, 35.84452375], [127.13333829999999, 35.844479050000004], [127.13330245, 35.844421275]]}}, {"type": "Feature", "id": "osm-way-472625474", "properties": {"osm_id": 472625474, "highway": "footway", "name": null, "foot": null, "access": null, "surface": null, "source": "OpenStreetMap contributors", "source_layer": "openstreetmap_campus_paths"}, "geometry": {"type": "LineString", "coordinates": [[127.1354951, 35.8467972], [127.1360439, 35.8469268], [127.1363222, 35.8469925], [127.1364984803026, 35.84703917269642], [127.13696454000001, 35.8471595]]}}, {"type": "Feature", "id": "osm-way-472625476", "properties": {"osm_id": 472625476, "highway": "footway", "name": null, "foot": null, "access": null, "surface": null, "source": "OpenStreetMap contributors", "source_layer": "openstreetmap_campus_paths"}, "geometry": {"type": "LineString", "coordinates": [[127.13696454000001, 35.8471595]]}}, {"type": "Feature", "id": "osm-way-472625479", "properties": {"osm_id": 472625479, "highway": "footway", "name": null, "foot": null, "access": null, "surface": null, "source": "OpenStreetMap contributors", "source_layer": "openstreetmap_campus_paths"}, "geometry": {"type": "LineString", "coordinates": [[127.1371182, 35.8471992], [127.1378421, 35.8457167]]}}, {"type": "Feature", "id": "osm-way-472625480", "properties": {"osm_id": 472625480, "highway": "footway", "name": null, "foot": null, "access": null, "surface": null, "source": "OpenStreetMap contributors", "source_layer": "openstreetmap_campus_paths"}, "geometry": {"type": "LineString", "coordinates": [[127.1378421, 35.8457167], [127.13767575, 35.845642325], [127.1380168, 35.8447662]]}}, {"type": "Feature", "id": "osm-way-472625481", "properties": {"osm_id": 472625481, "highway": "footway", "name": null, "foot": null, "access": null, "surface": null, "source": "OpenStreetMap contributors", "source_layer": "openstreetmap_campus_paths"}, "geometry": {"type": "LineString", "coordinates": [[127.1378421, 35.8457167], [127.13825756892948, 35.844909223692376], [127.1382795, 35.8448666]]}}, {"type": "Feature", "id": "osm-way-472625483", "properties": {"osm_id": 472625483, "highway": "footway", "name": null, "foot": null, "access": null, "surface": null, "source": "OpenStreetMap contributors", "source_layer": "openstreetmap_campus_paths"}, "geometry": {"type": "LineString", "coordinates": [[127.1371182, 35.8471992], [127.1366783, 35.8481356]]}}, {"type": "Feature", "id": "osm-way-472635972", "properties": {"osm_id": 472635972, "highway": "service", "name": null, "foot": null, "access": null, "surface": null, "source": "OpenStreetMap contributors", "source_layer": "openstreetmap_campus_paths"}, "geometry": {"type": "LineString", "coordinates": [[127.1268596, 35.8455304], [127.1268536, 35.8454735], [127.1269348, 35.8452193], [127.1269641, 35.8451024], [127.1270031, 35.84499085], [127.1266782544232, 35.84487921698499], [127.1265903, 35.8448726]]}}, {"type": "Feature", "id": "osm-way-472635974", "properties": {"osm_id": 472635974, "highway": "footway", "name": null, "foot": null, "access": null, "surface": null, "source": "OpenStreetMap contributors", "source_layer": "openstreetmap_campus_paths"}, "geometry": {"type": "LineString", "coordinates": [[127.1272175, 35.8460961], [127.1275738, 35.8461611], [127.1277144, 35.8461259], [127.1278216, 35.8460811], [127.1279504, 35.8460269], [127.1282575, 35.8460627], [127.1284943, 35.8460861], [127.12871107124094, 35.845956858946046]]}}, {"type": "Feature", "id": "osm-way-472635976", "properties": {"osm_id": 472635976, "highway": "service", "name": null, "foot": null, "access": null, "surface": null, "source": "OpenStreetMap contributors", "source_layer": "openstreetmap_campus_paths"}, "geometry": {"type": "LineString", "coordinates": [[127.1256894, 35.845608], [127.1256634, 35.8455343], [127.12560260000001, 35.8454847], [127.12553, 35.8454758], [127.12546545000001, 35.84551329999999]]}}, {"type": "Feature", "id": "osm-way-472635988", "properties": {"osm_id": 472635988, "highway": "service", "name": null, "foot": null, "access": null, "surface": null, "source": "OpenStreetMap contributors", "source_layer": "openstreetmap_campus_paths"}, "geometry": {"type": "LineString", "coordinates": [[127.1259941, 35.84620683333333], [127.12583132039902, 35.84652582693512], [127.1257782, 35.8466515], [127.1255071, 35.8473101], [127.1267575, 35.8476091], [127.1267083, 35.847759], [127.1268075, 35.847993], [127.1268855, 35.8481301], [127.1269774, 35.8482433], [127.1271175, 35.8483398], [127.127265, 35.8484084], [127.1275023, 35.8484934]]}}, {"type": "Feature", "id": "osm-way-472635991", "properties": {"osm_id": 472635991, "highway": "service", "name": "\uc911\ub3c4\ub85c", "foot": null, "access": null, "surface": null, "source": "OpenStreetMap contributors", "source_layer": "openstreetmap_campus_paths"}, "geometry": {"type": "LineString", "coordinates": [[127.12996435, 35.84737355], [127.12983750000001, 35.8472225], [127.1297467, 35.847208933333334], [127.12968194999999, 35.847179100000005], [127.12965653333333, 35.84714098333333]]}}, {"type": "Feature", "id": "osm-way-472635993", "properties": {"osm_id": 472635993, "highway": "service", "name": null, "foot": null, "access": null, "surface": null, "source": "OpenStreetMap contributors", "source_layer": "openstreetmap_campus_paths"}, "geometry": {"type": "LineString", "coordinates": [[127.1293615, 35.8475193], [127.1293577, 35.8474388], [127.1293545, 35.8473677], [127.12932505, 35.847296275], [127.1293053, 35.8472488], [127.129272125, 35.847188075]]}}, {"type": "Feature", "id": "osm-way-472635995", "properties": {"osm_id": 472635995, "highway": "service", "name": null, "foot": null, "access": null, "surface": null, "source": "OpenStreetMap contributors", "source_layer": "openstreetmap_campus_paths"}, "geometry": {"type": "LineString", "coordinates": [[127.1295478, 35.847184325], [127.129492, 35.847295925], [127.1294474, 35.8473932], [127.1293615, 35.8475193]]}}, {"type": "Feature", "id": "osm-way-472870984", "properties": {"osm_id": 472870984, "highway": "footway", "name": null, "foot": null, "access": null, "surface": "wood", "source": "OpenStreetMap contributors", "source_layer": "openstreetmap_campus_paths"}, "geometry": {"type": "LineString", "coordinates": [[127.1251915, 35.8489722], [127.1250873, 35.8490483], [127.12498, 35.84907], [127.1248633, 35.849068], [127.124772, 35.8490334], [127.1247168, 35.8489832], [127.12463405, 35.8488979], [127.1246179, 35.8487585]]}}, {"type": "Feature", "id": "osm-way-472870986", "properties": {"osm_id": 472870986, "highway": "footway", "name": null, "foot": null, "access": null, "surface": null, "source": "OpenStreetMap contributors", "source_layer": "openstreetmap_campus_paths"}, "geometry": {"type": "LineString", "coordinates": [[127.1246195, 35.8481105], [127.1246063, 35.8480572], [127.1245878, 35.8480097], [127.1244497, 35.8479718], [127.1242479, 35.8479374], [127.1240641, 35.8478546], [127.1239788, 35.847821], [127.123857, 35.847789], [127.1237812, 35.8476991], [127.12370575, 35.847620899999995]]}}, {"type": "Feature", "id": "osm-way-474157087", "properties": {"osm_id": 474157087, "highway": "residential", "name": "\ub9e4\ubd0912\uae38", "foot": null, "access": null, "surface": null, "source": "OpenStreetMap contributors", "source_layer": "openstreetmap_campus_paths"}, "geometry": {"type": "LineString", "coordinates": [[127.1382686, 35.839195], [127.1389257, 35.8390728], [127.1400868, 35.8394242], [127.1416305, 35.8398634]]}}, {"type": "Feature", "id": "osm-way-474157088", "properties": {"osm_id": 474157088, "highway": "residential", "name": "\ub9e4\ubd0912\uae38", "foot": null, "access": null, "surface": null, "source": "OpenStreetMap contributors", "source_layer": "openstreetmap_campus_paths"}, "geometry": {"type": "LineString", "coordinates": [[127.1389257, 35.8390728], [127.13876779775671, 35.83856814383654]]}}, {"type": "Feature", "id": "osm-way-474157089", "properties": {"osm_id": 474157089, "highway": "tertiary", "name": "\uc870\uacbd\ub2e8\ub85c", "foot": null, "access": null, "surface": "asphalt", "source": "OpenStreetMap contributors", "source_layer": "openstreetmap_campus_paths"}, "geometry": {"type": "LineString", "coordinates": [[127.1390294, 35.8429474], [127.138859, 35.8433342], [127.1386411, 35.8437968], [127.1386158, 35.8438666], [127.1383675, 35.8443983], [127.1382918, 35.8445532], [127.1382282, 35.8447082]]}}, {"type": "Feature", "id": "osm-way-474157091", "properties": {"osm_id": 474157091, "highway": "living_street", "name": "\uc0bc\uc1a14\uae38", "foot": null, "access": null, "surface": null, "source": "OpenStreetMap contributors", "source_layer": "openstreetmap_campus_paths"}, "geometry": {"type": "LineString", "coordinates": [[127.1352758, 35.8422922], [127.1355533, 35.8423432]]}}, {"type": "Feature", "id": "osm-way-474157092", "properties": {"osm_id": 474157092, "highway": "living_street", "name": "\uc0bc\uc1a13\uae38", "foot": null, "access": null, "surface": null, "source": "OpenStreetMap contributors", "source_layer": "openstreetmap_campus_paths"}, "geometry": {"type": "LineString", "coordinates": [[127.1378841, 35.8435829], [127.1373797, 35.8439551], [127.1365294, 35.8436551]]}}, {"type": "Feature", "id": "osm-way-474157093", "properties": {"osm_id": 474157093, "highway": "living_street", "name": "\uc0bc\uc1a12\uae38", "foot": null, "access": null, "surface": null, "source": "OpenStreetMap contributors", "source_layer": "openstreetmap_campus_paths"}, "geometry": {"type": "LineString", "coordinates": [[127.134676, 35.8412103], [127.1346196, 35.8413382], [127.1345692, 35.8414591], [127.1345178, 35.841582], [127.1341509, 35.8425699]]}}, {"type": "Feature", "id": "osm-way-474157094", "properties": {"osm_id": 474157094, "highway": "tertiary", "name": "\ubc31\uc81c\ub300\ub85c", "foot": null, "access": null, "surface": "asphalt", "source": "OpenStreetMap contributors", "source_layer": "openstreetmap_campus_paths"}, "geometry": {"type": "LineString", "coordinates": [[127.1386952, 35.8425424], [127.1384565, 35.84247593333333], [127.1380848, 35.8423671], [127.1379344, 35.8423239], [127.1371944, 35.8421058], [127.1369606, 35.842037], [127.1368902, 35.8420163], [127.1365875, 35.8419283], [127.136133, 35.8417963], [127.135827, 35.8417074], [127.1346196, 35.8413382], [127.1345336, 35.8413122], [127.1336638, 35.8410495], [127.1327966, 35.8407865], [127.1326735, 35.8407446], [127.1323053, 35.8406191], [127.1322272, 35.8405984], [127.1321458, 35.8405768], [127.1319831, 35.8405281], [127.131766, 35.8404751], [127.1316468, 35.8404431], [127.1314127, 35.8403737], [127.131087, 35.8402772], [127.1305692, 35.8401228], [127.1300811, 35.8399687], [127.1300275, 35.8399518], [127.129783, 35.8398746], [127.1297165, 35.8398536], [127.1296208, 35.8398087], [127.1294932, 35.83974636666667], [127.1293902, 35.8396884], [127.1293097, 35.8396423], [127.12920673333333, 35.83957766666666], [127.1289683, 35.839431399999995], [127.1287945, 35.839303], [127.1280433, 35.838749], [127.127022, 35.8379903], [127.1266455, 35.8377105], [127.1265673, 35.837652500000004], [127.1264965, 35.8375999], [127.126253, 35.8374299], [127.1260981, 35.8373217], [127.1250521, 35.8365577], [127.1247362, 35.83632695], [127.1246481, 35.8362626], [127.1245119, 35.8361631], [127.1244272, 35.8360984], [127.1239667, 35.8357666], [127.1238812, 35.8357065], [127.1238178, 35.8356607], [127.1237761, 35.8356245], [127.1236939, 35.8355532]]}}, {"type": "Feature", "id": "osm-way-474157140", "properties": {"osm_id": 474157140, "highway": "residential", "name": "\ub9e4\ubd096\uae38", "foot": null, "access": null, "surface": null, "source": "OpenStreetMap contributors", "source_layer": "openstreetmap_campus_paths"}, "geometry": {"type": "LineString", "coordinates": [[127.1387378, 35.8409437], [127.138811, 35.8409216], [127.1394628, 35.8407986], [127.14010771985035, 35.84099829455507], [127.1401397235207, 35.84102030321642], [127.1409881, 35.8412529]]}}, {"type": "Feature", "id": "osm-way-474157141", "properties": {"osm_id": 474157141, "highway": "residential", "name": "\ub9e4\ubd098\uae38", "foot": null, "access": null, "surface": null, "source": "OpenStreetMap contributors", "source_layer": "openstreetmap_campus_paths"}, "geometry": {"type": "LineString", "coordinates": [[127.1393348, 35.8404257], [127.1396698, 35.840346], [127.14012498008177, 35.84047884417703], [127.1411949, 35.8407911]]}}, {"type": "Feature", "id": "osm-way-474157144", "properties": {"osm_id": 474157144, "highway": "tertiary", "name": "\uae30\ub9b0\ub300\ub85c", "foot": null, "access": null, "surface": "asphalt", "source": "OpenStreetMap contributors", "source_layer": "openstreetmap_campus_paths"}, "geometry": {"type": "LineString", "coordinates": [[127.1287428, 35.8401683], [127.1277803, 35.8408694], [127.1274273, 35.8411363], [127.126724, 35.8416494], [127.1260544, 35.8421678], [127.1253584, 35.8426536], [127.1249676, 35.8429223], [127.1242741, 35.8434655], [127.1242244, 35.8435031], [127.1240931, 35.8436083], [127.1240107, 35.8436708], [127.1239426, 35.8437172], [127.1238446, 35.8437839], [127.1236577, 35.843929], [127.12289584977145, 35.84447992801944], [127.1225071, 35.8447504], [127.12223738027517, 35.84496437893644], [127.1219487, 35.8451934], [127.1218381, 35.8452718], [127.1215364, 35.845474], [127.1211725, 35.845724], [127.1210079, 35.8458256], [127.12029148639476, 35.8461969524615], [127.1201747, 35.8462704], [127.1189265, 35.8469391], [127.1182004, 35.8473103], [127.1179533, 35.8474358], [127.1178436, 35.847499], [127.1177629, 35.847552], [127.1176952, 35.8475865], [127.1176458, 35.8476116], [127.1175261, 35.8476857], [127.1173505, 35.8477692], [127.1172821, 35.84781795], [127.1171754, 35.8478708], [127.116208, 35.8483506], [127.1147839, 35.8490439], [127.1144509, 35.849206], [127.1135314, 35.8496264], [127.1130025, 35.8498797], [127.112945, 35.8499072], [127.1127283, 35.8500179], [127.1126359, 35.850065], [127.1125062, 35.850129], [127.1122962, 35.8502355]]}}, {"type": "Feature", "id": "osm-way-474157148", "properties": {"osm_id": 474157148, "highway": "residential", "name": "\ub5a1\uc8045\uae38", "foot": null, "access": null, "surface": null, "source": "OpenStreetMap contributors", "source_layer": "openstreetmap_campus_paths"}, "geometry": {"type": "LineString", "coordinates": [[127.13141240000002, 35.8373566], [127.1311103, 35.8376109], [127.1307238, 35.8379197], [127.1302606, 35.8382634], [127.1298281, 35.8385999], [127.1294351, 35.8389087], [127.1293924428702, 35.83894289268862], [127.12913483333334, 35.839139366666664], [127.1290153, 35.8392453]]}}, {"type": "Feature", "id": "osm-way-474157155", "properties": {"osm_id": 474157155, "highway": "unclassified", "name": "\ub4e4\uc0ac\ud3c9\ub85c", "foot": null, "access": null, "surface": null, "source": "OpenStreetMap contributors", "source_layer": "openstreetmap_campus_paths"}, "geometry": {"type": "LineString", "coordinates": [[127.1208851, 35.8374012], [127.1215227, 35.83787], [127.1220551, 35.8382648], [127.1229948, 35.8389182], [127.123927, 35.8396082], [127.1240195, 35.8396745], [127.1242515, 35.8398265], [127.1247271, 35.840182], [127.1250642, 35.8404344], [127.1257966, 35.8409318], [127.1260764, 35.841156], [127.1264348, 35.8414154], [127.1265659, 35.8414969]]}}, {"type": "Feature", "id": "osm-way-474618534", "properties": {"osm_id": 474618534, "highway": "footway", "name": null, "foot": null, "access": null, "surface": null, "source": "OpenStreetMap contributors", "source_layer": "openstreetmap_campus_paths"}, "geometry": {"type": "LineString", "coordinates": [[127.1312748, 35.8440345], [127.1319967, 35.8439587], [127.13214459277295, 35.84394312130922], [127.1322084, 35.8439364]]}}, {"type": "Feature", "id": "osm-way-474618535", "properties": {"osm_id": 474618535, "highway": "footway", "name": null, "foot": null, "access": null, "surface": null, "source": "OpenStreetMap contributors", "source_layer": "openstreetmap_campus_paths"}, "geometry": {"type": "LineString", "coordinates": [[127.1320671, 35.8443921], [127.1319967, 35.8439587]]}}, {"type": "Feature", "id": "osm-way-474618538", "properties": {"osm_id": 474618538, "highway": "footway", "name": null, "foot": null, "access": null, "surface": null, "source": "OpenStreetMap contributors", "source_layer": "openstreetmap_campus_paths"}, "geometry": {"type": "LineString", "coordinates": [[127.1316944, 35.8444456], [127.1320671, 35.8443921], [127.13227894480666, 35.8443674116765], [127.1327563, 35.8443119], [127.1332857, 35.8442504], [127.1337524, 35.8441961], [127.1340012, 35.8441672]]}}, {"type": "Feature", "id": "osm-way-531389002", "properties": {"osm_id": 531389002, "highway": "tertiary", "name": "\ubc31\uc81c\ub300\ub85c", "foot": null, "access": null, "surface": "asphalt", "source": "OpenStreetMap contributors", "source_layer": "openstreetmap_campus_paths"}, "geometry": {"type": "LineString", "coordinates": [[127.1518569, 35.8464859], [127.15157, 35.8463903], [127.1514106, 35.8463396], [127.1511434, 35.8462546], [127.1507787, 35.8461385], [127.1502875, 35.8460018], [127.1500991, 35.8459484], [127.1500389, 35.8459313], [127.1486448, 35.8455868], [127.1482813, 35.8454792], [127.1474012, 35.8452186], [127.1473274, 35.8451927], [127.1460039, 35.8447513], [127.1459162, 35.8447219], [127.1444568, 35.8442792], [127.1438334, 35.8440866], [127.1436998, 35.8440464], [127.1430594, 35.8438564], [127.1429709, 35.8438298], [127.1428762, 35.843797], [127.1417072, 35.8434537], [127.1416244, 35.8434281], [127.14019091435489, 35.84300421126387], [127.1397829, 35.8428739], [127.1395593, 35.8428024]]}}, {"type": "Feature", "id": "osm-way-531389003", "properties": {"osm_id": 531389003, "highway": "tertiary_link", "name": null, "foot": null, "access": null, "surface": "asphalt", "source": "OpenStreetMap contributors", "source_layer": "openstreetmap_campus_paths"}, "geometry": {"type": "LineString", "coordinates": [[127.1387597, 35.8424318], [127.138802, 35.8423755], [127.13894203333332, 35.84232876666667], [127.1389896, 35.8422971], [127.1390492, 35.8422334], [127.1390972, 35.8421605]]}}, {"type": "Feature", "id": "osm-way-531389004", "properties": {"osm_id": 531389004, "highway": "tertiary", "name": "\ubc31\uc81c\ub300\ub85c", "foot": null, "access": null, "surface": "asphalt", "source": "OpenStreetMap contributors", "source_layer": "openstreetmap_campus_paths"}, "geometry": {"type": "LineString", "coordinates": [[127.1395593, 35.8428024], [127.1393435, 35.8427429], [127.1392573, 35.8427191], [127.1391412, 35.8426871], [127.139049, 35.8426593], [127.1389227, 35.8426176], [127.1386952, 35.8425424]]}}, {"type": "Feature", "id": "osm-way-531389005", "properties": {"osm_id": 531389005, "highway": "tertiary", "name": "\uc870\uacbd\ub2e8\ub85c", "foot": null, "access": null, "surface": "asphalt", "source": "OpenStreetMap contributors", "source_layer": "openstreetmap_campus_paths"}, "geometry": {"type": "LineString", "coordinates": [[127.1391652, 35.8421177], [127.1392244, 35.8423698], [127.1392064, 35.8424452], [127.1391769, 35.8425691], [127.1391412, 35.8426871], [127.13912413333334, 35.84281753333333], [127.1390294, 35.8429474]]}}, {"type": "Feature", "id": "osm-way-580010170", "properties": {"osm_id": 580010170, "highway": "path", "name": "\uad6c\ub984\ub2e4\ub9ac", "foot": null, "access": null, "surface": "paving_stones", "source": "OpenStreetMap contributors", "source_layer": "openstreetmap_campus_paths"}, "geometry": {"type": "LineString", "coordinates": [[127.1242809, 35.8416781], [127.1245271, 35.8414446]]}}, {"type": "Feature", "id": "osm-way-608060431", "properties": {"osm_id": 608060431, "highway": "living_street", "name": null, "foot": null, "access": null, "surface": null, "source": "OpenStreetMap contributors", "source_layer": "openstreetmap_campus_paths"}, "geometry": {"type": "LineString", "coordinates": [[127.1243697, 35.8445534], [127.1242755, 35.8446032], [127.1235222, 35.845094], [127.12286567263646, 35.845518224946886], [127.1224101, 35.8458126], [127.1211729, 35.8464795], [127.1210859, 35.846529], [127.1206922, 35.8467309]]}}, {"type": "Feature", "id": "osm-way-699211820", "properties": {"osm_id": 699211820, "highway": "living_street", "name": "\uba85\ub95c5\uae38", "foot": null, "access": null, "surface": null, "source": "OpenStreetMap contributors", "source_layer": "openstreetmap_campus_paths"}, "geometry": {"type": "LineString", "coordinates": [[127.1248372, 35.8443252], [127.1249341, 35.84431015], [127.1257954, 35.8439796], [127.126904, 35.8435052], [127.1269686, 35.8434774]]}}, {"type": "Feature", "id": "osm-way-701764389", "properties": {"osm_id": 701764389, "highway": "tertiary", "name": "\uae30\ub9b0\ub300\ub85c", "foot": null, "access": null, "surface": "asphalt", "source": "OpenStreetMap contributors", "source_layer": "openstreetmap_campus_paths"}, "geometry": {"type": "LineString", "coordinates": [[127.1298902, 35.8393444], [127.1297061, 35.8394673], [127.1296316, 35.83951903333334], [127.1295095, 35.8396113], [127.1293902, 35.8396884], [127.12927603333333, 35.83977796666667], [127.1291, 35.8399214], [127.1288727, 35.8400868], [127.1287428, 35.8401683]]}}, {"type": "Feature", "id": "osm-way-702333104", "properties": {"osm_id": 702333104, "highway": "living_street", "name": "\uc0bc\uc1a14\uae38", "foot": null, "access": null, "surface": null, "source": "OpenStreetMap contributors", "source_layer": "openstreetmap_campus_paths"}, "geometry": {"type": "LineString", "coordinates": [[127.1355533, 35.8423432], [127.135782, 35.8418116], [127.135827, 35.8417074]]}}, {"type": "Feature", "id": "osm-way-702333105", "properties": {"osm_id": 702333105, "highway": "living_street", "name": "\uae08\uc5543\uae38", "foot": null, "access": null, "surface": null, "source": "OpenStreetMap contributors", "source_layer": "openstreetmap_campus_paths"}, "geometry": {"type": "LineString", "coordinates": [[127.137313, 35.8420034], [127.1374794, 35.8415701], [127.1376397, 35.8410981]]}}, {"type": "Feature", "id": "osm-way-702353194", "properties": {"osm_id": 702353194, "highway": "living_street", "name": "\uba85\ub95c2\uae38", "foot": null, "access": null, "surface": null, "source": "OpenStreetMap contributors", "source_layer": "openstreetmap_campus_paths"}, "geometry": {"type": "LineString", "coordinates": [[127.1277803, 35.8408694], [127.12787782000001, 35.840947320000005], [127.1286607, 35.841609], [127.1289717, 35.8418443]]}}, {"type": "Feature", "id": "osm-way-702353195", "properties": {"osm_id": 702353195, "highway": "living_street", "name": "\uae08\uc5543\uae38", "foot": null, "access": null, "surface": null, "source": "OpenStreetMap contributors", "source_layer": "openstreetmap_campus_paths"}, "geometry": {"type": "LineString", "coordinates": [[127.1388808, 35.8413914], [127.138774, 35.8414198], [127.1384822, 35.8413551], [127.1376397, 35.8410981], [127.1374753, 35.8410405], [127.1367875, 35.8408556], [127.1362997, 35.8407119], [127.1350997, 35.8403261], [127.1348335, 35.8402556], [127.1343936, 35.8401578], [127.1336939, 35.8399711]]}}, {"type": "Feature", "id": "osm-way-702367116", "properties": {"osm_id": 702367116, "highway": "living_street", "name": null, "foot": null, "access": null, "surface": null, "source": "OpenStreetMap contributors", "source_layer": "openstreetmap_campus_paths"}, "geometry": {"type": "LineString", "coordinates": [[127.14006557206659, 35.841779361574126], [127.1398403, 35.8412998]]}}, {"type": "Feature", "id": "osm-way-702367118", "properties": {"osm_id": 702367118, "highway": "living_street", "name": null, "foot": null, "access": null, "surface": null, "source": "OpenStreetMap contributors", "source_layer": "openstreetmap_campus_paths"}, "geometry": {"type": "LineString", "coordinates": [[127.1395955, 35.8426784], [127.1396508, 35.8425343], [127.1396972, 35.8423509]]}}, {"type": "Feature", "id": "osm-way-702367119", "properties": {"osm_id": 702367119, "highway": "residential", "name": "\ub9e4\ubd0910\uae38", "foot": null, "access": null, "surface": null, "source": "OpenStreetMap contributors", "source_layer": "openstreetmap_campus_paths"}, "geometry": {"type": "LineString", "coordinates": [[127.139899, 35.8398804], [127.14032911117961, 35.84000703417963], [127.1414067, 35.8403243]]}}, {"type": "Feature", "id": "osm-way-702980858", "properties": {"osm_id": 702980858, "highway": "living_street", "name": "\ub4e4\uc0ac\ud3c95\uae38", "foot": null, "access": null, "surface": null, "source": "OpenStreetMap contributors", "source_layer": "openstreetmap_campus_paths"}, "geometry": {"type": "LineString", "coordinates": [[127.123495, 35.8422513], [127.1239523, 35.8426965]]}}, {"type": "Feature", "id": "osm-way-702980859", "properties": {"osm_id": 702980859, "highway": "residential", "name": "\ub4e4\uc0ac\ud3c95\uae38", "foot": null, "access": null, "surface": null, "source": "OpenStreetMap contributors", "source_layer": "openstreetmap_campus_paths"}, "geometry": {"type": "LineString", "coordinates": [[127.1240565, 35.8418694], [127.1245143, 35.8422817]]}}, {"type": "Feature", "id": "osm-way-702980861", "properties": {"osm_id": 702980861, "highway": "living_street", "name": "\ub4e4\uc0ac\ud3c94\uae38", "foot": null, "access": null, "surface": null, "source": "OpenStreetMap contributors", "source_layer": "openstreetmap_campus_paths"}, "geometry": {"type": "LineString", "coordinates": [[127.1226334, 35.8414553], [127.122825682225, 35.841640530972754], [127.1230588, 35.8418651], [127.123495, 35.8422513]]}}, {"type": "Feature", "id": "osm-way-702980862", "properties": {"osm_id": 702980862, "highway": "residential", "name": "\ub4e4\uc0ac\ud3c94\uae38", "foot": null, "access": null, "surface": null, "source": "OpenStreetMap contributors", "source_layer": "openstreetmap_campus_paths"}, "geometry": {"type": "LineString", "coordinates": [[127.1232148, 35.8410948], [127.123608, 35.8414601], [127.1240565, 35.8418694]]}}, {"type": "Feature", "id": "osm-way-702980863", "properties": {"osm_id": 702980863, "highway": "living_street", "name": "\ub4e4\uc0ac\ud3c94\uae38", "foot": null, "access": null, "surface": null, "source": "OpenStreetMap contributors", "source_layer": "openstreetmap_campus_paths"}, "geometry": {"type": "LineString", "coordinates": [[127.12371126290789, 35.84074115868926], [127.1241011, 35.8410935]]}}, {"type": "Feature", "id": "osm-way-702980864", "properties": {"osm_id": 702980864, "highway": "living_street", "name": "\ub4e4\uc0ac\ud3c94\uae38", "foot": null, "access": null, "surface": null, "source": "OpenStreetMap contributors", "source_layer": "openstreetmap_campus_paths"}, "geometry": {"type": "LineString", "coordinates": [[127.1244955, 35.8408157], [127.1241153, 35.8404532]]}}, {"type": "Feature", "id": "osm-way-702980865", "properties": {"osm_id": 702980865, "highway": "living_street", "name": "\ub4e4\uc0ac\ud3c92\uae38", "foot": null, "access": null, "surface": null, "source": "OpenStreetMap contributors", "source_layer": "openstreetmap_campus_paths"}, "geometry": {"type": "LineString", "coordinates": [[127.1231022, 35.8395023], [127.1230376, 35.8394418], [127.1226902, 35.8391712]]}}, {"type": "Feature", "id": "osm-way-702980866", "properties": {"osm_id": 702980866, "highway": "living_street", "name": "\ub4e4\uc0ac\ud3c93\uae38", "foot": null, "access": null, "surface": null, "source": "OpenStreetMap contributors", "source_layer": "openstreetmap_campus_paths"}, "geometry": {"type": "LineString", "coordinates": [[127.12268802563327, 35.83977537466332], [127.1231979, 35.8402533], [127.12371126290789, 35.84074115868926]]}}, {"type": "Feature", "id": "osm-way-702980876", "properties": {"osm_id": 702980876, "highway": "residential", "name": "\ub4e4\uc0ac\ud3c95\uae38", "foot": null, "access": null, "surface": null, "source": "OpenStreetMap contributors", "source_layer": "openstreetmap_campus_paths"}, "geometry": {"type": "LineString", "coordinates": [[127.1245143, 35.8422817], [127.1260764, 35.841156]]}}, {"type": "Feature", "id": "osm-way-702980879", "properties": {"osm_id": 702980879, "highway": "living_street", "name": "\uba85\ub95c5\uae38", "foot": null, "access": null, "surface": null, "source": "OpenStreetMap contributors", "source_layer": "openstreetmap_campus_paths"}, "geometry": {"type": "LineString", "coordinates": [[127.1260266, 35.8443172], [127.1251389, 35.8448416], [127.1250988, 35.8448803]]}}, {"type": "Feature", "id": "osm-way-702980880", "properties": {"osm_id": 702980880, "highway": "living_street", "name": "\uba85\ub95c4\uae38", "foot": null, "access": null, "surface": null, "source": "OpenStreetMap contributors", "source_layer": "openstreetmap_campus_paths"}, "geometry": {"type": "LineString", "coordinates": [[127.1270914, 35.84370413333333], [127.1260266, 35.8443172]]}}, {"type": "Feature", "id": "osm-way-702980881", "properties": {"osm_id": 702980881, "highway": "residential", "name": "\uba85\ub95c4\uae38", "foot": null, "access": null, "surface": null, "source": "OpenStreetMap contributors", "source_layer": "openstreetmap_campus_paths"}, "geometry": {"type": "LineString", "coordinates": [[127.1269686, 35.8434774], [127.1271869, 35.8433694]]}}, {"type": "Feature", "id": "osm-way-702980882", "properties": {"osm_id": 702980882, "highway": "living_street", "name": "\uba85\ub95c2\uae38", "foot": null, "access": null, "surface": null, "source": "OpenStreetMap contributors", "source_layer": "openstreetmap_campus_paths"}, "geometry": {"type": "LineString", "coordinates": [[127.1286607, 35.841609], [127.1279844, 35.8420035]]}}, {"type": "Feature", "id": "osm-way-702980883", "properties": {"osm_id": 702980883, "highway": "living_street", "name": "\uba85\ub95c3\uae38", "foot": null, "access": null, "surface": null, "source": "OpenStreetMap contributors", "source_layer": "openstreetmap_campus_paths"}, "geometry": {"type": "LineString", "coordinates": [[127.1271869, 35.8433694], [127.1280128, 35.8427516], [127.1287165, 35.8421007]]}}, {"type": "Feature", "id": "osm-way-702980884", "properties": {"osm_id": 702980884, "highway": "living_street", "name": "\uba85\ub95c2\uae38", "foot": null, "access": null, "surface": null, "source": "OpenStreetMap contributors", "source_layer": "openstreetmap_campus_paths"}, "geometry": {"type": "LineString", "coordinates": [[127.1287165, 35.8421007], [127.1289717, 35.8418443], [127.1295774, 35.8411871]]}}, {"type": "Feature", "id": "osm-way-702980885", "properties": {"osm_id": 702980885, "highway": "service", "name": "\uba85\ub95c3\uae38", "foot": null, "access": null, "surface": null, "source": "OpenStreetMap contributors", "source_layer": "openstreetmap_campus_paths"}, "geometry": {"type": "LineString", "coordinates": [[127.1287861, 35.8425869], [127.1283561, 35.8429994]]}}, {"type": "Feature", "id": "osm-way-702980886", "properties": {"osm_id": 702980886, "highway": "service", "name": "\uba85\ub95c2\uae38", "foot": null, "access": null, "surface": null, "source": "OpenStreetMap contributors", "source_layer": "openstreetmap_campus_paths"}, "geometry": {"type": "LineString", "coordinates": [[127.1287165, 35.8421007], [127.12896914999999, 35.842274399999994], [127.1291059, 35.8423776], [127.1287861, 35.8425869]]}}, {"type": "Feature", "id": "osm-way-702980887", "properties": {"osm_id": 702980887, "highway": "living_street", "name": "\uba85\ub95c1\uae38", "foot": null, "access": null, "surface": null, "source": "OpenStreetMap contributors", "source_layer": "openstreetmap_campus_paths"}, "geometry": {"type": "LineString", "coordinates": [[127.1295774, 35.8411871], [127.1297867, 35.8409372], [127.1304351, 35.840274], [127.13047602000002, 35.84022256], [127.1305692, 35.8401228]]}}, {"type": "Feature", "id": "osm-way-702980888", "properties": {"osm_id": 702980888, "highway": "living_street", "name": "\uba85\ub95c5\uae38", "foot": null, "access": null, "surface": null, "source": "OpenStreetMap contributors", "source_layer": "openstreetmap_campus_paths"}, "geometry": {"type": "LineString", "coordinates": [[127.1245034, 35.8440053], [127.1245737, 35.8439764], [127.1248431, 35.8438514], [127.1254541, 35.8435321]]}}, {"type": "Feature", "id": "osm-way-702980890", "properties": {"osm_id": 702980890, "highway": "living_street", "name": null, "foot": null, "access": null, "surface": null, "source": "OpenStreetMap contributors", "source_layer": "openstreetmap_campus_paths"}, "geometry": {"type": "LineString", "coordinates": [[127.1348253, 35.8429165], [127.1353825, 35.8423885]]}}, {"type": "Feature", "id": "osm-way-702980897", "properties": {"osm_id": 702980897, "highway": "living_street", "name": "\uc870\uacbd\ub2e8\ub85c", "foot": null, "access": null, "surface": null, "source": "OpenStreetMap contributors", "source_layer": "openstreetmap_campus_paths"}, "geometry": {"type": "LineString", "coordinates": [[127.138859, 35.8433342], [127.1389319, 35.8433633], [127.1399223, 35.8436633]]}}, {"type": "Feature", "id": "osm-way-702980901", "properties": {"osm_id": 702980901, "highway": "living_street", "name": "\uac74\uc9c01\uae38", "foot": null, "access": null, "surface": null, "source": "OpenStreetMap contributors", "source_layer": "openstreetmap_campus_paths"}, "geometry": {"type": "LineString", "coordinates": [[127.1399223, 35.8436633], [127.14069944075018, 35.84389648464912]]}}, {"type": "Feature", "id": "osm-way-702980916", "properties": {"osm_id": 702980916, "highway": "living_street", "name": "\uae30\ub9b0\ub300\ub85c", "foot": null, "access": null, "surface": null, "source": "OpenStreetMap contributors", "source_layer": "openstreetmap_campus_paths"}, "geometry": {"type": "LineString", "coordinates": [[127.13287188517032, 35.83822124799995], [127.1327189, 35.8384965], [127.1322605, 35.8390245], [127.1325196, 35.8392107], [127.1328601, 35.8396138]]}}, {"type": "Feature", "id": "osm-way-702980917", "properties": {"osm_id": 702980917, "highway": "living_street", "name": "\ubc31\uc81c\ub300\ub85c", "foot": null, "access": null, "surface": "asphalt", "source": "OpenStreetMap contributors", "source_layer": "openstreetmap_campus_paths"}, "geometry": {"type": "LineString", "coordinates": [[127.13186601839692, 35.838840615007314], [127.1308591, 35.8398634], [127.1308031, 35.8399065], [127.1307547, 35.8400296]]}}, {"type": "Feature", "id": "osm-way-702980918", "properties": {"osm_id": 702980918, "highway": "tertiary", "name": "\uad8c\uc0bc\ub4dd\ub85c", "foot": null, "access": null, "surface": "asphalt", "source": "OpenStreetMap contributors", "source_layer": "openstreetmap_campus_paths"}, "geometry": {"type": "LineString", "coordinates": [[127.1366189, 35.8357987], [127.1365526, 35.8358386], [127.1362127, 35.8361282], [127.1356917, 35.8366927], [127.1353632, 35.8370608], [127.1348535, 35.8375872], [127.1344907, 35.8379607], [127.1340061, 35.838457], [127.1337032, 35.8387344], [127.13364234249642, 35.83879787774718], [127.1328601, 35.8396138], [127.1324491, 35.8400169], [127.1321997, 35.8402804], [127.1321591, 35.8403158], [127.132055, 35.8404254]]}}, {"type": "Feature", "id": "osm-way-702980920", "properties": {"osm_id": 702980920, "highway": "living_street", "name": "\uad8c\uc0bc\ub4dd\ub85c", "foot": null, "access": null, "surface": null, "source": "OpenStreetMap contributors", "source_layer": "openstreetmap_campus_paths"}, "geometry": {"type": "LineString", "coordinates": [[127.1328601, 35.8396138], [127.1330921, 35.8399836]]}}, {"type": "Feature", "id": "osm-way-702980921", "properties": {"osm_id": 702980921, "highway": "living_street", "name": "\uae08\uc5541\uae38", "foot": null, "access": null, "surface": null, "source": "OpenStreetMap contributors", "source_layer": "openstreetmap_campus_paths"}, "geometry": {"type": "LineString", "coordinates": [[127.1330921, 35.8399836], [127.1334007, 35.8404048]]}}, {"type": "Feature", "id": "osm-way-702980923", "properties": {"osm_id": 702980923, "highway": "living_street", "name": "\uae08\uc5546\uae38", "foot": null, "access": null, "surface": null, "source": "OpenStreetMap contributors", "source_layer": "openstreetmap_campus_paths"}, "geometry": {"type": "LineString", "coordinates": [[127.136629, 35.839894], [127.13707630000002, 35.8401101]]}}, {"type": "Feature", "id": "osm-way-702980924", "properties": {"osm_id": 702980924, "highway": "residential", "name": "\uae08\uc5546\uae38", "foot": null, "access": null, "surface": null, "source": "OpenStreetMap contributors", "source_layer": "openstreetmap_campus_paths"}, "geometry": {"type": "LineString", "coordinates": [[127.1362447, 35.8401995], [127.1369688, 35.8404142]]}}, {"type": "Feature", "id": "osm-way-702980925", "properties": {"osm_id": 702980925, "highway": "residential", "name": "\uae08\uc5546\uae38", "foot": null, "access": null, "surface": null, "source": "OpenStreetMap contributors", "source_layer": "openstreetmap_campus_paths"}, "geometry": {"type": "LineString", "coordinates": [[127.1369457, 35.8404792], [127.1372694, 35.8404025]]}}, {"type": "Feature", "id": "osm-way-702980926", "properties": {"osm_id": 702980926, "highway": "service", "name": "\uae08\uc5544\uae38", "foot": null, "access": null, "surface": null, "source": "OpenStreetMap contributors", "source_layer": "openstreetmap_campus_paths"}, "geometry": {"type": "LineString", "coordinates": [[127.1379383, 35.840843]]}}, {"type": "Feature", "id": "osm-way-702980927", "properties": {"osm_id": 702980927, "highway": "service", "name": "\uae08\uc5544\uae38", "foot": null, "access": null, "surface": null, "source": "OpenStreetMap contributors", "source_layer": "openstreetmap_campus_paths"}, "geometry": {"type": "LineString", "coordinates": [[127.1379924, 35.8407955]]}}, {"type": "Feature", "id": "osm-way-702980928", "properties": {"osm_id": 702980928, "highway": "service", "name": "\uae08\uc5544\uae38", "foot": null, "access": null, "surface": null, "source": "OpenStreetMap contributors", "source_layer": "openstreetmap_campus_paths"}, "geometry": {"type": "LineString", "coordinates": [[127.1374345, 35.8403325], [127.1379924, 35.8407955], [127.1379383, 35.840843], [127.1376208, 35.8405817], [127.1373957, 35.8405521]]}}, {"type": "Feature", "id": "osm-way-702980929", "properties": {"osm_id": 702980929, "highway": "residential", "name": "\uae08\uc5544\uae38", "foot": null, "access": null, "surface": null, "source": "OpenStreetMap contributors", "source_layer": "openstreetmap_campus_paths"}, "geometry": {"type": "LineString", "coordinates": [[127.137728, 35.8401236], [127.1374345, 35.8403325], [127.1372694, 35.8404025]]}}, {"type": "Feature", "id": "osm-way-702980930", "properties": {"osm_id": 702980930, "highway": "residential", "name": "\uae08\uc5546\uae38", "foot": null, "access": null, "surface": null, "source": "OpenStreetMap contributors", "source_layer": "openstreetmap_campus_paths"}, "geometry": {"type": "LineString", "coordinates": [[127.1361501, 35.8382077], [127.1366602, 35.8387742], [127.13668951891133, 35.838868329136375], [127.13707630000002, 35.8401101], [127.1370755, 35.8401961], [127.1369688, 35.8404142], [127.1369457, 35.8404792], [127.1367875, 35.8408556]]}}, {"type": "Feature", "id": "osm-way-702980931", "properties": {"osm_id": 702980931, "highway": "living_street", "name": null, "foot": null, "access": null, "surface": null, "source": "OpenStreetMap contributors", "source_layer": "openstreetmap_campus_paths"}, "geometry": {"type": "LineString", "coordinates": [[127.1398067, 35.8418778], [127.1395582, 35.8414009]]}}, {"type": "Feature", "id": "osm-way-702980932", "properties": {"osm_id": 702980932, "highway": "residential", "name": "\uc870\uacbd\ub2e8\ub85c", "foot": null, "access": null, "surface": null, "source": "OpenStreetMap contributors", "source_layer": "openstreetmap_campus_paths"}, "geometry": {"type": "LineString", "coordinates": [[127.1384675, 35.8398499], [127.1391206, 35.8397397]]}}, {"type": "Feature", "id": "osm-way-702980934", "properties": {"osm_id": 702980934, "highway": "residential", "name": "\ub9e4\ubd098\uae38", "foot": null, "access": null, "surface": null, "source": "OpenStreetMap contributors", "source_layer": "openstreetmap_campus_paths"}, "geometry": {"type": "LineString", "coordinates": [[127.1393348, 35.8404257], [127.1391206, 35.8397397], [127.1389257, 35.8390728]]}}, {"type": "Feature", "id": "osm-way-702980941", "properties": {"osm_id": 702980941, "highway": "residential", "name": "\ub9e4\ubd0912\uae38", "foot": null, "access": null, "surface": null, "source": "OpenStreetMap contributors", "source_layer": "openstreetmap_campus_paths"}, "geometry": {"type": "LineString", "coordinates": [[127.139899, 35.8398804], [127.1400868, 35.8394242]]}}, {"type": "Feature", "id": "osm-way-705044466", "properties": {"osm_id": 705044466, "highway": "service", "name": null, "foot": null, "access": null, "surface": null, "source": "OpenStreetMap contributors", "source_layer": "openstreetmap_campus_paths"}, "geometry": {"type": "LineString", "coordinates": [[127.123541, 35.8424285], [127.12341703722466, 35.842506818334904]]}}, {"type": "Feature", "id": "osm-way-705044467", "properties": {"osm_id": 705044467, "highway": "service", "name": null, "foot": null, "access": null, "surface": null, "source": "OpenStreetMap contributors", "source_layer": "openstreetmap_campus_paths"}, "geometry": {"type": "LineString", "coordinates": [[127.123135, 35.842618], [127.1230385, 35.8425279], [127.1233939, 35.8422899], [127.123541, 35.8424285], [127.12368645629866, 35.84245145315558]]}}, {"type": "Feature", "id": "osm-way-705044468", "properties": {"osm_id": 705044468, "highway": "service", "name": null, "foot": null, "access": null, "surface": null, "source": "OpenStreetMap contributors", "source_layer": "openstreetmap_campus_paths"}, "geometry": {"type": "LineString", "coordinates": [[127.123135, 35.842618], [127.1233728, 35.8424705], [127.12341703722466, 35.842506818334904]]}}, {"type": "Feature", "id": "osm-way-705044499", "properties": {"osm_id": 705044499, "highway": "living_street", "name": "\uae30\ub9b0\ub300\ub85c", "foot": null, "access": null, "surface": null, "source": "OpenStreetMap contributors", "source_layer": "openstreetmap_campus_paths"}, "geometry": {"type": "LineString", "coordinates": [[127.1245143, 35.8422817], [127.1249454, 35.8427373], [127.1249857, 35.842782]]}}, {"type": "Feature", "id": "osm-way-706903054", "properties": {"osm_id": 706903054, "highway": "service", "name": null, "foot": null, "access": null, "surface": null, "source": "OpenStreetMap contributors", "source_layer": "openstreetmap_campus_paths"}, "geometry": {"type": "LineString", "coordinates": [[127.1240475, 35.8395055], [127.12387609999999, 35.839341525]]}}, {"type": "Feature", "id": "osm-way-706903055", "properties": {"osm_id": 706903055, "highway": "service", "name": null, "foot": null, "access": null, "surface": null, "source": "OpenStreetMap contributors", "source_layer": "openstreetmap_campus_paths"}, "geometry": {"type": "LineString", "coordinates": [[127.12387609999999, 35.839341525], [127.1240752, 35.8391611]]}}, {"type": "Feature", "id": "osm-way-706903056", "properties": {"osm_id": 706903056, "highway": "service", "name": null, "foot": null, "access": null, "surface": null, "source": "OpenStreetMap contributors", "source_layer": "openstreetmap_campus_paths"}, "geometry": {"type": "LineString", "coordinates": [[127.12387609999999, 35.839341525], [127.123668, 35.8391756], [127.1238598, 35.8390034], [127.1240752, 35.8391611]]}}, {"type": "Feature", "id": "osm-way-706903057", "properties": {"osm_id": 706903057, "highway": "service", "name": null, "foot": null, "access": null, "surface": null, "source": "OpenStreetMap contributors", "source_layer": "openstreetmap_campus_paths"}, "geometry": {"type": "LineString", "coordinates": [[127.123927, 35.8396082], [127.1240475, 35.8395055]]}}, {"type": "Feature", "id": "osm-way-706903059", "properties": {"osm_id": 706903059, "highway": "service", "name": null, "foot": null, "access": null, "surface": null, "source": "OpenStreetMap contributors", "source_layer": "openstreetmap_campus_paths"}, "geometry": {"type": "LineString", "coordinates": [[127.1257966, 35.8409318], [127.1261716, 35.8405817]]}}, {"type": "Feature", "id": "osm-way-707831620", "properties": {"osm_id": 707831620, "highway": "service", "name": null, "foot": null, "access": null, "surface": null, "source": "OpenStreetMap contributors", "source_layer": "openstreetmap_campus_paths"}, "geometry": {"type": "LineString", "coordinates": [[127.1393231, 35.8477043], [127.1392575, 35.8478477], [127.1391843, 35.8480078], [127.1391211, 35.848146]]}}, {"type": "Feature", "id": "osm-way-707834858", "properties": {"osm_id": 707834858, "highway": "service", "name": null, "foot": null, "access": null, "surface": null, "source": "OpenStreetMap contributors", "source_layer": "openstreetmap_campus_paths"}, "geometry": {"type": "LineString", "coordinates": [[127.14211220921737, 35.84550390735118], [127.1420676, 35.8455928], [127.1408702, 35.845224], [127.1407304, 35.8451867], [127.1400084, 35.8449866], [127.1396825, 35.844888], [127.1394101, 35.8448161], [127.1393037, 35.8448131], [127.138964, 35.8448815], [127.1388111, 35.8448863], [127.13865086478711, 35.84485047391328], [127.13837126666665, 35.8447641], [127.1382282, 35.8447082]]}}, {"type": "Feature", "id": "osm-way-707834860", "properties": {"osm_id": 707834860, "highway": "service", "name": null, "foot": null, "access": null, "surface": null, "source": "OpenStreetMap contributors", "source_layer": "openstreetmap_campus_paths"}, "geometry": {"type": "LineString", "coordinates": [[127.1382282, 35.8447082], [127.13840060000001, 35.844719100000006], [127.13874949999999, 35.8447977], [127.1388616, 35.8448318], [127.1389934, 35.8448224], [127.1392756, 35.8447484], [127.1394983, 35.8447452], [127.1397245, 35.8448108], [127.1400505, 35.8449087], [127.1407642, 35.8451153], [127.1409992, 35.8451538], [127.1415939, 35.845333], [127.14211220921737, 35.84550390735118], [127.1420676, 35.8455928]]}}, {"type": "Feature", "id": "osm-way-714966393", "properties": {"osm_id": 714966393, "highway": "living_street", "name": "\uba85\ub95c4\uae38", "foot": null, "access": null, "surface": null, "source": "OpenStreetMap contributors", "source_layer": "openstreetmap_campus_paths"}, "geometry": {"type": "LineString", "coordinates": [[127.1254541, 35.8435321], [127.1262847, 35.8431315], [127.1265588, 35.8429618]]}}, {"type": "Feature", "id": "osm-way-714966395", "properties": {"osm_id": 714966395, "highway": "living_street", "name": "\uba85\ub95c1\uae38", "foot": null, "access": null, "surface": null, "source": "OpenStreetMap contributors", "source_layer": "openstreetmap_campus_paths"}, "geometry": {"type": "LineString", "coordinates": [[127.1291152, 35.8411627], [127.1295518, 35.8407713]]}}, {"type": "Feature", "id": "osm-way-720252315", "properties": {"osm_id": 720252315, "highway": "service", "name": null, "foot": null, "access": null, "surface": null, "source": "OpenStreetMap contributors", "source_layer": "openstreetmap_campus_paths"}, "geometry": {"type": "LineString", "coordinates": [[127.1240107, 35.8436708], [127.1240427, 35.8437432], [127.1241494, 35.8438018], [127.1241544, 35.8438777], [127.1238656, 35.8441203]]}}, {"type": "Feature", "id": "osm-way-720252316", "properties": {"osm_id": 720252316, "highway": "residential", "name": "\ub355\uc9c4\uad11\uc7a5\ub85c", "foot": null, "access": null, "surface": null, "source": "OpenStreetMap contributors", "source_layer": "openstreetmap_campus_paths"}, "geometry": {"type": "LineString", "coordinates": [[127.1240931, 35.8436083], [127.12417523333333, 35.843644866666665], [127.12421025, 35.8437231], [127.1245034, 35.8440053], [127.1245913, 35.84402276666666], [127.1248372, 35.8443252], [127.1246588, 35.8443836], [127.124593, 35.8444064], [127.1246563, 35.8444635], [127.1250988, 35.8448803], [127.12557726666667, 35.845265366666666], [127.12568316666666, 35.84540256666667]]}}, {"type": "Feature", "id": "osm-way-736677384", "properties": {"osm_id": 736677384, "highway": "tertiary", "name": "\uae30\ub9b0\ub300\ub85c", "foot": null, "access": null, "surface": "asphalt", "source": "OpenStreetMap contributors", "source_layer": "openstreetmap_campus_paths"}, "geometry": {"type": "LineString", "coordinates": [[127.1358314, 35.8348613], [127.135756, 35.8349273], [127.1356052, 35.8350831], [127.1352962, 35.8353457], [127.1350156, 35.8355841], [127.1342028, 35.8361927], [127.1334427, 35.8367456], [127.1326199, 35.8373541], [127.1324902, 35.83745], [127.1324137, 35.8375076], [127.1323487, 35.8375565], [127.1321552, 35.8377023], [127.1319659, 35.8378406], [127.1316758, 35.8380572], [127.1312921, 35.8383435], [127.1308001688044, 35.8386946894906], [127.13038968731935, 35.83898773206428], [127.1302561, 35.8390831], [127.1300302, 35.8392444], [127.1298902, 35.8393444]]}}, {"type": "Feature", "id": "osm-way-743598986", "properties": {"osm_id": 743598986, "highway": "service", "name": null, "foot": null, "access": null, "surface": null, "source": "OpenStreetMap contributors", "source_layer": "openstreetmap_campus_paths"}, "geometry": {"type": "LineString", "coordinates": [[127.12912333333334, 35.84713156666666], [127.1290335, 35.847085375], [127.12896975, 35.847031], [127.12891044999999, 35.846963875], [127.12886114999999, 35.846877675], [127.128851725, 35.8467538], [127.1288672, 35.84665], [127.12890677499999, 35.846558675000004], [127.1290019, 35.846450975], [127.1290643, 35.846390725], [127.129125725, 35.846351225], [127.129317775, 35.846315175], [127.12948747499999, 35.84631845], [127.12961742499999, 35.846346675], [127.1297898, 35.846450450000006], [127.12986895, 35.8465294], [127.12992865, 35.84666795], [127.12993195, 35.846743975], [127.1299272, 35.846821250000005], [127.12990995, 35.846865225], [127.12988295000001, 35.84692835], [127.129828125, 35.84700814999999], [127.12975022500001, 35.8470788], [127.12965653333333, 35.84714098333333], [127.1295478, 35.847184325], [127.129272125, 35.847188075], [127.12912333333334, 35.84713156666666]]}}, {"type": "Feature", "id": "osm-way-743633084", "properties": {"osm_id": 743633084, "highway": "service", "name": "\uacf5\ud559\ub85c", "foot": null, "access": null, "surface": null, "source": "OpenStreetMap contributors", "source_layer": "openstreetmap_campus_paths"}, "geometry": {"type": "LineString", "coordinates": [[127.1346389, 35.8465184], [127.1344341, 35.8465087], [127.1342353, 35.8465049], [127.13403579654994, 35.84649829274887], [127.1338901, 35.8464931]]}}, {"type": "Feature", "id": "osm-way-743639971", "properties": {"osm_id": 743639971, "highway": "service", "name": null, "foot": null, "access": null, "surface": null, "source": "OpenStreetMap contributors", "source_layer": "openstreetmap_campus_paths"}, "geometry": {"type": "LineString", "coordinates": [[127.1307116, 35.84881075], [127.13065574918582, 35.84886237169455], [127.130597, 35.8489414], [127.1304289, 35.8490526], [127.1303398, 35.8491582]]}}, {"type": "Feature", "id": "osm-way-743824969", "properties": {"osm_id": 743824969, "highway": "service", "name": null, "foot": null, "access": null, "surface": null, "source": "OpenStreetMap contributors", "source_layer": "openstreetmap_campus_paths"}, "geometry": {"type": "LineString", "coordinates": [[127.1310733, 35.8448335], [127.131099775, 35.8449841], [127.130835, 35.8450145]]}}, {"type": "Feature", "id": "osm-way-743824970", "properties": {"osm_id": 743824970, "highway": "footway", "name": null, "foot": null, "access": null, "surface": null, "source": "OpenStreetMap contributors", "source_layer": "openstreetmap_campus_paths"}, "geometry": {"type": "LineString", "coordinates": [[127.1363884, 35.8446535], [127.1361292, 35.8447276], [127.1353215, 35.8450559]]}}, {"type": "Feature", "id": "osm-way-743824971", "properties": {"osm_id": 743824971, "highway": "service", "name": null, "foot": null, "access": null, "surface": null, "source": "OpenStreetMap contributors", "source_layer": "openstreetmap_campus_paths"}, "geometry": {"type": "LineString", "coordinates": [[127.1352274, 35.8445416], [127.13519225999998, 35.844223140000004]]}}, {"type": "Feature", "id": "osm-way-743824972", "properties": {"osm_id": 743824972, "highway": "service", "name": null, "foot": null, "access": null, "surface": null, "source": "OpenStreetMap contributors", "source_layer": "openstreetmap_campus_paths"}, "geometry": {"type": "LineString", "coordinates": [[127.13360433333332, 35.84348236666667], [127.1335965, 35.8434053], [127.13358663074155, 35.84329668741538], [127.13357298975197, 35.843146566396435], [127.13357895, 35.8429755], [127.1338735, 35.8429522], [127.1342203, 35.8429231]]}}, {"type": "Feature", "id": "osm-way-743824973", "properties": {"osm_id": 743824973, "highway": "service", "name": null, "foot": null, "access": null, "surface": null, "source": "OpenStreetMap contributors", "source_layer": "openstreetmap_campus_paths"}, "geometry": {"type": "LineString", "coordinates": [[127.130493, 35.84376635], [127.1303706, 35.8439147], [127.1302612, 35.8439896], [127.13017102500001, 35.843975225]]}}, {"type": "Feature", "id": "osm-way-743824976", "properties": {"osm_id": 743824976, "highway": "footway", "name": null, "foot": null, "access": null, "surface": null, "source": "OpenStreetMap contributors", "source_layer": "openstreetmap_campus_paths"}, "geometry": {"type": "LineString", "coordinates": [[127.1302339, 35.8446979], [127.13045127980044, 35.8447166429314]]}}, {"type": "Feature", "id": "osm-way-743824977", "properties": {"osm_id": 743824977, "highway": "service", "name": null, "foot": null, "access": null, "surface": null, "source": "OpenStreetMap contributors", "source_layer": "openstreetmap_campus_paths"}, "geometry": {"type": "LineString", "coordinates": [[127.13177803970818, 35.84730810326708], [127.13160105341177, 35.84731060673409]]}}, {"type": "Feature", "id": "osm-way-743824979", "properties": {"osm_id": 743824979, "highway": "steps", "name": null, "foot": null, "access": null, "surface": null, "source": "OpenStreetMap contributors", "source_layer": "openstreetmap_campus_paths"}, "geometry": {"type": "LineString", "coordinates": [[127.13177416, 35.84769072]]}}, {"type": "Feature", "id": "osm-way-743824980", "properties": {"osm_id": 743824980, "highway": "service", "name": null, "foot": null, "access": null, "surface": null, "source": "OpenStreetMap contributors", "source_layer": "openstreetmap_campus_paths"}, "geometry": {"type": "LineString", "coordinates": [[127.13091972500001, 35.847626225], [127.1313709, 35.8476531], [127.1317133, 35.8476609], [127.1317126, 35.8475718], [127.1316989, 35.84744445], [127.13096365514885, 35.84740695522115]]}}, {"type": "Feature", "id": "osm-way-743824981", "properties": {"osm_id": 743824981, "highway": "footway", "name": null, "foot": null, "access": null, "surface": null, "source": "OpenStreetMap contributors", "source_layer": "openstreetmap_campus_paths"}, "geometry": {"type": "LineString", "coordinates": [[127.13160105341177, 35.84731060673409], [127.1315867181413, 35.84743758469887]]}}, {"type": "Feature", "id": "osm-way-743824982", "properties": {"osm_id": 743824982, "highway": "service", "name": null, "foot": null, "access": null, "surface": null, "source": "OpenStreetMap contributors", "source_layer": "openstreetmap_campus_paths"}, "geometry": {"type": "LineString", "coordinates": [[127.130709225, 35.847665250000006], [127.1306502, 35.8475931], [127.13045767403787, 35.84770437376645]]}}, {"type": "Feature", "id": "osm-way-743824983", "properties": {"osm_id": 743824983, "highway": "service", "name": null, "foot": null, "access": null, "surface": null, "source": "OpenStreetMap contributors", "source_layer": "openstreetmap_campus_paths"}, "geometry": {"type": "LineString", "coordinates": [[127.1325847, 35.8478308], [127.13255006666667, 35.847953133333334], [127.13255534999999, 35.8484287]]}}, {"type": "Feature", "id": "osm-way-743824984", "properties": {"osm_id": 743824984, "highway": "service", "name": null, "foot": null, "access": null, "surface": null, "source": "OpenStreetMap contributors", "source_layer": "openstreetmap_campus_paths"}, "geometry": {"type": "LineString", "coordinates": [[127.1355302, 35.8479538], [127.135535, 35.8480091], [127.1355933, 35.8482538], [127.1351667, 35.8483471], [127.1347166, 35.8484378], [127.1342217, 35.8485607], [127.1342043, 35.8486563], [127.1342539, 35.8487585], [127.1343692, 35.84879], [127.1346428, 35.8487759], [127.1351381, 35.8486764]]}}, {"type": "Feature", "id": "osm-way-743824985", "properties": {"osm_id": 743824985, "highway": "service", "name": null, "foot": null, "access": null, "surface": null, "source": "OpenStreetMap contributors", "source_layer": "openstreetmap_campus_paths"}, "geometry": {"type": "LineString", "coordinates": [[127.1347166, 35.8484378], [127.1346437, 35.8482653]]}}, {"type": "Feature", "id": "osm-way-744058688", "properties": {"osm_id": 744058688, "highway": "service", "name": null, "foot": null, "access": null, "surface": null, "source": "OpenStreetMap contributors", "source_layer": "openstreetmap_campus_paths"}, "geometry": {"type": "LineString", "coordinates": [[127.13375264999999, 35.84388335], [127.13405100702096, 35.84388021396874], [127.1341831, 35.843874]]}}, {"type": "Feature", "id": "osm-way-744058689", "properties": {"osm_id": 744058689, "highway": "steps", "name": null, "foot": null, "access": null, "surface": null, "source": "OpenStreetMap contributors", "source_layer": "openstreetmap_campus_paths"}, "geometry": {"type": "LineString", "coordinates": [[127.1341831, 35.843874], [127.134325, 35.8438415]]}}, {"type": "Feature", "id": "osm-way-744058690", "properties": {"osm_id": 744058690, "highway": "footway", "name": null, "foot": null, "access": null, "surface": null, "source": "OpenStreetMap contributors", "source_layer": "openstreetmap_campus_paths"}, "geometry": {"type": "LineString", "coordinates": [[127.13164596666667, 35.8445355], [127.1321104, 35.8444902], [127.1322877465978, 35.84447236999259], [127.1327659, 35.844414], [127.13329500000002, 35.8443624], [127.13375215356284, 35.844313733281446], [127.13334484510064, 35.844356476079454], [127.13375215356284, 35.844313733281446], [127.1338901, 35.8442996], [127.1340075580129, 35.84428579673019], [127.134505825, 35.844230175]]}}, {"type": "Feature", "id": "osm-way-744058691", "properties": {"osm_id": 744058691, "highway": "steps", "name": null, "foot": null, "access": null, "surface": null, "source": "OpenStreetMap contributors", "source_layer": "openstreetmap_campus_paths"}, "geometry": {"type": "LineString", "coordinates": [[127.1340012, 35.8441672], [127.1340075580129, 35.84428579673019]]}}, {"type": "Feature", "id": "osm-way-744058692", "properties": {"osm_id": 744058692, "highway": "footway", "name": null, "foot": null, "access": null, "surface": null, "source": "OpenStreetMap contributors", "source_layer": "openstreetmap_campus_paths"}, "geometry": {"type": "LineString", "coordinates": [[127.13164596666667, 35.8445355], [127.13161272321226, 35.844464623214755], [127.1316944, 35.8444456]]}}, {"type": "Feature", "id": "osm-way-744058693", "properties": {"osm_id": 744058693, "highway": "steps", "name": null, "foot": null, "access": null, "surface": null, "source": "OpenStreetMap contributors", "source_layer": "openstreetmap_campus_paths"}, "geometry": {"type": "LineString", "coordinates": [[127.13375215356284, 35.844313733281446], [127.1337524, 35.8441961]]}}, {"type": "Feature", "id": "osm-way-744058694", "properties": {"osm_id": 744058694, "highway": "steps", "name": null, "foot": null, "access": null, "surface": null, "source": "OpenStreetMap contributors", "source_layer": "openstreetmap_campus_paths"}, "geometry": {"type": "LineString", "coordinates": [[127.13329500000002, 35.8443624], [127.1332857, 35.8442504]]}}, {"type": "Feature", "id": "osm-way-744058695", "properties": {"osm_id": 744058695, "highway": "steps", "name": null, "foot": null, "access": null, "surface": null, "source": "OpenStreetMap contributors", "source_layer": "openstreetmap_campus_paths"}, "geometry": {"type": "LineString", "coordinates": [[127.1327659, 35.844414], [127.1327563, 35.8443119]]}}, {"type": "Feature", "id": "osm-way-744058696", "properties": {"osm_id": 744058696, "highway": "steps", "name": null, "foot": null, "access": null, "surface": null, "source": "OpenStreetMap contributors", "source_layer": "openstreetmap_campus_paths"}, "geometry": {"type": "LineString", "coordinates": [[127.1322877465978, 35.84447236999259], [127.13227894480666, 35.8443674116765]]}}, {"type": "Feature", "id": "osm-way-744058697", "properties": {"osm_id": 744058697, "highway": "service", "name": null, "foot": null, "access": null, "surface": null, "source": "OpenStreetMap contributors", "source_layer": "openstreetmap_campus_paths"}, "geometry": {"type": "LineString", "coordinates": [[127.13227894480666, 35.8443674116765], [127.1322311, 35.8440507]]}}, {"type": "Feature", "id": "osm-way-744058699", "properties": {"osm_id": 744058699, "highway": "service", "name": null, "foot": null, "access": null, "surface": null, "source": "OpenStreetMap contributors", "source_layer": "openstreetmap_campus_paths"}, "geometry": {"type": "LineString", "coordinates": [[127.13453429212731, 35.84380226744971], [127.1344289, 35.8433979]]}}, {"type": "Feature", "id": "osm-way-744058700", "properties": {"osm_id": 744058700, "highway": "service", "name": null, "foot": null, "access": null, "surface": null, "source": "OpenStreetMap contributors", "source_layer": "openstreetmap_campus_paths"}, "geometry": {"type": "LineString", "coordinates": [[127.1322084, 35.8439364], [127.1321562, 35.8436392]]}}, {"type": "Feature", "id": "osm-way-744058702", "properties": {"osm_id": 744058702, "highway": "footway", "name": null, "foot": null, "access": null, "surface": null, "source": "OpenStreetMap contributors", "source_layer": "openstreetmap_campus_paths"}, "geometry": {"type": "LineString", "coordinates": [[127.13050962222223, 35.84535245555555], [127.13066655, 35.84533585], [127.13114765, 35.845266949999996], [127.13111821123468, 35.845162157444946], [127.13110622706273, 35.84503952033449], [127.131099775, 35.8449841]]}}, {"type": "Feature", "id": "osm-way-744058703", "properties": {"osm_id": 744058703, "highway": "footway", "name": null, "foot": null, "access": null, "surface": null, "source": "OpenStreetMap contributors", "source_layer": "openstreetmap_campus_paths"}, "geometry": {"type": "LineString", "coordinates": [[127.13114765, 35.845266949999996], [127.1311603, 35.8453171]]}}, {"type": "Feature", "id": "osm-way-744058704", "properties": {"osm_id": 744058704, "highway": "steps", "name": null, "foot": null, "access": null, "surface": null, "source": "OpenStreetMap contributors", "source_layer": "openstreetmap_campus_paths"}, "geometry": {"type": "LineString", "coordinates": [[127.1312056, 35.8455483], [127.13122824999999, 35.845672449999995]]}}, {"type": "Feature", "id": "osm-way-744058705", "properties": {"osm_id": 744058705, "highway": "footway", "name": null, "foot": null, "access": null, "surface": null, "source": "OpenStreetMap contributors", "source_layer": "openstreetmap_campus_paths"}, "geometry": {"type": "LineString", "coordinates": [[127.1311603, 35.8453171], [127.1312056, 35.8455483]]}}, {"type": "Feature", "id": "osm-way-744058706", "properties": {"osm_id": 744058706, "highway": "track", "name": null, "foot": null, "access": null, "surface": null, "source": "OpenStreetMap contributors", "source_layer": "openstreetmap_campus_paths"}, "geometry": {"type": "LineString", "coordinates": [[127.1287092, 35.8487718], [127.12877423333333, 35.84880006666666], [127.1290518, 35.8487805], [127.129127, 35.8487771], [127.1296527, 35.848763], [127.12980685, 35.848752025], [127.1300091, 35.8487083], [127.13022208033291, 35.84862759073074], [127.13050153333334, 35.8485217]]}}, {"type": "Feature", "id": "osm-way-744058707", "properties": {"osm_id": 744058707, "highway": "track", "name": null, "foot": null, "access": null, "surface": null, "source": "OpenStreetMap contributors", "source_layer": "openstreetmap_campus_paths"}, "geometry": {"type": "LineString", "coordinates": [[127.1296527, 35.848763], [127.1296574, 35.8495388], [127.1295747, 35.8494864], [127.1293956, 35.8494673], [127.1290908, 35.8494558], [127.1290518, 35.8487805]]}}, {"type": "Feature", "id": "osm-way-744058708", "properties": {"osm_id": 744058708, "highway": "track", "name": null, "foot": null, "access": null, "surface": null, "source": "OpenStreetMap contributors", "source_layer": "openstreetmap_campus_paths"}, "geometry": {"type": "LineString", "coordinates": [[127.1297844, 35.84829725], [127.13013376666667, 35.847912433333335]]}}, {"type": "Feature", "id": "osm-way-744058709", "properties": {"osm_id": 744058709, "highway": "track", "name": null, "foot": null, "access": null, "surface": null, "source": "OpenStreetMap contributors", "source_layer": "openstreetmap_campus_paths"}, "geometry": {"type": "LineString", "coordinates": [[127.1297844, 35.84829725], [127.12911555, 35.8483018], [127.129127, 35.8487771]]}}, {"type": "Feature", "id": "osm-way-744058710", "properties": {"osm_id": 744058710, "highway": "track", "name": null, "foot": null, "access": null, "surface": null, "source": "OpenStreetMap contributors", "source_layer": "openstreetmap_campus_paths"}, "geometry": {"type": "LineString", "coordinates": [[127.12911555, 35.8483018], [127.1290532, 35.8482693], [127.128982, 35.8482528]]}}, {"type": "Feature", "id": "osm-way-744058711", "properties": {"osm_id": 744058711, "highway": "footway", "name": null, "foot": null, "access": null, "surface": "paved", "source": "OpenStreetMap contributors", "source_layer": "openstreetmap_campus_paths"}, "geometry": {"type": "LineString", "coordinates": [[127.130514225, 35.848456025000004], [127.1306148, 35.8484173], [127.1307282, 35.8483761], [127.1309236, 35.8483861], [127.1310007, 35.8483454], [127.1311018, 35.8483373], [127.1311901, 35.8483196], [127.1313428, 35.8483049], [127.13145786999999, 35.84831627]]}}, {"type": "Feature", "id": "osm-way-744058712", "properties": {"osm_id": 744058712, "highway": "footway", "name": null, "foot": null, "access": null, "surface": null, "source": "OpenStreetMap contributors", "source_layer": "openstreetmap_campus_paths"}, "geometry": {"type": "LineString", "coordinates": [[127.131475, 35.8478989], [127.1316516, 35.8479043], [127.1318178, 35.8479087], [127.1318223, 35.8478555], [127.1320439, 35.84786193333333], [127.1324789324082, 35.84789280403502], [127.1325058, 35.8479503]]}}, {"type": "Feature", "id": "osm-way-744058713", "properties": {"osm_id": 744058713, "highway": "footway", "name": null, "foot": null, "access": null, "surface": null, "source": "OpenStreetMap contributors", "source_layer": "openstreetmap_campus_paths"}, "geometry": {"type": "LineString", "coordinates": [[127.131475, 35.8478989], [127.1312186, 35.8478987], [127.13031765, 35.847865925]]}}, {"type": "Feature", "id": "osm-way-744058714", "properties": {"osm_id": 744058714, "highway": "track", "name": null, "foot": null, "access": null, "surface": null, "source": "OpenStreetMap contributors", "source_layer": "openstreetmap_campus_paths"}, "geometry": {"type": "LineString", "coordinates": [[127.1290908, 35.8494558], [127.1287895, 35.8494553], [127.1284361, 35.8494541]]}}, {"type": "Feature", "id": "osm-way-744069034", "properties": {"osm_id": 744069034, "highway": "footway", "name": null, "foot": null, "access": null, "surface": null, "source": "OpenStreetMap contributors", "source_layer": "openstreetmap_campus_paths"}, "geometry": {"type": "LineString", "coordinates": [[127.1278604, 35.845598725], [127.1278216, 35.8460811]]}}, {"type": "Feature", "id": "osm-way-744069037", "properties": {"osm_id": 744069037, "highway": "footway", "name": null, "foot": null, "access": null, "surface": null, "source": "OpenStreetMap contributors", "source_layer": "openstreetmap_campus_paths"}, "geometry": {"type": "LineString", "coordinates": [[127.13491715281805, 35.84512474080822], [127.1347805, 35.8452271], [127.13399526452018, 35.84551572280976]]}}, {"type": "Feature", "id": "osm-way-744069038", "properties": {"osm_id": 744069038, "highway": "footway", "name": null, "foot": null, "access": null, "surface": null, "source": "OpenStreetMap contributors", "source_layer": "openstreetmap_campus_paths"}, "geometry": {"type": "LineString", "coordinates": [[127.1347805, 35.8452271], [127.1347129, 35.8453687], [127.1346767, 35.8454415], [127.13462034999999, 35.8455308]]}}, {"type": "Feature", "id": "osm-way-744069039", "properties": {"osm_id": 744069039, "highway": "steps", "name": null, "foot": null, "access": null, "surface": null, "source": "OpenStreetMap contributors", "source_layer": "openstreetmap_campus_paths"}, "geometry": {"type": "LineString", "coordinates": [[127.13453795000001, 35.84510905], [127.1346303, 35.8450902], [127.1346954, 35.845093750000004], [127.13491715281805, 35.84512474080822]]}}, {"type": "Feature", "id": "osm-way-744069040", "properties": {"osm_id": 744069040, "highway": "steps", "name": null, "foot": null, "access": null, "surface": null, "source": "OpenStreetMap contributors", "source_layer": "openstreetmap_campus_paths"}, "geometry": {"type": "LineString", "coordinates": [[127.13391949999999, 35.845521025], [127.134066375, 35.845332075]]}}, {"type": "Feature", "id": "osm-way-744069041", "properties": {"osm_id": 744069041, "highway": "service", "name": null, "foot": null, "access": null, "surface": null, "source": "OpenStreetMap contributors", "source_layer": "openstreetmap_campus_paths"}, "geometry": {"type": "LineString", "coordinates": [[127.1333502, 35.84463336666666], [127.13338411929271, 35.84480852768136], [127.1333777, 35.84490136666666]]}}, {"type": "Feature", "id": "osm-way-744069042", "properties": {"osm_id": 744069042, "highway": "steps", "name": null, "foot": null, "access": null, "surface": null, "source": "OpenStreetMap contributors", "source_layer": "openstreetmap_campus_paths"}, "geometry": {"type": "LineString", "coordinates": [[127.1333777, 35.84490136666666], [127.13338155, 35.84500075]]}}, {"type": "Feature", "id": "osm-way-744069043", "properties": {"osm_id": 744069043, "highway": "footway", "name": null, "foot": null, "access": null, "surface": null, "source": "OpenStreetMap contributors", "source_layer": "openstreetmap_campus_paths"}, "geometry": {"type": "LineString", "coordinates": [[127.13338155, 35.84500075], [127.13337004990233, 35.84506733672417]]}}, {"type": "Feature", "id": "osm-way-744069044", "properties": {"osm_id": 744069044, "highway": "footway", "name": null, "foot": null, "access": null, "surface": null, "source": "OpenStreetMap contributors", "source_layer": "openstreetmap_campus_paths"}, "geometry": {"type": "LineString", "coordinates": [[127.13447896, 35.844336899999995], [127.13460166666668, 35.8446818], [127.13480260520622, 35.84484744480352]]}}, {"type": "Feature", "id": "osm-way-744069045", "properties": {"osm_id": 744069045, "highway": "steps", "name": null, "foot": null, "access": null, "surface": null, "source": "OpenStreetMap contributors", "source_layer": "openstreetmap_campus_paths"}, "geometry": {"type": "LineString", "coordinates": [[127.13460166666668, 35.8446818], [127.1343755, 35.84467615]]}}, {"type": "Feature", "id": "osm-way-744069046", "properties": {"osm_id": 744069046, "highway": "steps", "name": null, "foot": null, "access": null, "surface": null, "source": "OpenStreetMap contributors", "source_layer": "openstreetmap_campus_paths"}, "geometry": {"type": "LineString", "coordinates": [[127.13460166666668, 35.8446818], [127.134721325, 35.844665649999996]]}}, {"type": "Feature", "id": "osm-way-744069047", "properties": {"osm_id": 744069047, "highway": "footway", "name": null, "foot": null, "access": null, "surface": null, "source": "OpenStreetMap contributors", "source_layer": "openstreetmap_campus_paths"}, "geometry": {"type": "LineString", "coordinates": [[127.13391949999999, 35.845521025], [127.13399526452018, 35.84551572280976], [127.13451407777778, 35.84552307777778], [127.13462034999999, 35.8455308], [127.13501573333333, 35.84553326666667], [127.13491715281805, 35.84512474080822], [127.13487275, 35.84500165], [127.13480260520622, 35.84484744480352], [127.134721325, 35.844665649999996], [127.134567275, 35.844334025], [127.13447896, 35.844336899999995], [127.13411797500001, 35.844384074999994]]}}, {"type": "Feature", "id": "osm-way-744069048", "properties": {"osm_id": 744069048, "highway": "footway", "name": null, "foot": null, "access": null, "surface": null, "source": "OpenStreetMap contributors", "source_layer": "openstreetmap_campus_paths"}, "geometry": {"type": "LineString", "coordinates": [[127.13391949999999, 35.845521025], [127.1338701, 35.8455800625]]}}, {"type": "Feature", "id": "osm-way-744071233", "properties": {"osm_id": 744071233, "highway": "footway", "name": null, "foot": null, "access": null, "surface": null, "source": "OpenStreetMap contributors", "source_layer": "openstreetmap_campus_paths"}, "geometry": {"type": "LineString", "coordinates": [[127.1281765, 35.8500916], [127.12803075, 35.8504035], [127.1281037, 35.8504238], [127.1283986, 35.850662]]}}, {"type": "Feature", "id": "osm-way-744071234", "properties": {"osm_id": 744071234, "highway": "steps", "name": null, "foot": null, "access": null, "surface": null, "source": "OpenStreetMap contributors", "source_layer": "openstreetmap_campus_paths"}, "geometry": {"type": "LineString", "coordinates": [[127.1283986, 35.850662], [127.128561, 35.850779], [127.1285502, 35.850866]]}}, {"type": "Feature", "id": "osm-way-744071235", "properties": {"osm_id": 744071235, "highway": "footway", "name": null, "foot": null, "access": null, "surface": null, "source": "OpenStreetMap contributors", "source_layer": "openstreetmap_campus_paths"}, "geometry": {"type": "LineString", "coordinates": [[127.1285502, 35.850866], [127.1284821, 35.8510993], [127.12878746973747, 35.85128092325039]]}}, {"type": "Feature", "id": "osm-way-746161968", "properties": {"osm_id": 746161968, "highway": "steps", "name": "\ub355\uc9c4\uc9c0\ud558\ubcf4\ub3c4", "foot": null, "access": null, "surface": null, "source": "OpenStreetMap contributors", "source_layer": "openstreetmap_campus_paths"}, "geometry": {"type": "LineString", "coordinates": [[127.1266335, 35.8418517], [127.1264214, 35.8420003], [127.1262691, 35.8421228]]}}, {"type": "Feature", "id": "osm-way-746161969", "properties": {"osm_id": 746161969, "highway": "steps", "name": "\ub355\uc9c4\uc9c0\ud558\ubcf4\ub3c4", "foot": null, "access": null, "surface": null, "source": "OpenStreetMap contributors", "source_layer": "openstreetmap_campus_paths"}, "geometry": {"type": "LineString", "coordinates": [[127.12639096666668, 35.841650699999995], [127.1262104, 35.8418158], [127.1260484, 35.8419284]]}}, {"type": "Feature", "id": "osm-way-746161970", "properties": {"osm_id": 746161970, "highway": "path", "name": "\ub355\uc9c4\uc9c0\ud558\ubcf4\ub3c4", "foot": null, "access": null, "surface": null, "source": "OpenStreetMap contributors", "source_layer": "openstreetmap_campus_paths"}, "geometry": {"type": "LineString", "coordinates": [[127.1264214, 35.8420003], [127.1262104, 35.8418158]]}}, {"type": "Feature", "id": "osm-way-764422953", "properties": {"osm_id": 764422953, "highway": "tertiary", "name": "\uae30\ub9b0\ub300\ub85c", "foot": null, "access": null, "surface": "asphalt", "source": "OpenStreetMap contributors", "source_layer": "openstreetmap_campus_paths"}, "geometry": {"type": "LineString", "coordinates": [[127.12029148639476, 35.8461969524615], [127.1209046, 35.8457218], [127.1211856, 35.8455683], [127.121442, 35.8454111], [127.121687, 35.8452113], [127.1218276, 35.8450928], [127.12353443076722, 35.84383077911964], [127.12371173333334, 35.8436997], [127.1238183, 35.8436153], [127.1238709, 35.8435748], [127.1241177, 35.8434195], [127.1249857, 35.842782], [127.1266524, 35.8415544], [127.1273299, 35.8410533], [127.1274098, 35.8409922], [127.1274519, 35.8409609], [127.1281838, 35.8404417], [127.1287886, 35.8400158], [127.1289359, 35.8399121], [127.1291325, 35.8397702], [127.12920503333333, 35.83971783333333], [127.1293097, 35.8396423], [127.1294304, 35.8395532], [127.12952899999999, 35.8394808], [127.1295669, 35.8394531], [127.1297213, 35.8393353], [127.1299441, 35.8391648], [127.1302518, 35.8389293], [127.131166, 35.8382498], [127.1315632, 35.8379658], [127.1317973, 35.8377984], [127.1318596, 35.8377538], [127.131988, 35.8376635], [127.1320799, 35.8375989], [127.1322579, 35.8374688], [127.132526, 35.8372746], [127.1334103, 35.8366342], [127.134111, 35.8361176], [127.1342358, 35.8360152], [127.1349569, 35.8354451], [127.1351613, 35.8352565], [127.1354411, 35.8349985], [127.1355537, 35.8348895], [127.1356023, 35.8348424], [127.1357083, 35.8347576]]}}, {"type": "Feature", "id": "osm-way-847393873", "properties": {"osm_id": 847393873, "highway": "footway", "name": null, "foot": null, "access": null, "surface": "paving_stones", "source": "OpenStreetMap contributors", "source_layer": "openstreetmap_campus_paths"}, "geometry": {"type": "LineString", "coordinates": [[127.1239799, 35.849836124999996]]}}, {"type": "Feature", "id": "osm-way-876428423", "properties": {"osm_id": 876428423, "highway": "service", "name": null, "foot": null, "access": null, "surface": null, "source": "OpenStreetMap contributors", "source_layer": "openstreetmap_campus_paths"}, "geometry": {"type": "LineString", "coordinates": [[127.1268596, 35.8455304], [127.1267342, 35.8460626], [127.12607380000001, 35.84591206666666], [127.1259916, 35.8461376], [127.1259941, 35.84620683333333]]}}, {"type": "Feature", "id": "osm-way-876428424", "properties": {"osm_id": 876428424, "highway": "service", "name": null, "foot": null, "access": null, "surface": null, "source": "OpenStreetMap contributors", "source_layer": "openstreetmap_campus_paths"}, "geometry": {"type": "LineString", "coordinates": [[127.12568316666666, 35.84540256666667], [127.125722, 35.8454441], [127.1256894, 35.845608], [127.1256687, 35.845711], [127.1256438, 35.8458556], [127.12567575, 35.84595265], [127.12571445, 35.84602645], [127.1257339, 35.8460844], [127.12582111761033, 35.846096925551066], [127.1258625, 35.8461496], [127.1259941, 35.84620683333333]]}}, {"type": "Feature", "id": "osm-way-876428425", "properties": {"osm_id": 876428425, "highway": "service", "name": null, "foot": null, "access": null, "surface": null, "source": "OpenStreetMap contributors", "source_layer": "openstreetmap_campus_paths"}, "geometry": {"type": "LineString", "coordinates": [[127.1267083, 35.847759], [127.12662479573572, 35.847915656760236], [127.1264358, 35.8483695], [127.1262913, 35.8488753]]}}, {"type": "Feature", "id": "osm-way-968143596", "properties": {"osm_id": 968143596, "highway": "service", "name": null, "foot": null, "access": null, "surface": null, "source": "OpenStreetMap contributors", "source_layer": "openstreetmap_campus_paths"}, "geometry": {"type": "LineString", "coordinates": [[127.1261716, 35.8508699], [127.1261666, 35.8511208]]}}, {"type": "Feature", "id": "osm-way-968143609", "properties": {"osm_id": 968143609, "highway": "service", "name": null, "foot": null, "access": null, "surface": null, "source": "OpenStreetMap contributors", "source_layer": "openstreetmap_campus_paths"}, "geometry": {"type": "LineString", "coordinates": [[127.1275717, 35.8447436], [127.1275799, 35.8447914], [127.1275633, 35.8450486]]}}, {"type": "Feature", "id": "osm-way-968143610", "properties": {"osm_id": 968143610, "highway": "service", "name": null, "foot": null, "access": null, "surface": null, "source": "OpenStreetMap contributors", "source_layer": "openstreetmap_campus_paths"}, "geometry": {"type": "LineString", "coordinates": [[127.12799664, 35.84553212666666], [127.1278847, 35.8454228], [127.1278691, 35.8451902], [127.1278399, 35.8451455], [127.1277004, 35.8450824], [127.1275633, 35.8450486], [127.1273303, 35.8450476], [127.1273576, 35.8448041], [127.1273658, 35.8447328], [127.1275717, 35.8447436]]}}, {"type": "Feature", "id": "osm-way-968143611", "properties": {"osm_id": 968143611, "highway": "service", "name": null, "foot": null, "access": null, "surface": null, "source": "OpenStreetMap contributors", "source_layer": "openstreetmap_campus_paths"}, "geometry": {"type": "LineString", "coordinates": [[127.130835, 35.8450145], [127.1308074, 35.8448659], [127.1310733, 35.8448335]]}}, {"type": "Feature", "id": "osm-way-968143612", "properties": {"osm_id": 968143612, "highway": "service", "name": null, "foot": null, "access": null, "surface": null, "source": "OpenStreetMap contributors", "source_layer": "openstreetmap_campus_paths"}, "geometry": {"type": "LineString", "coordinates": [[127.131034, 35.8446687], [127.1310572, 35.844731], [127.1310733, 35.8448335]]}}, {"type": "Feature", "id": "osm-way-968143613", "properties": {"osm_id": 968143613, "highway": "service", "name": null, "foot": null, "access": null, "surface": null, "source": "OpenStreetMap contributors", "source_layer": "openstreetmap_campus_paths"}, "geometry": {"type": "LineString", "coordinates": [[127.1309366, 35.8468238], [127.1309378, 35.8467441], [127.13038237568996, 35.84684940004311]]}}, {"type": "Feature", "id": "osm-way-968143614", "properties": {"osm_id": 968143614, "highway": "service", "name": null, "foot": null, "access": null, "surface": null, "source": "OpenStreetMap contributors", "source_layer": "openstreetmap_campus_paths"}, "geometry": {"type": "LineString", "coordinates": [[127.12996435, 35.84737355], [127.1299142, 35.8474313], [127.12998844017538, 35.84754330404147]]}}, {"type": "Feature", "id": "osm-way-968143615", "properties": {"osm_id": 968143615, "highway": "service", "name": null, "foot": null, "access": null, "surface": null, "source": "OpenStreetMap contributors", "source_layer": "openstreetmap_campus_paths"}, "geometry": {"type": "LineString", "coordinates": [[127.1380668, 35.8474444], [127.13831906983042, 35.847521605386696], [127.1382724, 35.8476218]]}}, {"type": "Feature", "id": "osm-way-968143616", "properties": {"osm_id": 968143616, "highway": "service", "name": null, "foot": null, "access": null, "surface": null, "source": "OpenStreetMap contributors", "source_layer": "openstreetmap_campus_paths"}, "geometry": {"type": "LineString", "coordinates": [[127.138024, 35.8475397], [127.1382724, 35.8476218], [127.13831906983042, 35.847521605386696]]}}, {"type": "Feature", "id": "osm-way-968143619", "properties": {"osm_id": 968143619, "highway": "service", "name": null, "foot": null, "access": null, "surface": null, "source": "OpenStreetMap contributors", "source_layer": "openstreetmap_campus_paths"}, "geometry": {"type": "LineString", "coordinates": [[127.1380109, 35.8463761], [127.1382697, 35.8464591], [127.1384168, 35.8461575]]}}, {"type": "Feature", "id": "osm-way-968143620", "properties": {"osm_id": 968143620, "highway": "service", "name": null, "foot": null, "access": null, "surface": null, "source": "OpenStreetMap contributors", "source_layer": "openstreetmap_campus_paths"}, "geometry": {"type": "LineString", "coordinates": [[127.1384168, 35.8461575], [127.1381618, 35.8460739], [127.1380109, 35.8463761]]}}, {"type": "Feature", "id": "osm-way-968143621", "properties": {"osm_id": 968143621, "highway": "service", "name": null, "foot": null, "access": null, "surface": null, "source": "OpenStreetMap contributors", "source_layer": "openstreetmap_campus_paths"}, "geometry": {"type": "LineString", "coordinates": [[127.1385436, 35.8465908], [127.1388651233783, 35.846693195961414]]}}, {"type": "Feature", "id": "osm-way-968143622", "properties": {"osm_id": 968143622, "highway": "service", "name": null, "foot": null, "access": null, "surface": null, "source": "OpenStreetMap contributors", "source_layer": "openstreetmap_campus_paths"}, "geometry": {"type": "LineString", "coordinates": [[127.1386221, 35.846417], [127.13894820645885, 35.846520604979276]]}}, {"type": "Feature", "id": "osm-way-968143623", "properties": {"osm_id": 968143623, "highway": "service", "name": null, "foot": null, "access": null, "surface": null, "source": "OpenStreetMap contributors", "source_layer": "openstreetmap_campus_paths"}, "geometry": {"type": "LineString", "coordinates": [[127.1387855, 35.8468586], [127.1384656, 35.8467637], [127.1385436, 35.8465908], [127.1386221, 35.846417], [127.1386997, 35.8462453]]}}, {"type": "Feature", "id": "osm-way-968143624", "properties": {"osm_id": 968143624, "highway": "service", "name": null, "foot": null, "access": null, "surface": null, "source": "OpenStreetMap contributors", "source_layer": "openstreetmap_campus_paths"}, "geometry": {"type": "LineString", "coordinates": [[127.1390312, 35.8463482], [127.1386997, 35.8462453], [127.1384168, 35.8461575]]}}, {"type": "Feature", "id": "osm-way-968143625", "properties": {"osm_id": 968143625, "highway": "service", "name": null, "foot": null, "access": null, "surface": null, "source": "OpenStreetMap contributors", "source_layer": "openstreetmap_campus_paths"}, "geometry": {"type": "LineString", "coordinates": [[127.13865086478711, 35.84485047391328], [127.1384164, 35.8454486]]}}, {"type": "Feature", "id": "osm-way-968143626", "properties": {"osm_id": 968143626, "highway": "service", "name": null, "foot": null, "access": null, "surface": null, "source": "OpenStreetMap contributors", "source_layer": "openstreetmap_campus_paths"}, "geometry": {"type": "LineString", "coordinates": [[127.1396958, 35.8452028], [127.1402781, 35.8453667]]}}, {"type": "Feature", "id": "osm-way-968143628", "properties": {"osm_id": 968143628, "highway": "service", "name": null, "foot": null, "access": null, "surface": null, "source": "OpenStreetMap contributors", "source_layer": "openstreetmap_campus_paths"}, "geometry": {"type": "LineString", "coordinates": [[127.1396352, 35.8453438], [127.1396958, 35.8452028], [127.1397545, 35.8450664], [127.1403328, 35.8452299], [127.1402781, 35.8453667], [127.1405892, 35.8454607]]}}, {"type": "Feature", "id": "osm-way-968143629", "properties": {"osm_id": 968143629, "highway": "service", "name": null, "foot": null, "access": null, "surface": null, "source": "OpenStreetMap contributors", "source_layer": "openstreetmap_campus_paths"}, "geometry": {"type": "LineString", "coordinates": [[127.1402325, 35.8457033], [127.1403045, 35.8455488], [127.140213, 35.8455208], [127.1396352, 35.8453438]]}}, {"type": "Feature", "id": "osm-way-968143633", "properties": {"osm_id": 968143633, "highway": "service", "name": null, "foot": null, "access": null, "surface": null, "source": "OpenStreetMap contributors", "source_layer": "openstreetmap_campus_paths"}, "geometry": {"type": "LineString", "coordinates": [[127.1399729, 35.847762849999995], [127.1397952, 35.8477239], [127.1397404, 35.84784], [127.1401847, 35.8479778], [127.14033483271679, 35.84817649130291]]}}, {"type": "Feature", "id": "osm-way-968143634", "properties": {"osm_id": 968143634, "highway": "service", "name": null, "foot": null, "access": null, "surface": null, "source": "OpenStreetMap contributors", "source_layer": "openstreetmap_campus_paths"}, "geometry": {"type": "LineString", "coordinates": [[127.1397346, 35.84729], [127.1404009, 35.8474924], [127.1406304, 35.8475621], [127.1405544, 35.8477271], [127.1404746, 35.847899], [127.1402499, 35.8478308], [127.1399729, 35.847762849999995], [127.1400591, 35.8475767], [127.1403272, 35.8476581], [127.1405544, 35.8477271]]}}, {"type": "Feature", "id": "osm-way-968143641", "properties": {"osm_id": 968143641, "highway": "service", "name": null, "foot": null, "access": null, "surface": null, "source": "OpenStreetMap contributors", "source_layer": "openstreetmap_campus_paths"}, "geometry": {"type": "LineString", "coordinates": [[127.1395563, 35.8482475], [127.1396233, 35.8480943], [127.1400779, 35.8482248]]}}, {"type": "Feature", "id": "osm-way-968143644", "properties": {"osm_id": 968143644, "highway": "service", "name": null, "foot": null, "access": null, "surface": null, "source": "OpenStreetMap contributors", "source_layer": "openstreetmap_campus_paths"}, "geometry": {"type": "LineString", "coordinates": [[127.1400779, 35.8482248], [127.1400114, 35.8483777], [127.1395563, 35.8482475]]}}, {"type": "Feature", "id": "osm-way-968143645", "properties": {"osm_id": 968143645, "highway": "service", "name": null, "foot": null, "access": null, "surface": null, "source": "OpenStreetMap contributors", "source_layer": "openstreetmap_campus_paths"}, "geometry": {"type": "LineString", "coordinates": [[127.1389818, 35.8484586], [127.139192, 35.8485203]]}}, {"type": "Feature", "id": "osm-way-968143646", "properties": {"osm_id": 968143646, "highway": "service", "name": null, "foot": null, "access": null, "surface": null, "source": "OpenStreetMap contributors", "source_layer": "openstreetmap_campus_paths"}, "geometry": {"type": "LineString", "coordinates": [[127.1391211, 35.848146], [127.1390516, 35.8483019], [127.1389818, 35.8484586], [127.13855298272873, 35.84814923541733]]}}, {"type": "Feature", "id": "osm-way-968143647", "properties": {"osm_id": 968143647, "highway": "service", "name": null, "foot": null, "access": null, "surface": null, "source": "OpenStreetMap contributors", "source_layer": "openstreetmap_campus_paths"}, "geometry": {"type": "LineString", "coordinates": [[127.1389115, 35.8480813], [127.1389774, 35.8479467], [127.1390568, 35.8477847], [127.1391256, 35.8476443], [127.1392007, 35.8474912]]}}, {"type": "Feature", "id": "osm-way-968143648", "properties": {"osm_id": 968143648, "highway": "service", "name": null, "foot": null, "access": null, "surface": null, "source": "OpenStreetMap contributors", "source_layer": "openstreetmap_campus_paths"}, "geometry": {"type": "LineString", "coordinates": [[127.1387436, 35.847352], [127.1392007, 35.8474912], [127.13940059999999, 35.847529449999996], [127.1393231, 35.8477043]]}}, {"type": "Feature", "id": "osm-way-968143649", "properties": {"osm_id": 968143649, "highway": "service", "name": null, "foot": null, "access": null, "surface": null, "source": "OpenStreetMap contributors", "source_layer": "openstreetmap_campus_paths"}, "geometry": {"type": "LineString", "coordinates": [[127.1386106, 35.8476448], [127.1390568, 35.8477847], [127.1392575, 35.8478477]]}}, {"type": "Feature", "id": "osm-way-968143650", "properties": {"osm_id": 968143650, "highway": "service", "name": null, "foot": null, "access": null, "surface": null, "source": "OpenStreetMap contributors", "source_layer": "openstreetmap_campus_paths"}, "geometry": {"type": "LineString", "coordinates": [[127.1320914, 35.8451514], [127.1323555, 35.8452145], [127.1322941, 35.8454481], [127.1322329, 35.8457071]]}}, {"type": "Feature", "id": "osm-way-968143651", "properties": {"osm_id": 968143651, "highway": "service", "name": null, "foot": null, "access": null, "surface": null, "source": "OpenStreetMap contributors", "source_layer": "openstreetmap_campus_paths"}, "geometry": {"type": "LineString", "coordinates": [[127.133137, 35.8490861], [127.1338215, 35.8490068]]}}, {"type": "Feature", "id": "osm-way-968143652", "properties": {"osm_id": 968143652, "highway": "service", "name": null, "foot": null, "access": null, "surface": null, "source": "OpenStreetMap contributors", "source_layer": "openstreetmap_campus_paths"}, "geometry": {"type": "LineString", "coordinates": [[127.1330956, 35.8486688], [127.133137, 35.8490861]]}}, {"type": "Feature", "id": "osm-way-968143653", "properties": {"osm_id": 968143653, "highway": "service", "name": null, "foot": null, "access": null, "surface": null, "source": "OpenStreetMap contributors", "source_layer": "openstreetmap_campus_paths"}, "geometry": {"type": "LineString", "coordinates": [[127.128953, 35.8519635], [127.1292011, 35.8518852]]}}, {"type": "Feature", "id": "osm-way-968143654", "properties": {"osm_id": 968143654, "highway": "service", "name": null, "foot": null, "access": null, "surface": null, "source": "OpenStreetMap contributors", "source_layer": "openstreetmap_campus_paths"}, "geometry": {"type": "LineString", "coordinates": [[127.1349557, 35.8434344]]}}, {"type": "Feature", "id": "osm-way-968143655", "properties": {"osm_id": 968143655, "highway": "service", "name": null, "foot": null, "access": null, "surface": null, "source": "OpenStreetMap contributors", "source_layer": "openstreetmap_campus_paths"}, "geometry": {"type": "LineString", "coordinates": [[127.133542, 35.8428084], [127.1338046, 35.8427847], [127.133858, 35.8428136], [127.1338735, 35.8429522]]}}, {"type": "Feature", "id": "osm-way-968143656", "properties": {"osm_id": 968143656, "highway": "service", "name": null, "foot": null, "access": null, "surface": null, "source": "OpenStreetMap contributors", "source_layer": "openstreetmap_campus_paths"}, "geometry": {"type": "LineString", "coordinates": [[127.13357895, 35.8429755], [127.133542, 35.8428084], [127.13333303053618, 35.84256363684556]]}}, {"type": "Feature", "id": "osm-way-968143657", "properties": {"osm_id": 968143657, "highway": "service", "name": null, "foot": null, "access": null, "surface": null, "source": "OpenStreetMap contributors", "source_layer": "openstreetmap_campus_paths"}, "geometry": {"type": "LineString", "coordinates": [[127.1288365, 35.8438878], [127.1289538, 35.8435304]]}}, {"type": "Feature", "id": "osm-way-968143659", "properties": {"osm_id": 968143659, "highway": "service", "name": null, "foot": null, "access": null, "surface": null, "source": "OpenStreetMap contributors", "source_layer": "openstreetmap_campus_paths"}, "geometry": {"type": "LineString", "coordinates": [[127.1264468, 35.8449422], [127.1268237, 35.8450682], [127.1269641, 35.8451024]]}}, {"type": "Feature", "id": "osm-way-968143660", "properties": {"osm_id": 968143660, "highway": "service", "name": null, "foot": null, "access": null, "surface": null, "source": "OpenStreetMap contributors", "source_layer": "openstreetmap_campus_paths"}, "geometry": {"type": "LineString", "coordinates": [[127.1263556, 35.8450905], [127.1269348, 35.8452193]]}}, {"type": "Feature", "id": "osm-way-968143661", "properties": {"osm_id": 968143661, "highway": "service", "name": null, "foot": null, "access": null, "surface": null, "source": "OpenStreetMap contributors", "source_layer": "openstreetmap_campus_paths"}, "geometry": {"type": "LineString", "coordinates": [[127.12607380000001, 35.84591206666666], [127.12594164444444, 35.84588032222222], [127.1258634518092, 35.846042240645886]]}}, {"type": "Feature", "id": "osm-way-968143662", "properties": {"osm_id": 968143662, "highway": "service", "name": null, "foot": null, "access": null, "surface": null, "source": "OpenStreetMap contributors", "source_layer": "openstreetmap_campus_paths"}, "geometry": {"type": "LineString", "coordinates": [[127.1278954, 35.8510581], [127.1282163, 35.8511177], [127.1281873, 35.8512203]]}}, {"type": "Feature", "id": "osm-way-968143663", "properties": {"osm_id": 968143663, "highway": "service", "name": null, "foot": null, "access": null, "surface": null, "source": "OpenStreetMap contributors", "source_layer": "openstreetmap_campus_paths"}, "geometry": {"type": "LineString", "coordinates": [[127.128358, 35.851252], [127.1282916, 35.8512397], [127.1281873, 35.8512203]]}}, {"type": "Feature", "id": "osm-way-968143664", "properties": {"osm_id": 968143664, "highway": "service", "name": null, "foot": null, "access": null, "surface": null, "source": "OpenStreetMap contributors", "source_layer": "openstreetmap_campus_paths"}, "geometry": {"type": "LineString", "coordinates": [[127.1281873, 35.8512203], [127.1278664, 35.8511607], [127.1278954, 35.8510581]]}}, {"type": "Feature", "id": "osm-way-968143665", "properties": {"osm_id": 968143665, "highway": "service", "name": null, "foot": null, "access": null, "surface": null, "source": "OpenStreetMap contributors", "source_layer": "openstreetmap_campus_paths"}, "geometry": {"type": "LineString", "coordinates": [[127.1272123, 35.8494671], [127.12823303333333, 35.84964086666667]]}}, {"type": "Feature", "id": "osm-way-968143666", "properties": {"osm_id": 968143666, "highway": "service", "name": null, "foot": null, "access": null, "surface": null, "source": "OpenStreetMap contributors", "source_layer": "openstreetmap_campus_paths"}, "geometry": {"type": "LineString", "coordinates": [[127.12565439999999, 35.8494353], [127.1258163, 35.848806], [127.1262913, 35.8488753]]}}, {"type": "Feature", "id": "osm-way-968143667", "properties": {"osm_id": 968143667, "highway": "service", "name": null, "foot": null, "access": null, "surface": null, "source": "OpenStreetMap contributors", "source_layer": "openstreetmap_campus_paths"}, "geometry": {"type": "LineString", "coordinates": [[127.1262913, 35.8488753], [127.1261075, 35.8494949], [127.12565439999999, 35.8494353]]}}, {"type": "Feature", "id": "osm-way-968143668", "properties": {"osm_id": 968143668, "highway": "service", "name": null, "foot": null, "access": null, "surface": null, "source": "OpenStreetMap contributors", "source_layer": "openstreetmap_campus_paths"}, "geometry": {"type": "LineString", "coordinates": [[127.1255071, 35.8473101], [127.1253815, 35.8476085]]}}, {"type": "Feature", "id": "osm-way-968143669", "properties": {"osm_id": 968143669, "highway": "service", "name": null, "foot": null, "access": null, "surface": null, "source": "OpenStreetMap contributors", "source_layer": "openstreetmap_campus_paths"}, "geometry": {"type": "LineString", "coordinates": [[127.1256515, 35.8466157], [127.12583132039902, 35.84652582693512]]}}, {"type": "Feature", "id": "osm-way-968143670", "properties": {"osm_id": 968143670, "highway": "service", "name": null, "foot": null, "access": null, "surface": null, "source": "OpenStreetMap contributors", "source_layer": "openstreetmap_campus_paths"}, "geometry": {"type": "LineString", "coordinates": [[127.1252972, 35.8465239], [127.1256515, 35.8466157], [127.1257782, 35.8466515]]}}, {"type": "Feature", "id": "osm-way-968357435", "properties": {"osm_id": 968357435, "highway": "service", "name": null, "foot": null, "access": null, "surface": null, "source": "OpenStreetMap contributors", "source_layer": "openstreetmap_campus_paths"}, "geometry": {"type": "LineString", "coordinates": [[127.1272595, 35.8445572], [127.1273658, 35.8447328]]}}, {"type": "Feature", "id": "osm-way-968357437", "properties": {"osm_id": 968357437, "highway": "service", "name": null, "foot": null, "access": null, "surface": null, "source": "OpenStreetMap contributors", "source_layer": "openstreetmap_campus_paths"}, "geometry": {"type": "LineString", "coordinates": [[127.1320232, 35.8413439], [127.1320578, 35.841402], [127.1322525, 35.8414464]]}}, {"type": "Feature", "id": "osm-way-968357442", "properties": {"osm_id": 968357442, "highway": "service", "name": null, "foot": null, "access": null, "surface": null, "source": "OpenStreetMap contributors", "source_layer": "openstreetmap_campus_paths"}, "geometry": {"type": "LineString", "coordinates": [[127.1391211, 35.848146], [127.1389115, 35.8480813], [127.1384737, 35.847946]]}}, {"type": "Feature", "id": "osm-way-968357443", "properties": {"osm_id": 968357443, "highway": "service", "name": null, "foot": null, "access": null, "surface": null, "source": "OpenStreetMap contributors", "source_layer": "openstreetmap_campus_paths"}, "geometry": {"type": "LineString", "coordinates": [[127.1386732, 35.847507], [127.1391256, 35.8476443], [127.1393231, 35.8477043]]}}, {"type": "Feature", "id": "osm-way-968357447", "properties": {"osm_id": 968357447, "highway": "service", "name": null, "foot": null, "access": null, "surface": null, "source": "OpenStreetMap contributors", "source_layer": "openstreetmap_campus_paths"}, "geometry": {"type": "LineString", "coordinates": [[127.1268203, 35.8507037], [127.1268502, 35.8503134]]}}, {"type": "Feature", "id": "osm-way-968357448", "properties": {"osm_id": 968357448, "highway": "service", "name": null, "foot": null, "access": null, "surface": null, "source": "OpenStreetMap contributors", "source_layer": "openstreetmap_campus_paths"}, "geometry": {"type": "LineString", "coordinates": [[127.12711096840751, 35.85072199103522]]}}, {"type": "Feature", "id": "osm-way-968357449", "properties": {"osm_id": 968357449, "highway": "service", "name": null, "foot": null, "access": null, "surface": null, "source": "OpenStreetMap contributors", "source_layer": "openstreetmap_campus_paths"}, "geometry": {"type": "LineString", "coordinates": [[127.1266103, 35.8506926], [127.1268203, 35.8507037], [127.12711096840751, 35.85072199103522]]}}, {"type": "Feature", "id": "osm-way-968357454", "properties": {"osm_id": 968357454, "highway": "service", "name": null, "foot": null, "access": null, "surface": null, "source": "OpenStreetMap contributors", "source_layer": "openstreetmap_campus_paths"}, "geometry": {"type": "LineString", "coordinates": [[127.1401265, 35.8464358], [127.1399152, 35.8469005], [127.1397346, 35.84729], [127.1394615, 35.8479174], [127.1393965, 35.8480681], [127.139192, 35.8485203], [127.13906889087146, 35.848813836496475]]}}, {"type": "Feature", "id": "osm-way-968358896", "properties": {"osm_id": 968358896, "highway": "service", "name": null, "foot": null, "access": null, "surface": null, "source": "OpenStreetMap contributors", "source_layer": "openstreetmap_campus_paths"}, "geometry": {"type": "LineString", "coordinates": [[127.138053, 35.8485285], [127.1381584, 35.8483023], [127.1379358, 35.8482393]]}}, {"type": "Feature", "id": "osm-way-968358897", "properties": {"osm_id": 968358897, "highway": "service", "name": null, "foot": null, "access": null, "surface": null, "source": "OpenStreetMap contributors", "source_layer": "openstreetmap_campus_paths"}, "geometry": {"type": "LineString", "coordinates": [[127.1387925, 35.8472445], [127.1393911, 35.84744155], [127.13940059999999, 35.847529449999996]]}}, {"type": "Feature", "id": "osm-way-1070833166", "properties": {"osm_id": 1070833166, "highway": "footway", "name": null, "foot": null, "access": null, "surface": null, "source": "OpenStreetMap contributors", "source_layer": "openstreetmap_campus_paths"}, "geometry": {"type": "LineString", "coordinates": [[127.13031765, 35.847865925], [127.1302789, 35.8477347], [127.1302146, 35.8476246]]}}, {"type": "Feature", "id": "osm-way-1070840243", "properties": {"osm_id": 1070840243, "highway": "service", "name": "\ub18d\uc0dd\uba85\ub85c(\ub179\ub450\ub85c)", "foot": null, "access": null, "surface": null, "source": "OpenStreetMap contributors", "source_layer": "openstreetmap_campus_paths"}, "geometry": {"type": "LineString", "coordinates": [[127.1349176, 35.8479338], [127.13502976666666, 35.8479841], [127.13498273333333, 35.84807893333333], [127.1349468, 35.8481267], [127.1347949, 35.84822595], [127.13472259999999, 35.848219699999994]]}}, {"type": "Feature", "id": "osm-way-1070842069", "properties": {"osm_id": 1070842069, "highway": "footway", "name": null, "foot": null, "access": null, "surface": null, "source": "OpenStreetMap contributors", "source_layer": "openstreetmap_campus_paths"}, "geometry": {"type": "LineString", "coordinates": [[127.13411797500001, 35.844384074999994], [127.1340119, 35.8443975], [127.1339129, 35.8444097]]}}, {"type": "Feature", "id": "osm-way-1070843058", "properties": {"osm_id": 1070843058, "highway": "footway", "name": null, "foot": null, "access": null, "surface": null, "source": "OpenStreetMap contributors", "source_layer": "openstreetmap_campus_paths"}, "geometry": {"type": "LineString", "coordinates": [[127.1305911, 35.8441], [127.13045127980044, 35.8447166429314], [127.1304338, 35.8448023], [127.130331275, 35.845250125], [127.13009646117962, 35.8452790719444]]}}, {"type": "Feature", "id": "osm-way-1070843059", "properties": {"osm_id": 1070843059, "highway": "footway", "name": null, "foot": null, "access": null, "surface": null, "source": "OpenStreetMap contributors", "source_layer": "openstreetmap_campus_paths"}, "geometry": {"type": "LineString", "coordinates": [[127.13009646117962, 35.8452790719444], [127.1300423, 35.8452824], [127.12986884320999, 35.84529156561447], [127.12972913333334, 35.84529893333333]]}}, {"type": "Feature", "id": "osm-way-1070843060", "properties": {"osm_id": 1070843060, "highway": "footway", "name": null, "foot": null, "access": null, "surface": null, "source": "OpenStreetMap contributors", "source_layer": "openstreetmap_campus_paths"}, "geometry": {"type": "LineString", "coordinates": [[127.12972913333334, 35.84529893333333], [127.1294674, 35.8453153]]}}, {"type": "Feature", "id": "osm-way-1070843061", "properties": {"osm_id": 1070843061, "highway": "footway", "name": null, "foot": null, "access": null, "surface": null, "source": "OpenStreetMap contributors", "source_layer": "openstreetmap_campus_paths"}, "geometry": {"type": "LineString", "coordinates": [[127.1294674, 35.8453153], [127.12934076666666, 35.845321866666666]]}}, {"type": "Feature", "id": "osm-way-1070843062", "properties": {"osm_id": 1070843062, "highway": "footway", "name": null, "foot": null, "access": null, "surface": null, "source": "OpenStreetMap contributors", "source_layer": "openstreetmap_campus_paths"}, "geometry": {"type": "LineString", "coordinates": [[127.12934076666666, 35.845321866666666], [127.1290063, 35.8453435]]}}, {"type": "Feature", "id": "osm-way-1070843063", "properties": {"osm_id": 1070843063, "highway": "footway", "name": null, "foot": null, "access": null, "surface": null, "source": "OpenStreetMap contributors", "source_layer": "openstreetmap_campus_paths"}, "geometry": {"type": "LineString", "coordinates": [[127.12799664, 35.84553212666666], [127.1278604, 35.845598725], [127.1276246, 35.8455386], [127.12742772173462, 35.8455432210184], [127.1269161, 35.8454777]]}}, {"type": "Feature", "id": "osm-way-1070843064", "properties": {"osm_id": 1070843064, "highway": "footway", "name": null, "foot": null, "access": null, "surface": null, "source": "OpenStreetMap contributors", "source_layer": "openstreetmap_campus_paths"}, "geometry": {"type": "LineString", "coordinates": [[127.1290063, 35.8453435], [127.12890157252555, 35.84535048183162], [127.1287595, 35.84536]]}}, {"type": "Feature", "id": "osm-way-1070843065", "properties": {"osm_id": 1070843065, "highway": "footway", "name": null, "foot": null, "access": null, "surface": null, "source": "OpenStreetMap contributors", "source_layer": "openstreetmap_campus_paths"}, "geometry": {"type": "LineString", "coordinates": [[127.1312199, 35.8437155], [127.1312748, 35.8440345]]}}, {"type": "Feature", "id": "osm-way-1070843067", "properties": {"osm_id": 1070843067, "highway": "footway", "name": null, "foot": null, "access": null, "surface": null, "source": "OpenStreetMap contributors", "source_layer": "openstreetmap_campus_paths"}, "geometry": {"type": "LineString", "coordinates": [[127.129534, 35.8454074], [127.1296329, 35.8454017], [127.129723, 35.8453964]]}}, {"type": "Feature", "id": "osm-way-1070843071", "properties": {"osm_id": 1070843071, "highway": "footway", "name": null, "foot": null, "access": null, "surface": null, "source": "OpenStreetMap contributors", "source_layer": "openstreetmap_campus_paths"}, "geometry": {"type": "LineString", "coordinates": [[127.1309945, 35.84473785], [127.1310572, 35.844731], [127.1311273, 35.8447233]]}}, {"type": "Feature", "id": "osm-way-1070843072", "properties": {"osm_id": 1070843072, "highway": "footway", "name": null, "foot": null, "access": null, "surface": null, "source": "OpenStreetMap contributors", "source_layer": "openstreetmap_campus_paths"}, "geometry": {"type": "LineString", "coordinates": [[127.1311273, 35.8447233], [127.131674, 35.8446539]]}}, {"type": "Feature", "id": "osm-way-1070843073", "properties": {"osm_id": 1070843073, "highway": "footway", "name": null, "foot": null, "access": null, "surface": null, "source": "OpenStreetMap contributors", "source_layer": "openstreetmap_campus_paths"}, "geometry": {"type": "LineString", "coordinates": [[127.131674, 35.8446539], [127.13177063333335, 35.84464903333333], [127.1318253, 35.84463]]}}, {"type": "Feature", "id": "osm-way-1070843074", "properties": {"osm_id": 1070843074, "highway": "footway", "name": null, "foot": null, "access": null, "surface": null, "source": "OpenStreetMap contributors", "source_layer": "openstreetmap_campus_paths"}, "geometry": {"type": "LineString", "coordinates": [[127.1318253, 35.84463], [127.1319467, 35.8446126]]}}, {"type": "Feature", "id": "osm-way-1070843075", "properties": {"osm_id": 1070843075, "highway": "footway", "name": null, "foot": null, "access": null, "surface": null, "source": "OpenStreetMap contributors", "source_layer": "openstreetmap_campus_paths"}, "geometry": {"type": "LineString", "coordinates": [[127.1319467, 35.8446126], [127.1320192, 35.8446078], [127.13211026666666, 35.84459916666666]]}}, {"type": "Feature", "id": "osm-way-1070843076", "properties": {"osm_id": 1070843076, "highway": "footway", "name": null, "foot": null, "access": null, "surface": null, "source": "OpenStreetMap contributors", "source_layer": "openstreetmap_campus_paths"}, "geometry": {"type": "LineString", "coordinates": [[127.13211026666666, 35.84459916666666], [127.1332979, 35.8444814]]}}, {"type": "Feature", "id": "osm-way-1070843077", "properties": {"osm_id": 1070843077, "highway": "footway", "name": null, "foot": null, "access": null, "surface": null, "source": "OpenStreetMap contributors", "source_layer": "openstreetmap_campus_paths"}, "geometry": {"type": "LineString", "coordinates": [[127.1332979, 35.8444814], [127.13333829999999, 35.844479050000004]]}}, {"type": "Feature", "id": "osm-way-1070843078", "properties": {"osm_id": 1070843078, "highway": "footway", "name": null, "foot": null, "access": null, "surface": null, "source": "OpenStreetMap contributors", "source_layer": "openstreetmap_campus_paths"}, "geometry": {"type": "LineString", "coordinates": [[127.13333829999999, 35.844479050000004], [127.1339129, 35.8444097]]}}, {"type": "Feature", "id": "osm-way-1070843079", "properties": {"osm_id": 1070843079, "highway": "footway", "name": null, "foot": null, "access": null, "surface": null, "source": "OpenStreetMap contributors", "source_layer": "openstreetmap_campus_paths"}, "geometry": {"type": "LineString", "coordinates": [[127.1321562, 35.8436392], [127.1325842, 35.8435977]]}}, {"type": "Feature", "id": "osm-way-1070843080", "properties": {"osm_id": 1070843080, "highway": "footway", "name": null, "foot": null, "access": null, "surface": null, "source": "OpenStreetMap contributors", "source_layer": "openstreetmap_campus_paths"}, "geometry": {"type": "LineString", "coordinates": [[127.1325842, 35.8435977], [127.1326837, 35.8435884], [127.132755775, 35.843570375]]}}, {"type": "Feature", "id": "osm-way-1070843081", "properties": {"osm_id": 1070843081, "highway": "footway", "name": null, "foot": null, "access": null, "surface": null, "source": "OpenStreetMap contributors", "source_layer": "openstreetmap_campus_paths"}, "geometry": {"type": "LineString", "coordinates": [[127.132755775, 35.843570375], [127.13302319999998, 35.8435402], [127.1335053, 35.8435071]]}}, {"type": "Feature", "id": "osm-way-1070843082", "properties": {"osm_id": 1070843082, "highway": "footway", "name": null, "foot": null, "access": null, "surface": null, "source": "OpenStreetMap contributors", "source_layer": "openstreetmap_campus_paths"}, "geometry": {"type": "LineString", "coordinates": [[127.1335053, 35.8435071], [127.13360433333332, 35.84348236666667], [127.133747525, 35.843471725]]}}, {"type": "Feature", "id": "osm-way-1070843083", "properties": {"osm_id": 1070843083, "highway": "footway", "name": null, "foot": null, "access": null, "surface": null, "source": "OpenStreetMap contributors", "source_layer": "openstreetmap_campus_paths"}, "geometry": {"type": "LineString", "coordinates": [[127.133747525, 35.843471725], [127.13411183333334, 35.84345676666666], [127.1341509, 35.8434823], [127.134325, 35.8438415], [127.13439396031174, 35.84397867105488], [127.134505825, 35.844230175]]}}, {"type": "Feature", "id": "osm-way-1070844326", "properties": {"osm_id": 1070844326, "highway": "footway", "name": null, "foot": null, "access": null, "surface": null, "source": "OpenStreetMap contributors", "source_layer": "openstreetmap_campus_paths"}, "geometry": {"type": "LineString", "coordinates": [[127.13066982000001, 35.84477563], [127.1307071, 35.8447153], [127.13070139999999, 35.8446436]]}}, {"type": "Feature", "id": "osm-way-1070844327", "properties": {"osm_id": 1070844327, "highway": "footway", "name": null, "foot": null, "access": null, "surface": null, "source": "OpenStreetMap contributors", "source_layer": "openstreetmap_campus_paths"}, "geometry": {"type": "LineString", "coordinates": [[127.1304338, 35.8448023], [127.1305293, 35.8448148], [127.13061962500001, 35.844828050000004]]}}, {"type": "Feature", "id": "osm-way-1070844328", "properties": {"osm_id": 1070844328, "highway": "footway", "name": null, "foot": null, "access": null, "surface": null, "source": "OpenStreetMap contributors", "source_layer": "openstreetmap_campus_paths"}, "geometry": {"type": "LineString", "coordinates": [[127.1305911, 35.8441], [127.1307125, 35.8441185], [127.1308193, 35.8441308]]}}, {"type": "Feature", "id": "osm-way-1070844329", "properties": {"osm_id": 1070844329, "highway": "footway", "name": null, "foot": null, "access": null, "surface": null, "source": "OpenStreetMap contributors", "source_layer": "openstreetmap_campus_paths"}, "geometry": {"type": "LineString", "coordinates": [[127.1302644, 35.8440585], [127.1303526, 35.8440348], [127.1305429, 35.8438473], [127.130647725, 35.843826925], [127.1305911, 35.8441]]}}, {"type": "Feature", "id": "osm-way-1070844330", "properties": {"osm_id": 1070844330, "highway": "footway", "name": null, "foot": null, "access": null, "surface": null, "source": "OpenStreetMap contributors", "source_layer": "openstreetmap_campus_paths"}, "geometry": {"type": "LineString", "coordinates": [[127.130647725, 35.843826925], [127.1307801, 35.8438401], [127.1308872, 35.8438589]]}}, {"type": "Feature", "id": "osm-way-1070844331", "properties": {"osm_id": 1070844331, "highway": "footway", "name": null, "foot": null, "access": null, "surface": null, "source": "OpenStreetMap contributors", "source_layer": "openstreetmap_campus_paths"}, "geometry": {"type": "LineString", "coordinates": [[127.12851273515001, 35.84538790913089], [127.128551, 35.8454288], [127.12861795, 35.8454663]]}}, {"type": "Feature", "id": "osm-way-1070844334", "properties": {"osm_id": 1070844334, "highway": "footway", "name": null, "foot": null, "access": null, "surface": null, "source": "OpenStreetMap contributors", "source_layer": "openstreetmap_campus_paths"}, "geometry": {"type": "LineString", "coordinates": [[127.1290047, 35.846311], [127.1289609, 35.8463628], [127.1288749, 35.846454], [127.1288154, 35.8465367], [127.12875903333332, 35.846646311111115]]}}, {"type": "Feature", "id": "osm-way-1070844335", "properties": {"osm_id": 1070844335, "highway": "footway", "name": null, "foot": null, "access": null, "surface": null, "source": "OpenStreetMap contributors", "source_layer": "openstreetmap_campus_paths"}, "geometry": {"type": "LineString", "coordinates": [[127.1287649, 35.8468568], [127.12878440000001, 35.84692135], [127.12883218333333, 35.84701848333333]]}}, {"type": "Feature", "id": "osm-way-1070844336", "properties": {"osm_id": 1070844336, "highway": "footway", "name": null, "foot": null, "access": null, "surface": null, "source": "OpenStreetMap contributors", "source_layer": "openstreetmap_campus_paths"}, "geometry": {"type": "LineString", "coordinates": [[127.12883218333333, 35.84701848333333], [127.12887965, 35.847074], [127.12894795, 35.84713375], [127.1290439, 35.84719571111111], [127.12910965, 35.8472267], [127.12918877499999, 35.8472577], [127.12922462857144, 35.8472975]]}}, {"type": "Feature", "id": "osm-way-1070844337", "properties": {"osm_id": 1070844337, "highway": "footway", "name": null, "foot": null, "access": null, "surface": null, "source": "OpenStreetMap contributors", "source_layer": "openstreetmap_campus_paths"}, "geometry": {"type": "LineString", "coordinates": [[127.12922462857144, 35.8472975], [127.12932505, 35.847296275], [127.129492, 35.847295925], [127.12953428, 35.847321640000004]]}}, {"type": "Feature", "id": "osm-way-1070844338", "properties": {"osm_id": 1070844338, "highway": "footway", "name": null, "foot": null, "access": null, "surface": null, "source": "OpenStreetMap contributors", "source_layer": "openstreetmap_campus_paths"}, "geometry": {"type": "LineString", "coordinates": [[127.12953428, 35.847321640000004], [127.129643425, 35.84728195], [127.1296995, 35.8472407]]}}, {"type": "Feature", "id": "osm-way-1070844339", "properties": {"osm_id": 1070844339, "highway": "footway", "name": null, "foot": null, "access": null, "surface": null, "source": "OpenStreetMap contributors", "source_layer": "openstreetmap_campus_paths"}, "geometry": {"type": "LineString", "coordinates": [[127.1296995, 35.8472407], [127.1297467, 35.847208933333334], [127.1299483, 35.84706395]]}}, {"type": "Feature", "id": "osm-way-1070844340", "properties": {"osm_id": 1070844340, "highway": "footway", "name": null, "foot": null, "access": null, "surface": null, "source": "OpenStreetMap contributors", "source_layer": "openstreetmap_campus_paths"}, "geometry": {"type": "LineString", "coordinates": [[127.1299483, 35.84706395], [127.13002756666667, 35.846923], [127.13006636875, 35.846838968750006]]}}, {"type": "Feature", "id": "osm-way-1070844341", "properties": {"osm_id": 1070844341, "highway": "footway", "name": null, "foot": null, "access": null, "surface": null, "source": "OpenStreetMap contributors", "source_layer": "openstreetmap_campus_paths"}, "geometry": {"type": "LineString", "coordinates": [[127.13006636875, 35.846838968750006]]}}, {"type": "Feature", "id": "osm-way-1070844342", "properties": {"osm_id": 1070844342, "highway": "footway", "name": null, "foot": null, "access": null, "surface": null, "source": "OpenStreetMap contributors", "source_layer": "openstreetmap_campus_paths"}, "geometry": {"type": "LineString", "coordinates": [[127.13006636875, 35.846838968750006], [127.130033, 35.8467604], [127.1300262, 35.8466436], [127.13005283333332, 35.84653956666667], [127.13019589999999, 35.84644635]]}}, {"type": "Feature", "id": "osm-way-1070844343", "properties": {"osm_id": 1070844343, "highway": "footway", "name": null, "foot": null, "access": null, "surface": null, "source": "OpenStreetMap contributors", "source_layer": "openstreetmap_campus_paths"}, "geometry": {"type": "LineString", "coordinates": [[127.13019589999999, 35.84644635], [127.1302256, 35.8463992], [127.13025497499999, 35.8463516]]}}, {"type": "Feature", "id": "osm-way-1070844344", "properties": {"osm_id": 1070844344, "highway": "footway", "name": null, "foot": null, "access": null, "surface": null, "source": "OpenStreetMap contributors", "source_layer": "openstreetmap_campus_paths"}, "geometry": {"type": "LineString", "coordinates": [[127.13025497499999, 35.8463516], [127.13030985, 35.846208649999994], [127.130337325, 35.846124375], [127.130357525, 35.84606087499999], [127.130405775, 35.845952675], [127.13045334444443, 35.8459016], [127.13052119999999, 35.84588014444444]]}}, {"type": "Feature", "id": "osm-way-1070844346", "properties": {"osm_id": 1070844346, "highway": "footway", "name": null, "foot": null, "access": null, "surface": null, "source": "OpenStreetMap contributors", "source_layer": "openstreetmap_campus_paths"}, "geometry": {"type": "LineString", "coordinates": [[127.13026915, 35.84539555], [127.130393, 35.8454234], [127.13049025, 35.8454407]]}}, {"type": "Feature", "id": "osm-way-1070844347", "properties": {"osm_id": 1070844347, "highway": "footway", "name": null, "foot": null, "access": null, "surface": null, "source": "OpenStreetMap contributors", "source_layer": "openstreetmap_campus_paths"}, "geometry": {"type": "LineString", "coordinates": [[127.1298073, 35.8462672], [127.12981193333333, 35.846341966666664]]}}, {"type": "Feature", "id": "osm-way-1070844348", "properties": {"osm_id": 1070844348, "highway": "footway", "name": null, "foot": null, "access": null, "surface": null, "source": "OpenStreetMap contributors", "source_layer": "openstreetmap_campus_paths"}, "geometry": {"type": "LineString", "coordinates": [[127.12981193333333, 35.846341966666664], [127.1299362, 35.8464601], [127.1299737, 35.8465035]]}}, {"type": "Feature", "id": "osm-way-1070844349", "properties": {"osm_id": 1070844349, "highway": "footway", "name": null, "foot": null, "access": null, "surface": null, "source": "OpenStreetMap contributors", "source_layer": "openstreetmap_campus_paths"}, "geometry": {"type": "LineString", "coordinates": [[127.1299737, 35.8465035], [127.13005283333332, 35.84653956666667]]}}, {"type": "Feature", "id": "osm-way-1070844350", "properties": {"osm_id": 1070844350, "highway": "footway", "name": null, "foot": null, "access": null, "surface": null, "source": "OpenStreetMap contributors", "source_layer": "openstreetmap_campus_paths"}, "geometry": {"type": "LineString", "coordinates": [[127.1290047, 35.846311], [127.1290729, 35.8462828], [127.1291329, 35.8462594]]}}, {"type": "Feature", "id": "osm-way-1070844589", "properties": {"osm_id": 1070844589, "highway": "footway", "name": null, "foot": null, "access": null, "surface": null, "source": "OpenStreetMap contributors", "source_layer": "openstreetmap_campus_paths"}, "geometry": {"type": "LineString", "coordinates": [[127.1299483, 35.84706395], [127.1299787, 35.8470844], [127.1300222, 35.8471394], [127.13004543749999, 35.84724269583333]]}}, {"type": "Feature", "id": "osm-way-1070844590", "properties": {"osm_id": 1070844590, "highway": "footway", "name": null, "foot": null, "access": null, "surface": null, "source": "OpenStreetMap contributors", "source_layer": "openstreetmap_campus_paths"}, "geometry": {"type": "LineString", "coordinates": [[127.13004543749999, 35.84724269583333], [127.13005095, 35.84729055]]}}, {"type": "Feature", "id": "osm-way-1070844591", "properties": {"osm_id": 1070844591, "highway": "footway", "name": null, "foot": null, "access": null, "surface": null, "source": "OpenStreetMap contributors", "source_layer": "openstreetmap_campus_paths"}, "geometry": {"type": "LineString", "coordinates": [[127.13005095, 35.84729055], [127.1302146, 35.8476246]]}}, {"type": "Feature", "id": "osm-way-1072200543", "properties": {"osm_id": 1072200543, "highway": "footway", "name": null, "foot": null, "access": null, "surface": null, "source": "OpenStreetMap contributors", "source_layer": "openstreetmap_campus_paths"}, "geometry": {"type": "LineString", "coordinates": [[127.1348253, 35.8429165], [127.1347706, 35.8429728], [127.1346563, 35.8429651], [127.1346172, 35.8430434], [127.1345886, 35.8431746]]}}, {"type": "Feature", "id": "osm-way-1072200544", "properties": {"osm_id": 1072200544, "highway": "steps", "name": null, "foot": null, "access": null, "surface": null, "source": "OpenStreetMap contributors", "source_layer": "openstreetmap_campus_paths"}, "geometry": {"type": "LineString", "coordinates": [[127.1345886, 35.8431746], [127.13457020393011, 35.843289030508515]]}}, {"type": "Feature", "id": "osm-way-1072200545", "properties": {"osm_id": 1072200545, "highway": "footway", "name": null, "foot": null, "access": null, "surface": null, "source": "OpenStreetMap contributors", "source_layer": "openstreetmap_campus_paths"}, "geometry": {"type": "LineString", "coordinates": [[127.1344266, 35.8433448], [127.1345406, 35.8433237], [127.13457020393011, 35.843289030508515]]}}, {"type": "Feature", "id": "osm-way-1072200546", "properties": {"osm_id": 1072200546, "highway": "footway", "name": null, "foot": null, "access": null, "surface": null, "source": "OpenStreetMap contributors", "source_layer": "openstreetmap_campus_paths"}, "geometry": {"type": "LineString", "coordinates": [[127.1344266, 35.8433448], [127.13422229999999, 35.84336893333333], [127.133743, 35.843393]]}}, {"type": "Feature", "id": "osm-way-1072200547", "properties": {"osm_id": 1072200547, "highway": "footway", "name": null, "foot": null, "access": null, "surface": null, "source": "OpenStreetMap contributors", "source_layer": "openstreetmap_campus_paths"}, "geometry": {"type": "LineString", "coordinates": [[127.133743, 35.843393], [127.133747525, 35.843471725]]}}, {"type": "Feature", "id": "osm-way-1072200548", "properties": {"osm_id": 1072200548, "highway": "footway", "name": null, "foot": null, "access": null, "surface": null, "source": "OpenStreetMap contributors", "source_layer": "openstreetmap_campus_paths"}, "geometry": {"type": "LineString", "coordinates": [[127.13422229999999, 35.84336893333333], [127.1342344, 35.843443]]}}, {"type": "Feature", "id": "osm-way-1072200549", "properties": {"osm_id": 1072200549, "highway": "footway", "name": null, "foot": null, "access": null, "surface": null, "source": "OpenStreetMap contributors", "source_layer": "openstreetmap_campus_paths"}, "geometry": {"type": "LineString", "coordinates": [[127.13411183333334, 35.84345676666666], [127.1342344, 35.843443]]}}, {"type": "Feature", "id": "osm-way-1072200550", "properties": {"osm_id": 1072200550, "highway": "footway", "name": null, "foot": null, "access": null, "surface": null, "source": "OpenStreetMap contributors", "source_layer": "openstreetmap_campus_paths"}, "geometry": {"type": "LineString", "coordinates": [[127.1342344, 35.843443], [127.13441499999999, 35.8437984]]}}, {"type": "Feature", "id": "osm-way-1072200551", "properties": {"osm_id": 1072200551, "highway": "footway", "name": null, "foot": null, "access": null, "surface": null, "source": "OpenStreetMap contributors", "source_layer": "openstreetmap_campus_paths"}, "geometry": {"type": "LineString", "coordinates": [[127.134325, 35.8438415], [127.13441499999999, 35.8437984]]}}, {"type": "Feature", "id": "osm-way-1072200552", "properties": {"osm_id": 1072200552, "highway": "footway", "name": null, "foot": null, "access": null, "surface": null, "source": "OpenStreetMap contributors", "source_layer": "openstreetmap_campus_paths"}, "geometry": {"type": "LineString", "coordinates": [[127.13441499999999, 35.8437984], [127.13443806666668, 35.84385183333333], [127.1344745, 35.8438907]]}}, {"type": "Feature", "id": "osm-way-1072200553", "properties": {"osm_id": 1072200553, "highway": "footway", "name": null, "foot": null, "access": null, "surface": null, "source": "OpenStreetMap contributors", "source_layer": "openstreetmap_campus_paths"}, "geometry": {"type": "LineString", "coordinates": [[127.134505825, 35.844230175], [127.1346081, 35.84421185]]}}, {"type": "Feature", "id": "osm-way-1072200554", "properties": {"osm_id": 1072200554, "highway": "footway", "name": null, "foot": null, "access": null, "surface": null, "source": "OpenStreetMap contributors", "source_layer": "openstreetmap_campus_paths"}, "geometry": {"type": "LineString", "coordinates": [[127.1346081, 35.84421185], [127.1344745, 35.8438907]]}}, {"type": "Feature", "id": "osm-way-1072205310", "properties": {"osm_id": 1072205310, "highway": "footway", "name": null, "foot": null, "access": null, "surface": null, "source": "OpenStreetMap contributors", "source_layer": "openstreetmap_campus_paths"}, "geometry": {"type": "LineString", "coordinates": [[127.13255555, 35.84349421666667], [127.1327506, 35.843477], [127.1328363627094, 35.843469719188725], [127.1330121, 35.8434548], [127.13311529292345, 35.84344604738566], [127.1335285, 35.843411]]}}, {"type": "Feature", "id": "osm-way-1072205311", "properties": {"osm_id": 1072205311, "highway": "footway", "name": null, "foot": null, "access": null, "surface": null, "source": "OpenStreetMap contributors", "source_layer": "openstreetmap_campus_paths"}, "geometry": {"type": "LineString", "coordinates": [[127.1335285, 35.843411], [127.1335965, 35.8434053], [127.133743, 35.843393]]}}, {"type": "Feature", "id": "osm-way-1072205312", "properties": {"osm_id": 1072205312, "highway": "footway", "name": null, "foot": null, "access": null, "surface": null, "source": "OpenStreetMap contributors", "source_layer": "openstreetmap_campus_paths"}, "geometry": {"type": "LineString", "coordinates": [[127.132755775, 35.843570375], [127.1327506, 35.843477]]}}, {"type": "Feature", "id": "osm-way-1072205313", "properties": {"osm_id": 1072205313, "highway": "footway", "name": null, "foot": null, "access": null, "surface": null, "source": "OpenStreetMap contributors", "source_layer": "openstreetmap_campus_paths"}, "geometry": {"type": "LineString", "coordinates": [[127.13255555, 35.84349421666667]]}}, {"type": "Feature", "id": "osm-way-1072205314", "properties": {"osm_id": 1072205314, "highway": "footway", "name": null, "foot": null, "access": null, "surface": null, "source": "OpenStreetMap contributors", "source_layer": "openstreetmap_campus_paths"}, "geometry": {"type": "LineString", "coordinates": [[127.13255555, 35.84349421666667], [127.1321418, 35.8435547], [127.13204163333334, 35.8435703], [127.13131465000001, 35.84358915], [127.1312423, 35.843581], [127.13107213333335, 35.84350303333333], [127.1310767, 35.8434368], [127.1310646, 35.8433578], [127.1310904, 35.8432823]]}}, {"type": "Feature", "id": "osm-way-1072205316", "properties": {"osm_id": 1072205316, "highway": "footway", "name": null, "foot": null, "access": null, "surface": null, "source": "OpenStreetMap contributors", "source_layer": "openstreetmap_campus_paths"}, "geometry": {"type": "LineString", "coordinates": [[127.1313452, 35.843701], [127.1313397, 35.8436491], [127.13131465000001, 35.84358915]]}}, {"type": "Feature", "id": "osm-way-1072205317", "properties": {"osm_id": 1072205317, "highway": "footway", "name": null, "foot": null, "access": null, "surface": null, "source": "OpenStreetMap contributors", "source_layer": "openstreetmap_campus_paths"}, "geometry": {"type": "LineString", "coordinates": [[127.13103890000001, 35.84373536666667], [127.1310131, 35.8436788], [127.1310153, 35.8436304]]}}, {"type": "Feature", "id": "osm-way-1072205318", "properties": {"osm_id": 1072205318, "highway": "footway", "name": null, "foot": null, "access": null, "surface": null, "source": "OpenStreetMap contributors", "source_layer": "openstreetmap_campus_paths"}, "geometry": {"type": "LineString", "coordinates": [[127.1310126, 35.843549833333334], [127.13107213333335, 35.84350303333333]]}}, {"type": "Feature", "id": "osm-way-1072205319", "properties": {"osm_id": 1072205319, "highway": "footway", "name": null, "foot": null, "access": null, "surface": null, "source": "OpenStreetMap contributors", "source_layer": "openstreetmap_campus_paths"}, "geometry": {"type": "LineString", "coordinates": [[127.1310153, 35.8436304], [127.1310126, 35.843549833333334]]}}, {"type": "Feature", "id": "osm-way-1072205320", "properties": {"osm_id": 1072205320, "highway": "footway", "name": null, "foot": null, "access": null, "surface": null, "source": "OpenStreetMap contributors", "source_layer": "openstreetmap_campus_paths"}, "geometry": {"type": "LineString", "coordinates": [[127.1309611, 35.8435489], [127.1310126, 35.843549833333334]]}}, {"type": "Feature", "id": "osm-way-1072205321", "properties": {"osm_id": 1072205321, "highway": "footway", "name": null, "foot": null, "access": null, "surface": null, "source": "OpenStreetMap contributors", "source_layer": "openstreetmap_campus_paths"}, "geometry": {"type": "LineString", "coordinates": [[127.1309611, 35.8435489], [127.1308581, 35.8435277], [127.1307392, 35.8435033]]}}, {"type": "Feature", "id": "osm-way-1072205322", "properties": {"osm_id": 1072205322, "highway": "footway", "name": null, "foot": null, "access": null, "surface": null, "source": "OpenStreetMap contributors", "source_layer": "openstreetmap_campus_paths"}, "geometry": {"type": "LineString", "coordinates": [[127.130647725, 35.843826925], [127.1306829, 35.8437355], [127.1306968, 35.8436775]]}}, {"type": "Feature", "id": "osm-way-1072205323", "properties": {"osm_id": 1072205323, "highway": "footway", "name": null, "foot": null, "access": null, "surface": null, "source": "OpenStreetMap contributors", "source_layer": "openstreetmap_campus_paths"}, "geometry": {"type": "LineString", "coordinates": [[127.1309879, 35.8427937], [127.13118264851909, 35.84236049231463], [127.1314815, 35.841529550000004], [127.1315982, 35.8412385], [127.1316725, 35.8410853]]}}, {"type": "Feature", "id": "osm-way-1072205324", "properties": {"osm_id": 1072205324, "highway": "footway", "name": null, "foot": null, "access": null, "surface": null, "source": "OpenStreetMap contributors", "source_layer": "openstreetmap_campus_paths"}, "geometry": {"type": "LineString", "coordinates": [[127.13118264851909, 35.84236049231463], [127.1312393, 35.8423768], [127.1313416, 35.8424024], [127.1314392, 35.8424258]]}}, {"type": "Feature", "id": "osm-way-1072205325", "properties": {"osm_id": 1072205325, "highway": "footway", "name": null, "foot": null, "access": null, "surface": null, "source": "OpenStreetMap contributors", "source_layer": "openstreetmap_campus_paths"}, "geometry": {"type": "LineString", "coordinates": [[127.13180732500001, 35.841325775], [127.1316977, 35.8416301], [127.1314392, 35.8424258]]}}, {"type": "Feature", "id": "osm-way-1072205326", "properties": {"osm_id": 1072205326, "highway": "footway", "name": null, "foot": null, "access": null, "surface": null, "source": "OpenStreetMap contributors", "source_layer": "openstreetmap_campus_paths"}, "geometry": {"type": "LineString", "coordinates": [[127.1310767, 35.8434368], [127.13118184999999, 35.843416399999995], [127.1312512, 35.8433677], [127.1313078, 35.8433118], [127.1313857, 35.8432157], [127.1314388, 35.8431353], [127.1314147, 35.8429539], [127.1314453, 35.8428919], [127.1315964, 35.8428579]]}}, {"type": "Feature", "id": "osm-way-1072205327", "properties": {"osm_id": 1072205327, "highway": "footway", "name": null, "foot": null, "access": null, "surface": null, "source": "OpenStreetMap contributors", "source_layer": "openstreetmap_campus_paths"}, "geometry": {"type": "LineString", "coordinates": [[127.13180732500001, 35.841325775], [127.1318489, 35.8412316]]}}, {"type": "Feature", "id": "osm-way-1072205328", "properties": {"osm_id": 1072205328, "highway": "footway", "name": null, "foot": null, "access": null, "surface": null, "source": "OpenStreetMap contributors", "source_layer": "openstreetmap_campus_paths"}, "geometry": {"type": "LineString", "coordinates": [[127.1316725, 35.8410853], [127.1317313, 35.8410906], [127.13180271815534, 35.841144731945505], [127.13187896127887, 35.84112776749554]]}}, {"type": "Feature", "id": "osm-way-1072205329", "properties": {"osm_id": 1072205329, "highway": "footway", "name": null, "foot": null, "access": null, "surface": null, "source": "OpenStreetMap contributors", "source_layer": "openstreetmap_campus_paths"}, "geometry": {"type": "LineString", "coordinates": [[127.1318489, 35.8412316], [127.13187896127887, 35.84112776749554]]}}, {"type": "Feature", "id": "osm-way-1072205330", "properties": {"osm_id": 1072205330, "highway": "footway", "name": null, "foot": null, "access": null, "surface": null, "source": "OpenStreetMap contributors", "source_layer": "openstreetmap_campus_paths"}, "geometry": {"type": "LineString", "coordinates": [[127.13133245, 35.84153875], [127.1312109, 35.8417549], [127.1311709, 35.8418196], [127.1310916, 35.8419756], [127.1310337, 35.8419882], [127.1309646, 35.8420336], [127.1308741, 35.8421912], [127.1308366, 35.8422728], [127.1307641, 35.8422816], [127.130705, 35.8424029]]}}, {"type": "Feature", "id": "osm-way-1072205331", "properties": {"osm_id": 1072205331, "highway": "footway", "name": null, "foot": null, "access": null, "surface": null, "source": "OpenStreetMap contributors", "source_layer": "openstreetmap_campus_paths"}, "geometry": {"type": "LineString", "coordinates": [[127.1308366, 35.8422728], [127.1308951, 35.8422879], [127.1309533, 35.8422944], [127.13109235, 35.8423047], [127.13118264851909, 35.84236049231463]]}}, {"type": "Feature", "id": "osm-way-1072205332", "properties": {"osm_id": 1072205332, "highway": "footway", "name": null, "foot": null, "access": null, "surface": null, "source": "OpenStreetMap contributors", "source_layer": "openstreetmap_campus_paths"}, "geometry": {"type": "LineString", "coordinates": [[127.13109235, 35.8423047], [127.1311154, 35.8422054], [127.1311601, 35.8420655], [127.1311493, 35.8420044], [127.1310916, 35.8419756]]}}, {"type": "Feature", "id": "osm-way-1072205333", "properties": {"osm_id": 1072205333, "highway": "footway", "name": null, "foot": null, "access": null, "surface": null, "source": "OpenStreetMap contributors", "source_layer": "openstreetmap_campus_paths"}, "geometry": {"type": "LineString", "coordinates": [[127.1311709, 35.8418196], [127.13102393333334, 35.841745366666665], [127.1308757, 35.8418378], [127.1308196, 35.8418982], [127.1307395, 35.8419469], [127.1306486, 35.8420119], [127.13054923333334, 35.8421021], [127.1307364, 35.8421967], [127.1307641, 35.8422816]]}}, {"type": "Feature", "id": "osm-way-1072205334", "properties": {"osm_id": 1072205334, "highway": "footway", "name": null, "foot": null, "access": null, "surface": null, "source": "OpenStreetMap contributors", "source_layer": "openstreetmap_campus_paths"}, "geometry": {"type": "LineString", "coordinates": [[127.130705, 35.8424029], [127.13057, 35.8424452], [127.13045525, 35.8425826], [127.1306779, 35.8427049]]}}, {"type": "Feature", "id": "osm-way-1074389621", "properties": {"osm_id": 1074389621, "highway": "service", "name": null, "foot": null, "access": null, "surface": null, "source": "OpenStreetMap contributors", "source_layer": "openstreetmap_campus_paths"}, "geometry": {"type": "LineString", "coordinates": [[127.1270031, 35.84499085], [127.1271562, 35.8450326], [127.1273303, 35.8450476]]}}, {"type": "Feature", "id": "osm-way-1074389622", "properties": {"osm_id": 1074389622, "highway": "service", "name": null, "foot": null, "access": null, "surface": null, "source": "OpenStreetMap contributors", "source_layer": "openstreetmap_campus_paths"}, "geometry": {"type": "LineString", "coordinates": [[127.1275717, 35.8447436], [127.1277253, 35.8446657], [127.1278278, 35.8446294]]}}, {"type": "Feature", "id": "osm-way-1074389623", "properties": {"osm_id": 1074389623, "highway": "footway", "name": null, "foot": null, "access": null, "surface": "paving_stones", "source": "OpenStreetMap contributors", "source_layer": "openstreetmap_campus_paths"}, "geometry": {"type": "LineString", "coordinates": [[127.1239527, 35.8494443], [127.1240647, 35.8493835], [127.123873, 35.8491611], [127.1237659, 35.8492226]]}}, {"type": "Feature", "id": "osm-way-1074393053", "properties": {"osm_id": 1074393053, "highway": "service", "name": null, "foot": null, "access": null, "surface": null, "source": "OpenStreetMap contributors", "source_layer": "openstreetmap_campus_paths"}, "geometry": {"type": "LineString", "coordinates": [[127.128953, 35.8519635], [127.1288444, 35.8518254]]}}, {"type": "Feature", "id": "osm-way-1074408341", "properties": {"osm_id": 1074408341, "highway": "service", "name": null, "foot": null, "access": null, "surface": null, "source": "OpenStreetMap contributors", "source_layer": "openstreetmap_campus_paths"}, "geometry": {"type": "LineString", "coordinates": [[127.1273249, 35.8409254], [127.127276, 35.8408879], [127.1271995, 35.8408289]]}}, {"type": "Feature", "id": "osm-way-1074408342", "properties": {"osm_id": 1074408342, "highway": "service", "name": null, "foot": null, "access": null, "surface": null, "source": "OpenStreetMap contributors", "source_layer": "openstreetmap_campus_paths"}, "geometry": {"type": "LineString", "coordinates": [[127.1271995, 35.8408289], [127.1265275, 35.8413459], [127.1264348, 35.8414154]]}}, {"type": "Feature", "id": "osm-way-1074408349", "properties": {"osm_id": 1074408349, "highway": "service", "name": null, "foot": null, "access": null, "surface": null, "source": "OpenStreetMap contributors", "source_layer": "openstreetmap_campus_paths"}, "geometry": {"type": "LineString", "coordinates": [[127.127319, 35.8408576], [127.1273663, 35.8408952], [127.1274519, 35.8409609]]}}, {"type": "Feature", "id": "osm-way-1074414264", "properties": {"osm_id": 1074414264, "highway": "service", "name": null, "foot": null, "access": null, "surface": null, "source": "OpenStreetMap contributors", "source_layer": "openstreetmap_campus_paths"}, "geometry": {"type": "LineString", "coordinates": [[127.1362447, 35.8401995], [127.1363267143518, 35.840134302538445], [127.136629, 35.839894]]}}, {"type": "Feature", "id": "osm-way-1074414265", "properties": {"osm_id": 1074414265, "highway": "residential", "name": null, "foot": null, "access": null, "surface": null, "source": "OpenStreetMap contributors", "source_layer": "openstreetmap_campus_paths"}, "geometry": {"type": "LineString", "coordinates": [[127.1370755, 35.8401961], [127.1372694, 35.8404025]]}}, {"type": "Feature", "id": "osm-way-1074422378", "properties": {"osm_id": 1074422378, "highway": "service", "name": null, "foot": null, "access": null, "surface": null, "source": "OpenStreetMap contributors", "source_layer": "openstreetmap_campus_paths"}, "geometry": {"type": "LineString", "coordinates": [[127.1229576, 35.8427511], [127.1230479, 35.8426822], [127.123135, 35.842618]]}}, {"type": "Feature", "id": "osm-way-1074430889", "properties": {"osm_id": 1074430889, "highway": "residential", "name": null, "foot": null, "access": null, "surface": null, "source": "OpenStreetMap contributors", "source_layer": "openstreetmap_campus_paths"}, "geometry": {"type": "LineString", "coordinates": [[127.1280918, 35.8526624], [127.128061, 35.8525967], [127.1279734, 35.8524859], [127.127805, 35.8523582], [127.1275601, 35.8522761], [127.1271545, 35.85221], [127.126888, 35.8521611], [127.1265643, 35.8520962], [127.12634385, 35.85201565], [127.1261747, 35.8518154], [127.12603276666665, 35.851653733333336], [127.1259868, 35.8515707], [127.1257742, 35.8512935], [127.125614, 35.8510088], [127.1254877, 35.8507341], [127.125336, 35.8503819], [127.1252499, 35.8501859], [127.12525763333333, 35.85008023333334]]}}, {"type": "Feature", "id": "osm-way-1090388184", "properties": {"osm_id": 1090388184, "highway": "footway", "name": null, "foot": null, "access": null, "surface": null, "source": "OpenStreetMap contributors", "source_layer": "openstreetmap_campus_paths"}, "geometry": {"type": "LineString", "coordinates": [[127.1325058, 35.8479503], [127.13255006666667, 35.847953133333334]]}}, {"type": "Feature", "id": "osm-way-1090388185", "properties": {"osm_id": 1090388185, "highway": "footway", "name": null, "foot": null, "access": null, "surface": null, "source": "OpenStreetMap contributors", "source_layer": "openstreetmap_campus_paths"}, "geometry": {"type": "LineString", "coordinates": [[127.13255006666667, 35.847953133333334], [127.1326363, 35.8479478]]}}, {"type": "Feature", "id": "osm-way-1090388186", "properties": {"osm_id": 1090388186, "highway": "footway", "name": null, "foot": null, "access": null, "surface": null, "source": "OpenStreetMap contributors", "source_layer": "openstreetmap_campus_paths"}, "geometry": {"type": "LineString", "coordinates": [[127.1326363, 35.8479478], [127.13307553333334, 35.84796453333333]]}}, {"type": "Feature", "id": "osm-way-1090388187", "properties": {"osm_id": 1090388187, "highway": "footway", "name": null, "foot": null, "access": null, "surface": null, "source": "OpenStreetMap contributors", "source_layer": "openstreetmap_campus_paths"}, "geometry": {"type": "LineString", "coordinates": [[127.13149372291912, 35.84876343108076], [127.13178279648169, 35.84877131956918], [127.13247412222222, 35.8486665888889], [127.1330273, 35.84864936666666], [127.1338672888889, 35.848539772222225], [127.1345209, 35.8482699], [127.1345977, 35.8482401], [127.1346976, 35.8481932], [127.13476658333335, 35.848152533333334], [127.134783875, 35.8480965], [127.13478176666666, 35.848027333333334], [127.1347687, 35.84798082500001]]}}, {"type": "Feature", "id": "osm-way-1090388188", "properties": {"osm_id": 1090388188, "highway": "footway", "name": null, "foot": null, "access": null, "surface": null, "source": "OpenStreetMap contributors", "source_layer": "openstreetmap_campus_paths"}, "geometry": {"type": "LineString", "coordinates": [[127.13031765, 35.847865925], [127.13030072500001, 35.847920175], [127.130528075, 35.848388850000006], [127.130514225, 35.848456025000004], [127.130654725, 35.8486358], [127.13069537499999, 35.8487048], [127.130755275, 35.84875905], [127.130822625, 35.848787324999996], [127.13091600000001, 35.848808125], [127.13101155, 35.848815900000005], [127.1311454, 35.848813975], [127.13131562499998, 35.848791899999995], [127.13149372291912, 35.84876343108076]]}}, {"type": "Feature", "id": "osm-way-1090388189", "properties": {"osm_id": 1090388189, "highway": "footway", "name": null, "foot": null, "access": null, "surface": null, "source": "OpenStreetMap contributors", "source_layer": "openstreetmap_campus_paths"}, "geometry": {"type": "LineString", "coordinates": [[127.1330273, 35.84864936666666]]}}, {"type": "Feature", "id": "osm-way-1090388190", "properties": {"osm_id": 1090388190, "highway": "footway", "name": null, "foot": null, "access": null, "surface": null, "source": "OpenStreetMap contributors", "source_layer": "openstreetmap_campus_paths"}, "geometry": {"type": "LineString", "coordinates": [[127.1347687, 35.84798082500001], [127.1347721, 35.8479293], [127.1347569, 35.8478804]]}}, {"type": "Feature", "id": "osm-way-1090388191", "properties": {"osm_id": 1090388191, "highway": "footway", "name": null, "foot": null, "access": null, "surface": null, "source": "OpenStreetMap contributors", "source_layer": "openstreetmap_campus_paths"}, "geometry": {"type": "LineString", "coordinates": [[127.1320439, 35.84786193333333], [127.1320633, 35.847799], [127.1320665, 35.8477405]]}}, {"type": "Feature", "id": "osm-way-1090388192", "properties": {"osm_id": 1090388192, "highway": "footway", "name": null, "foot": null, "access": null, "surface": null, "source": "OpenStreetMap contributors", "source_layer": "openstreetmap_campus_paths"}, "geometry": {"type": "LineString", "coordinates": [[127.131475, 35.8478989], [127.13147680586431, 35.847840399501045], [127.1314788, 35.8477758], [127.1314803, 35.847727]]}}, {"type": "Feature", "id": "osm-way-1090388193", "properties": {"osm_id": 1090388193, "highway": "footway", "name": null, "foot": null, "access": null, "surface": null, "source": "OpenStreetMap contributors", "source_layer": "openstreetmap_campus_paths"}, "geometry": {"type": "LineString", "coordinates": [[127.1308005, 35.8477124], [127.1313669, 35.8477213], [127.1314803, 35.847727], [127.1317121, 35.8477285], [127.13177416, 35.84769072], [127.1320665, 35.8477405], [127.13252509, 35.84778197], [127.1332572, 35.8478025], [127.13361096, 35.847815589999996], [127.13393570000001, 35.8478294]]}}, {"type": "Feature", "id": "osm-way-1090388194", "properties": {"osm_id": 1090388194, "highway": "footway", "name": null, "foot": null, "access": null, "surface": null, "source": "OpenStreetMap contributors", "source_layer": "openstreetmap_campus_paths"}, "geometry": {"type": "LineString", "coordinates": [[127.1340016, 35.8478298], [127.134459, 35.8478563], [127.1347569, 35.8478804]]}}, {"type": "Feature", "id": "osm-way-1090388196", "properties": {"osm_id": 1090388196, "highway": "footway", "name": null, "foot": null, "access": null, "surface": null, "source": "OpenStreetMap contributors", "source_layer": "openstreetmap_campus_paths"}, "geometry": {"type": "LineString", "coordinates": [[127.1302146, 35.8476246], [127.1302791, 35.8476813], [127.13045767403787, 35.84770437376645], [127.1306302, 35.8477067]]}}, {"type": "Feature", "id": "osm-way-1090388197", "properties": {"osm_id": 1090388197, "highway": "footway", "name": null, "foot": null, "access": null, "surface": null, "source": "OpenStreetMap contributors", "source_layer": "openstreetmap_campus_paths"}, "geometry": {"type": "LineString", "coordinates": [[127.1306302, 35.8477067], [127.13073055000001, 35.847709949999995], [127.1308005, 35.8477124]]}}, {"type": "Feature", "id": "osm-way-1090388198", "properties": {"osm_id": 1090388198, "highway": "footway", "name": null, "foot": null, "access": null, "surface": null, "source": "OpenStreetMap contributors", "source_layer": "openstreetmap_campus_paths"}, "geometry": {"type": "LineString", "coordinates": [[127.1347569, 35.8478804], [127.1348867, 35.8478308], [127.13501186733487, 35.84760164148328], [127.13505316666665, 35.84755043333333], [127.13518165, 35.84725843333333], [127.1352814, 35.8469862]]}}, {"type": "Feature", "id": "osm-way-1090388199", "properties": {"osm_id": 1090388199, "highway": "footway", "name": null, "foot": null, "access": null, "surface": null, "source": "OpenStreetMap contributors", "source_layer": "openstreetmap_campus_paths"}, "geometry": {"type": "LineString", "coordinates": [[127.1352814, 35.8469862], [127.13528062500001, 35.846916375], [127.13533155, 35.8468609]]}}, {"type": "Feature", "id": "osm-way-1090388200", "properties": {"osm_id": 1090388200, "highway": "footway", "name": null, "foot": null, "access": null, "surface": null, "source": "OpenStreetMap contributors", "source_layer": "openstreetmap_campus_paths"}, "geometry": {"type": "LineString", "coordinates": [[127.13533155, 35.8468609], [127.135355075, 35.846764725], [127.13536055, 35.8466517], [127.135328275, 35.846486425], [127.1350902, 35.845692650000004]]}}, {"type": "Feature", "id": "osm-way-1090388201", "properties": {"osm_id": 1090388201, "highway": "footway", "name": null, "foot": null, "access": null, "surface": null, "source": "OpenStreetMap contributors", "source_layer": "openstreetmap_campus_paths"}, "geometry": {"type": "LineString", "coordinates": [[127.1350902, 35.845692650000004], [127.135057925, 35.8456177], [127.13501573333333, 35.84553326666667]]}}, {"type": "Feature", "id": "osm-way-1090392022", "properties": {"osm_id": 1090392022, "highway": "footway", "name": null, "foot": null, "access": null, "surface": null, "source": "OpenStreetMap contributors", "source_layer": "openstreetmap_campus_paths"}, "geometry": {"type": "LineString", "coordinates": [[127.1358675, 35.8479189], [127.1359451, 35.847961749999996], [127.1360353, 35.8479441]]}}, {"type": "Feature", "id": "osm-way-1090392023", "properties": {"osm_id": 1090392023, "highway": "footway", "name": null, "foot": null, "access": null, "surface": null, "source": "OpenStreetMap contributors", "source_layer": "openstreetmap_campus_paths"}, "geometry": {"type": "LineString", "coordinates": [[127.1358675, 35.8479189], [127.1350657, 35.8478779], [127.135014, 35.8478477]]}}, {"type": "Feature", "id": "osm-way-1090392024", "properties": {"osm_id": 1090392024, "highway": "footway", "name": null, "foot": null, "access": null, "surface": null, "source": "OpenStreetMap contributors", "source_layer": "openstreetmap_campus_paths"}, "geometry": {"type": "LineString", "coordinates": [[127.135014, 35.8478477], [127.1349429, 35.8478458], [127.1348867, 35.8478308]]}}, {"type": "Feature", "id": "osm-way-1090392025", "properties": {"osm_id": 1090392025, "highway": "footway", "name": null, "foot": null, "access": null, "surface": null, "source": "OpenStreetMap contributors", "source_layer": "openstreetmap_campus_paths"}, "geometry": {"type": "LineString", "coordinates": [[127.12755329999999, 35.84855605], [127.1276395, 35.84852145], [127.1277192, 35.8485071], [127.1278224, 35.8484907], [127.1283135, 35.8484034], [127.128857, 35.8483301]]}}, {"type": "Feature", "id": "osm-way-1090392026", "properties": {"osm_id": 1090392026, "highway": "footway", "name": null, "foot": null, "access": null, "surface": null, "source": "OpenStreetMap contributors", "source_layer": "openstreetmap_campus_paths"}, "geometry": {"type": "LineString", "coordinates": [[127.1282238, 35.8495803], [127.1282867, 35.8494589], [127.1283115, 35.849411], [127.128857, 35.8483301]]}}, {"type": "Feature", "id": "osm-way-1090392027", "properties": {"osm_id": 1090392027, "highway": "footway", "name": null, "foot": null, "access": null, "surface": null, "source": "OpenStreetMap contributors", "source_layer": "openstreetmap_campus_paths"}, "geometry": {"type": "LineString", "coordinates": [[127.12808957372656, 35.84986684206666], [127.1281746, 35.8496824]]}}, {"type": "Feature", "id": "osm-way-1090392028", "properties": {"osm_id": 1090392028, "highway": "footway", "name": null, "foot": null, "access": null, "surface": null, "source": "OpenStreetMap contributors", "source_layer": "openstreetmap_campus_paths"}, "geometry": {"type": "LineString", "coordinates": [[127.1281746, 35.8496824], [127.12823303333333, 35.84964086666667], [127.1282238, 35.8495803]]}}, {"type": "Feature", "id": "osm-way-1090392029", "properties": {"osm_id": 1090392029, "highway": "footway", "name": null, "foot": null, "access": null, "surface": null, "source": "OpenStreetMap contributors", "source_layer": "openstreetmap_campus_paths"}, "geometry": {"type": "LineString", "coordinates": [[127.128857, 35.8483301], [127.1288984, 35.8482786], [127.1289342, 35.8482091]]}}, {"type": "Feature", "id": "osm-way-1090392030", "properties": {"osm_id": 1090392030, "highway": "footway", "name": null, "foot": null, "access": null, "surface": null, "source": "OpenStreetMap contributors", "source_layer": "openstreetmap_campus_paths"}, "geometry": {"type": "LineString", "coordinates": [[127.1289342, 35.8482091], [127.12925265555555, 35.84760798888889], [127.1292915, 35.8475126], [127.1292998, 35.8474274], [127.129275, 35.84736625], [127.12922462857144, 35.8472975]]}}, {"type": "Feature", "id": "osm-way-1090392031", "properties": {"osm_id": 1090392031, "highway": "footway", "name": null, "foot": null, "access": null, "surface": null, "source": "OpenStreetMap contributors", "source_layer": "openstreetmap_campus_paths"}, "geometry": {"type": "LineString", "coordinates": [[127.1282184, 35.8499079], [127.12825541331773, 35.84983074499962], [127.1284361, 35.8494541], [127.12877423333333, 35.84880006666666]]}}, {"type": "Feature", "id": "osm-way-1090392032", "properties": {"osm_id": 1090392032, "highway": "footway", "name": null, "foot": null, "access": null, "surface": null, "source": "OpenStreetMap contributors", "source_layer": "openstreetmap_campus_paths"}, "geometry": {"type": "LineString", "coordinates": [[127.1294314, 35.8475191], [127.12953428, 35.847321640000004]]}}, {"type": "Feature", "id": "osm-way-1090392034", "properties": {"osm_id": 1090392034, "highway": "footway", "name": null, "foot": null, "access": null, "surface": null, "source": "OpenStreetMap contributors", "source_layer": "openstreetmap_campus_paths"}, "geometry": {"type": "LineString", "coordinates": [[127.1290706, 35.8482263], [127.1293764, 35.847612]]}}, {"type": "Feature", "id": "osm-way-1090392036", "properties": {"osm_id": 1090392036, "highway": "footway", "name": null, "foot": null, "access": null, "surface": null, "source": "OpenStreetMap contributors", "source_layer": "openstreetmap_campus_paths"}, "geometry": {"type": "LineString", "coordinates": [[127.1288179, 35.8487367], [127.1289959, 35.848373], [127.1290317, 35.8483222]]}}, {"type": "Feature", "id": "osm-way-1090392037", "properties": {"osm_id": 1090392037, "highway": "footway", "name": null, "foot": null, "access": null, "surface": null, "source": "OpenStreetMap contributors", "source_layer": "openstreetmap_campus_paths"}, "geometry": {"type": "LineString", "coordinates": [[127.12877423333333, 35.84880006666666], [127.1288179, 35.8487367]]}}, {"type": "Feature", "id": "osm-way-1090392038", "properties": {"osm_id": 1090392038, "highway": "track", "name": null, "foot": null, "access": null, "surface": null, "source": "OpenStreetMap contributors", "source_layer": "openstreetmap_campus_paths"}, "geometry": {"type": "LineString", "coordinates": [[127.12825541331773, 35.84983074499962], [127.1287895, 35.8494553]]}}, {"type": "Feature", "id": "osm-way-1090392039", "properties": {"osm_id": 1090392039, "highway": "track", "name": null, "foot": null, "access": null, "surface": null, "source": "OpenStreetMap contributors", "source_layer": "openstreetmap_campus_paths"}, "geometry": {"type": "LineString", "coordinates": [[127.128744, 35.8501076], [127.1293956, 35.8494673]]}}, {"type": "Feature", "id": "osm-way-1090392040", "properties": {"osm_id": 1090392040, "highway": "track", "name": null, "foot": null, "access": null, "surface": null, "source": "OpenStreetMap contributors", "source_layer": "openstreetmap_campus_paths"}, "geometry": {"type": "LineString", "coordinates": [[127.12934661836617, 35.85097388670744], [127.12989360248731, 35.85043008510354], [127.1303424, 35.849964]]}}, {"type": "Feature", "id": "osm-way-1090392041", "properties": {"osm_id": 1090392041, "highway": "track", "name": null, "foot": null, "access": null, "surface": null, "source": "OpenStreetMap contributors", "source_layer": "openstreetmap_campus_paths"}, "geometry": {"type": "LineString", "coordinates": [[127.13020861001486, 35.85158845901328], [127.1312321, 35.8505583]]}}, {"type": "Feature", "id": "osm-way-1090717121", "properties": {"osm_id": 1090717121, "highway": "service", "name": null, "foot": null, "access": null, "surface": null, "source": "OpenStreetMap contributors", "source_layer": "openstreetmap_campus_paths"}, "geometry": {"type": "LineString", "coordinates": [[127.1390516, 35.8483019], [127.13855298272873, 35.84814923541733], [127.1384023, 35.8481031]]}}, {"type": "Feature", "id": "osm-way-1090717122", "properties": {"osm_id": 1090717122, "highway": "service", "name": null, "foot": null, "access": null, "surface": null, "source": "OpenStreetMap contributors", "source_layer": "openstreetmap_campus_paths"}, "geometry": {"type": "LineString", "coordinates": [[127.1384023, 35.8481031], [127.1384737, 35.847946], [127.13852949883422, 35.84782316703328], [127.1386106, 35.8476448], [127.1386732, 35.847507], [127.1387436, 35.847352], [127.1387925, 35.8472445], [127.1388853, 35.8470401]]}}, {"type": "Feature", "id": "osm-way-1091855581", "properties": {"osm_id": 1091855581, "highway": "footway", "name": null, "foot": null, "access": null, "surface": null, "source": "OpenStreetMap contributors", "source_layer": "openstreetmap_campus_paths"}, "geometry": {"type": "LineString", "coordinates": [[127.134567275, 35.844334025], [127.1346332, 35.8443243], [127.134703675, 35.844304875]]}}, {"type": "Feature", "id": "osm-way-1091855582", "properties": {"osm_id": 1091855582, "highway": "footway", "name": null, "foot": null, "access": null, "surface": null, "source": "OpenStreetMap contributors", "source_layer": "openstreetmap_campus_paths"}, "geometry": {"type": "LineString", "coordinates": [[127.134703675, 35.844304875], [127.1350983, 35.8442512]]}}, {"type": "Feature", "id": "osm-way-1091855583", "properties": {"osm_id": 1091855583, "highway": "footway", "name": null, "foot": null, "access": null, "surface": null, "source": "OpenStreetMap contributors", "source_layer": "openstreetmap_campus_paths"}, "geometry": {"type": "LineString", "coordinates": [[127.1350983, 35.8442512], [127.13519225999998, 35.844223140000004], [127.13523989999999, 35.84422776666667]]}}, {"type": "Feature", "id": "osm-way-1091855584", "properties": {"osm_id": 1091855584, "highway": "footway", "name": null, "foot": null, "access": null, "surface": null, "source": "OpenStreetMap contributors", "source_layer": "openstreetmap_campus_paths"}, "geometry": {"type": "LineString", "coordinates": [[127.13523989999999, 35.84422776666667], [127.1356401, 35.844205], [127.1358124, 35.8441874], [127.13594352, 35.84418248]]}}, {"type": "Feature", "id": "osm-way-1091855585", "properties": {"osm_id": 1091855585, "highway": "footway", "name": null, "foot": null, "access": null, "surface": null, "source": "OpenStreetMap contributors", "source_layer": "openstreetmap_campus_paths"}, "geometry": {"type": "LineString", "coordinates": [[127.13594352, 35.84418248]]}}, {"type": "Feature", "id": "osm-way-1091855586", "properties": {"osm_id": 1091855586, "highway": "footway", "name": null, "foot": null, "access": null, "surface": null, "source": "OpenStreetMap contributors", "source_layer": "openstreetmap_campus_paths"}, "geometry": {"type": "LineString", "coordinates": [[127.13594352, 35.84418248], [127.136072, 35.8441822], [127.1361747, 35.844192], [127.1362889, 35.8442127], [127.1363584, 35.8442288], [127.1369001, 35.8443839], [127.1370371, 35.8444194]]}}, {"type": "Feature", "id": "osm-way-1091855587", "properties": {"osm_id": 1091855587, "highway": "footway", "name": null, "foot": null, "access": null, "surface": null, "source": "OpenStreetMap contributors", "source_layer": "openstreetmap_campus_paths"}, "geometry": {"type": "LineString", "coordinates": [[127.1376328, 35.8446178], [127.1377113, 35.8446384], [127.1377948, 35.8446612]]}}, {"type": "Feature", "id": "osm-way-1091855588", "properties": {"osm_id": 1091855588, "highway": "footway", "name": null, "foot": null, "access": null, "surface": null, "source": "OpenStreetMap contributors", "source_layer": "openstreetmap_campus_paths"}, "geometry": {"type": "LineString", "coordinates": [[127.1377948, 35.8446612], [127.137976, 35.8447114], [127.1380168, 35.8447662]]}}, {"type": "Feature", "id": "osm-way-1091855589", "properties": {"osm_id": 1091855589, "highway": "footway", "name": null, "foot": null, "access": null, "surface": null, "source": "OpenStreetMap contributors", "source_layer": "openstreetmap_campus_paths"}, "geometry": {"type": "LineString", "coordinates": [[127.1346081, 35.84421185], [127.1346991, 35.844225], [127.13519146666665, 35.84415786666667]]}}, {"type": "Feature", "id": "osm-way-1091855590", "properties": {"osm_id": 1091855590, "highway": "footway", "name": null, "foot": null, "access": null, "surface": null, "source": "OpenStreetMap contributors", "source_layer": "openstreetmap_campus_paths"}, "geometry": {"type": "LineString", "coordinates": [[127.13519146666665, 35.84415786666667], [127.1352413, 35.84415]]}}, {"type": "Feature", "id": "osm-way-1091855591", "properties": {"osm_id": 1091855591, "highway": "footway", "name": null, "foot": null, "access": null, "surface": null, "source": "OpenStreetMap contributors", "source_layer": "openstreetmap_campus_paths"}, "geometry": {"type": "LineString", "coordinates": [[127.1352413, 35.84415], [127.1358049, 35.8441045], [127.1359258, 35.84411565], [127.1360298, 35.8440949], [127.1361494, 35.8441014], [127.13623806666668, 35.84412786666667], [127.1363754, 35.8441414], [127.137070575, 35.844348000000004], [127.1371116, 35.84427355]]}}, {"type": "Feature", "id": "osm-way-1091855592", "properties": {"osm_id": 1091855592, "highway": "footway", "name": null, "foot": null, "access": null, "surface": null, "source": "OpenStreetMap contributors", "source_layer": "openstreetmap_campus_paths"}, "geometry": {"type": "LineString", "coordinates": [[127.1370371, 35.8444194], [127.137442, 35.8445309], [127.1375677, 35.8445992], [127.1376328, 35.8446178]]}}, {"type": "Feature", "id": "osm-way-1091855593", "properties": {"osm_id": 1091855593, "highway": "footway", "name": null, "foot": null, "access": null, "surface": null, "source": "OpenStreetMap contributors", "source_layer": "openstreetmap_campus_paths"}, "geometry": {"type": "LineString", "coordinates": [[127.134703675, 35.844304875], [127.134799, 35.8445376]]}}, {"type": "Feature", "id": "osm-way-1091855594", "properties": {"osm_id": 1091855594, "highway": "footway", "name": null, "foot": null, "access": null, "surface": null, "source": "OpenStreetMap contributors", "source_layer": "openstreetmap_campus_paths"}, "geometry": {"type": "LineString", "coordinates": [[127.134799, 35.8445376], [127.1348281, 35.8446004], [127.1348583, 35.8446659]]}}, {"type": "Feature", "id": "osm-way-1091855595", "properties": {"osm_id": 1091855595, "highway": "footway", "name": null, "foot": null, "access": null, "surface": null, "source": "OpenStreetMap contributors", "source_layer": "openstreetmap_campus_paths"}, "geometry": {"type": "LineString", "coordinates": [[127.1348583, 35.8446659], [127.1350172, 35.8449813], [127.135051, 35.8450961]]}}, {"type": "Feature", "id": "osm-way-1091855596", "properties": {"osm_id": 1091855596, "highway": "footway", "name": null, "foot": null, "access": null, "surface": null, "source": "OpenStreetMap contributors", "source_layer": "openstreetmap_campus_paths"}, "geometry": {"type": "LineString", "coordinates": [[127.135051, 35.8450961], [127.13504502460324, 35.84516849454184], [127.1350982, 35.8452574]]}}, {"type": "Feature", "id": "osm-way-1091855597", "properties": {"osm_id": 1091855597, "highway": "footway", "name": null, "foot": null, "access": null, "surface": null, "source": "OpenStreetMap contributors", "source_layer": "openstreetmap_campus_paths"}, "geometry": {"type": "LineString", "coordinates": [[127.1350982, 35.8452574], [127.1351951, 35.8455734]]}}, {"type": "Feature", "id": "osm-way-1091855598", "properties": {"osm_id": 1091855598, "highway": "footway", "name": null, "foot": null, "access": null, "surface": null, "source": "OpenStreetMap contributors", "source_layer": "openstreetmap_campus_paths"}, "geometry": {"type": "LineString", "coordinates": [[127.1351951, 35.8455734], [127.1352241, 35.8456207], [127.13521383333334, 35.845689783333334]]}}, {"type": "Feature", "id": "osm-way-1091855599", "properties": {"osm_id": 1091855599, "highway": "footway", "name": null, "foot": null, "access": null, "surface": null, "source": "OpenStreetMap contributors", "source_layer": "openstreetmap_campus_paths"}, "geometry": {"type": "LineString", "coordinates": [[127.13521383333334, 35.845689783333334], [127.135467, 35.8464893], [127.1354971, 35.8465919], [127.1355067, 35.8466519], [127.1355078, 35.846738], [127.1354951, 35.8467972]]}}, {"type": "Feature", "id": "osm-way-1091855600", "properties": {"osm_id": 1091855600, "highway": "footway", "name": null, "foot": null, "access": null, "surface": null, "source": "OpenStreetMap contributors", "source_layer": "openstreetmap_campus_paths"}, "geometry": {"type": "LineString", "coordinates": [[127.135014, 35.8478477], [127.1351392, 35.847575], [127.1354548, 35.8469232]]}}, {"type": "Feature", "id": "osm-way-1091855601", "properties": {"osm_id": 1091855601, "highway": "footway", "name": null, "foot": null, "access": null, "surface": null, "source": "OpenStreetMap contributors", "source_layer": "openstreetmap_campus_paths"}, "geometry": {"type": "LineString", "coordinates": [[127.1354951, 35.8467972], [127.13546013333332, 35.846863066666664], [127.1354548, 35.8469232]]}}, {"type": "Feature", "id": "osm-way-1091855602", "properties": {"osm_id": 1091855602, "highway": "footway", "name": null, "foot": null, "access": null, "surface": null, "source": "OpenStreetMap contributors", "source_layer": "openstreetmap_campus_paths"}, "geometry": {"type": "LineString", "coordinates": [[127.1321104, 35.8444902], [127.1321212, 35.8445497], [127.13211026666666, 35.84459916666666]]}}, {"type": "Feature", "id": "osm-way-1091855603", "properties": {"osm_id": 1091855603, "highway": "footway", "name": null, "foot": null, "access": null, "surface": null, "source": "OpenStreetMap contributors", "source_layer": "openstreetmap_campus_paths"}, "geometry": {"type": "LineString", "coordinates": [[127.1339129, 35.8444097], [127.1338948, 35.844362], [127.1338901, 35.8442996]]}}, {"type": "Feature", "id": "osm-way-1091855604", "properties": {"osm_id": 1091855604, "highway": "footway", "name": null, "foot": null, "access": null, "surface": null, "source": "OpenStreetMap contributors", "source_layer": "openstreetmap_campus_paths"}, "geometry": {"type": "LineString", "coordinates": [[127.1332979, 35.8444814], [127.13330245, 35.844421275], [127.13329500000002, 35.8443624]]}}, {"type": "Feature", "id": "osm-way-1091855605", "properties": {"osm_id": 1091855605, "highway": "footway", "name": null, "foot": null, "access": null, "surface": null, "source": "OpenStreetMap contributors", "source_layer": "openstreetmap_campus_paths"}, "geometry": {"type": "LineString", "coordinates": [[127.1311273, 35.8447233], [127.1311171, 35.8446589], [127.13108063333334, 35.844601733333334]]}}, {"type": "Feature", "id": "osm-way-1091855606", "properties": {"osm_id": 1091855606, "highway": "service", "name": null, "foot": null, "access": null, "surface": null, "source": "OpenStreetMap contributors", "source_layer": "openstreetmap_campus_paths"}, "geometry": {"type": "LineString", "coordinates": [[127.134656025, 35.846319525], [127.13518987500001, 35.8463369], [127.135135475, 35.846216825], [127.134967875, 35.84596834999999], [127.13489815, 35.845920449999994], [127.13447956666666, 35.845917166666666], [127.13408735, 35.845894425], [127.133998975, 35.845939575], [127.133796425, 35.84616835], [127.13398155, 35.846294449999995]]}}, {"type": "Feature", "id": "osm-way-1091855607", "properties": {"osm_id": 1091855607, "highway": "footway", "name": null, "foot": null, "access": null, "surface": null, "source": "OpenStreetMap contributors", "source_layer": "openstreetmap_campus_paths"}, "geometry": {"type": "LineString", "coordinates": [[127.1350902, 35.845692650000004], [127.13449875, 35.845657475], [127.1339821, 35.845642], [127.1338701, 35.8455800625]]}}, {"type": "Feature", "id": "osm-way-1091860427", "properties": {"osm_id": 1091860427, "highway": "footway", "name": null, "foot": null, "access": null, "surface": null, "source": "OpenStreetMap contributors", "source_layer": "openstreetmap_campus_paths"}, "geometry": {"type": "LineString", "coordinates": [[127.13578700000001, 35.849452]]}}, {"type": "Feature", "id": "osm-way-1091860428", "properties": {"osm_id": 1091860428, "highway": "footway", "name": null, "foot": null, "access": null, "surface": null, "source": "OpenStreetMap contributors", "source_layer": "openstreetmap_campus_paths"}, "geometry": {"type": "LineString", "coordinates": [[127.13578700000001, 35.849452], [127.1363002, 35.8483877], [127.13643146666668, 35.84834023333334], [127.1365031, 35.8484212], [127.1364971, 35.8484717], [127.1360534, 35.84957103333333]]}}, {"type": "Feature", "id": "osm-way-1091860429", "properties": {"osm_id": 1091860429, "highway": "footway", "name": null, "foot": null, "access": null, "surface": null, "source": "OpenStreetMap contributors", "source_layer": "openstreetmap_campus_paths"}, "geometry": {"type": "LineString", "coordinates": [[127.1360534, 35.84957103333333], [127.1361402, 35.8495939]]}}, {"type": "Feature", "id": "osm-way-1091860430", "properties": {"osm_id": 1091860430, "highway": "footway", "name": null, "foot": null, "access": null, "surface": null, "source": "OpenStreetMap contributors", "source_layer": "openstreetmap_campus_paths"}, "geometry": {"type": "LineString", "coordinates": [[127.13643146666668, 35.84834023333334], [127.1364997, 35.8483129], [127.1365413, 35.8482784]]}}, {"type": "Feature", "id": "osm-way-1091860431", "properties": {"osm_id": 1091860431, "highway": "footway", "name": null, "foot": null, "access": null, "surface": null, "source": "OpenStreetMap contributors", "source_layer": "openstreetmap_campus_paths"}, "geometry": {"type": "LineString", "coordinates": [[127.1365413, 35.8482784], [127.13661105, 35.8482518]]}}, {"type": "Feature", "id": "osm-way-1091860432", "properties": {"osm_id": 1091860432, "highway": "footway", "name": null, "foot": null, "access": null, "surface": null, "source": "OpenStreetMap contributors", "source_layer": "openstreetmap_campus_paths"}, "geometry": {"type": "LineString", "coordinates": [[127.13661105, 35.8482518], [127.1366561, 35.8481811], [127.1366783, 35.8481356]]}}, {"type": "Feature", "id": "osm-way-1091860433", "properties": {"osm_id": 1091860433, "highway": "footway", "name": null, "foot": null, "access": null, "surface": null, "source": "OpenStreetMap contributors", "source_layer": "openstreetmap_campus_paths"}, "geometry": {"type": "LineString", "coordinates": [[127.1365871, 35.8481077], [127.1366783, 35.8481356]]}}, {"type": "Feature", "id": "osm-way-1091860434", "properties": {"osm_id": 1091860434, "highway": "footway", "name": null, "foot": null, "access": null, "surface": null, "source": "OpenStreetMap contributors", "source_layer": "openstreetmap_campus_paths"}, "geometry": {"type": "LineString", "coordinates": [[127.13645215, 35.848088950000005], [127.136382, 35.8481731]]}}, {"type": "Feature", "id": "osm-way-1091860435", "properties": {"osm_id": 1091860435, "highway": "footway", "name": null, "foot": null, "access": null, "surface": null, "source": "OpenStreetMap contributors", "source_layer": "openstreetmap_campus_paths"}, "geometry": {"type": "LineString", "coordinates": [[127.136382, 35.8481731], [127.1363198, 35.8481508]]}}, {"type": "Feature", "id": "osm-way-1091860436", "properties": {"osm_id": 1091860436, "highway": "footway", "name": null, "foot": null, "access": null, "surface": null, "source": "OpenStreetMap contributors", "source_layer": "openstreetmap_campus_paths"}, "geometry": {"type": "LineString", "coordinates": [[127.1363198, 35.8481508], [127.13622930000001, 35.84811473333333]]}}, {"type": "Feature", "id": "osm-way-1091860437", "properties": {"osm_id": 1091860437, "highway": "footway", "name": null, "foot": null, "access": null, "surface": null, "source": "OpenStreetMap contributors", "source_layer": "openstreetmap_campus_paths"}, "geometry": {"type": "LineString", "coordinates": [[127.13622930000001, 35.84811473333333], [127.1359373, 35.8480298], [127.1356152, 35.8480122]]}}, {"type": "Feature", "id": "osm-way-1091860438", "properties": {"osm_id": 1091860438, "highway": "footway", "name": null, "foot": null, "access": null, "surface": null, "source": "OpenStreetMap contributors", "source_layer": "openstreetmap_campus_paths"}, "geometry": {"type": "LineString", "coordinates": [[127.1356152, 35.8480122], [127.135535, 35.8480091], [127.1354623, 35.8479945]]}}, {"type": "Feature", "id": "osm-way-1091860439", "properties": {"osm_id": 1091860439, "highway": "footway", "name": null, "foot": null, "access": null, "surface": null, "source": "OpenStreetMap contributors", "source_layer": "openstreetmap_campus_paths"}, "geometry": {"type": "LineString", "coordinates": [[127.1354623, 35.8479945], [127.135217, 35.8479792]]}}, {"type": "Feature", "id": "osm-way-1091860440", "properties": {"osm_id": 1091860440, "highway": "footway", "name": null, "foot": null, "access": null, "surface": null, "source": "OpenStreetMap contributors", "source_layer": "openstreetmap_campus_paths"}, "geometry": {"type": "LineString", "coordinates": [[127.135217, 35.8479792], [127.1351357, 35.8479864], [127.13502976666666, 35.8479841], [127.1348555, 35.8479781], [127.1347687, 35.84798082500001]]}}, {"type": "Feature", "id": "osm-way-1097687063", "properties": {"osm_id": 1097687063, "highway": "steps", "name": null, "foot": null, "access": null, "surface": null, "source": "OpenStreetMap contributors", "source_layer": "openstreetmap_campus_paths"}, "geometry": {"type": "LineString", "coordinates": [[127.1322941, 35.8454481], [127.1327909, 35.8455502]]}}, {"type": "Feature", "id": "osm-way-1097687064", "properties": {"osm_id": 1097687064, "highway": "service", "name": null, "foot": null, "access": null, "surface": null, "source": "OpenStreetMap contributors", "source_layer": "openstreetmap_campus_paths"}, "geometry": {"type": "LineString", "coordinates": [[127.1317688, 35.841285799999994], [127.13180732500001, 35.841325775], [127.1318595, 35.841306], [127.1320232, 35.8413439]]}}, {"type": "Feature", "id": "osm-way-1097687066", "properties": {"osm_id": 1097687066, "highway": "footway", "name": null, "foot": null, "access": null, "surface": null, "source": "OpenStreetMap contributors", "source_layer": "openstreetmap_campus_paths"}, "geometry": {"type": "LineString", "coordinates": [[127.13255555, 35.84349421666667], [127.1324981, 35.8428453]]}}, {"type": "Feature", "id": "osm-way-1097687067", "properties": {"osm_id": 1097687067, "highway": "footway", "name": null, "foot": null, "access": null, "surface": null, "source": "OpenStreetMap contributors", "source_layer": "openstreetmap_campus_paths"}, "geometry": {"type": "LineString", "coordinates": [[127.1324981, 35.8428453], [127.13248429999999, 35.842747133333326]]}}, {"type": "Feature", "id": "osm-way-1097687068", "properties": {"osm_id": 1097687068, "highway": "footway", "name": null, "foot": null, "access": null, "surface": null, "source": "OpenStreetMap contributors", "source_layer": "openstreetmap_campus_paths"}, "geometry": {"type": "LineString", "coordinates": [[127.13248429999999, 35.842747133333326], [127.1324347, 35.8424271], [127.1332998, 35.8423518]]}}, {"type": "Feature", "id": "osm-way-1097688851", "properties": {"osm_id": 1097688851, "highway": "steps", "name": null, "foot": null, "access": null, "surface": null, "source": "OpenStreetMap contributors", "source_layer": "openstreetmap_campus_paths"}, "geometry": {"type": "LineString", "coordinates": [[127.1314799, 35.8424646], [127.13157925, 35.84248235], [127.13171940000001, 35.8424707], [127.1318223, 35.842453666666664]]}}, {"type": "Feature", "id": "osm-way-1097688852", "properties": {"osm_id": 1097688852, "highway": "footway", "name": null, "foot": null, "access": null, "surface": null, "source": "OpenStreetMap contributors", "source_layer": "openstreetmap_campus_paths"}, "geometry": {"type": "LineString", "coordinates": [[127.1314392, 35.8424258], [127.1314799, 35.8424646]]}}, {"type": "Feature", "id": "osm-way-1097688853", "properties": {"osm_id": 1097688853, "highway": "footway", "name": null, "foot": null, "access": null, "surface": null, "source": "OpenStreetMap contributors", "source_layer": "openstreetmap_campus_paths"}, "geometry": {"type": "LineString", "coordinates": [[127.1318223, 35.842453666666664]]}}, {"type": "Feature", "id": "osm-way-1097688854", "properties": {"osm_id": 1097688854, "highway": "steps", "name": null, "foot": null, "access": null, "surface": null, "source": "OpenStreetMap contributors", "source_layer": "openstreetmap_campus_paths"}, "geometry": {"type": "LineString", "coordinates": [[127.13439396031174, 35.84397867105488]]}}, {"type": "Feature", "id": "osm-way-1097688855", "properties": {"osm_id": 1097688855, "highway": "service", "name": null, "foot": null, "access": null, "surface": null, "source": "OpenStreetMap contributors", "source_layer": "openstreetmap_campus_paths"}, "geometry": {"type": "LineString", "coordinates": [[127.1349888779567, 35.84376675052846], [127.135066, 35.8438349], [127.1350784, 35.8439074], [127.1351656, 35.8438903], [127.13519146666665, 35.84415786666667], [127.13519225999998, 35.844223140000004]]}}, {"type": "Feature", "id": "osm-way-1109016981", "properties": {"osm_id": 1109016981, "highway": "tertiary_link", "name": null, "foot": null, "access": null, "surface": null, "source": "OpenStreetMap contributors", "source_layer": "openstreetmap_campus_paths"}, "geometry": {"type": "LineString", "coordinates": [[127.13166285, 35.840806], [127.13168235, 35.8407207], [127.13169242857143, 35.84059761428571], [127.131647, 35.84051155], [127.1316468, 35.8404431]]}}, {"type": "Feature", "id": "osm-way-1115640438", "properties": {"osm_id": 1115640438, "highway": "footway", "name": null, "foot": null, "access": null, "surface": null, "source": "OpenStreetMap contributors", "source_layer": "openstreetmap_campus_paths"}, "geometry": {"type": "LineString", "coordinates": [[127.13102393333334, 35.841745366666665], [127.1308851, 35.8416925], [127.1309778, 35.8416125], [127.1311086, 35.8414969], [127.13114570801247, 35.841456160728164], [127.1312159, 35.8413791], [127.13140493333333, 35.841211466666664], [127.131465, 35.8411221], [127.1315384, 35.8410588], [127.1315998, 35.8410091], [127.13166505000001, 35.8410088], [127.1316725, 35.8410853]]}}, {"type": "Feature", "id": "osm-way-1115640440", "properties": {"osm_id": 1115640440, "highway": "service", "name": null, "foot": null, "access": null, "surface": null, "source": "OpenStreetMap contributors", "source_layer": "openstreetmap_campus_paths"}, "geometry": {"type": "LineString", "coordinates": [[127.1323664, 35.8423957], [127.13248113251373, 35.84215725381952]]}}, {"type": "Feature", "id": "osm-way-1115640441", "properties": {"osm_id": 1115640441, "highway": "footway", "name": null, "foot": null, "access": null, "surface": null, "source": "OpenStreetMap contributors", "source_layer": "openstreetmap_campus_paths"}, "geometry": {"type": "LineString", "coordinates": [[127.13269044116616, 35.84153406816774], [127.1326093, 35.8416394], [127.1325754, 35.8416871], [127.1326337, 35.8417391], [127.1327151, 35.84181935], [127.1327184, 35.841886], [127.1326806, 35.8420031], [127.1326179, 35.8420386], [127.1325342, 35.842049], [127.13248113251373, 35.84215725381952]]}}, {"type": "Feature", "id": "osm-way-1137624667", "properties": {"osm_id": 1137624667, "highway": "tertiary", "name": "\uc870\uacbd\ub2e8\ub85c", "foot": null, "access": null, "surface": "asphalt", "source": "OpenStreetMap contributors", "source_layer": "openstreetmap_campus_paths"}, "geometry": {"type": "LineString", "coordinates": [[127.1280918, 35.8526624], [127.128564, 35.8525161], [127.1293127, 35.8522899], [127.1301138, 35.8520197], [127.1306452, 35.8519013], [127.13087943333335, 35.851818699999995], [127.1310316, 35.8517907], [127.1320663, 35.8514747], [127.1325895, 35.8513255], [127.1326531, 35.8513074], [127.1328419, 35.8512442]]}}, {"type": "Feature", "id": "osm-way-1137624668", "properties": {"osm_id": 1137624668, "highway": "tertiary", "name": "\uc870\uacbd\ub2e8\ub85c", "foot": null, "access": null, "surface": null, "source": "OpenStreetMap contributors", "source_layer": "openstreetmap_campus_paths"}, "geometry": {"type": "LineString", "coordinates": [[127.12279004119888, 35.85144651114529], [127.1229337, 35.8515593], [127.1230905, 35.8516521]]}}, {"type": "Feature", "id": "osm-way-1175116966", "properties": {"osm_id": 1175116966, "highway": "footway", "name": null, "foot": null, "access": null, "surface": "concrete", "source": "OpenStreetMap contributors", "source_layer": "openstreetmap_campus_paths"}, "geometry": {"type": "LineString", "coordinates": [[127.1339093, 35.8464103], [127.1337393, 35.8464102], [127.13350746666667, 35.846405966666666], [127.1334034, 35.84640615], [127.132945075, 35.84638995], [127.13284425, 35.846383], [127.1326972, 35.84629616666667], [127.1326253, 35.84626275], [127.132565375, 35.84624875], [127.13250081666666, 35.84622725], [127.1321062, 35.8457659]]}}, {"type": "Feature", "id": "osm-way-1175116968", "properties": {"osm_id": 1175116968, "highway": "footway", "name": null, "foot": null, "access": null, "surface": null, "source": "OpenStreetMap contributors", "source_layer": "openstreetmap_campus_paths"}, "geometry": {"type": "LineString", "coordinates": [[127.13201071045032, 35.8458303446812], [127.13192129999999, 35.8457183], [127.13181085, 35.84572815], [127.131738550395, 35.84573041025745], [127.13128090000001, 35.8457845], [127.13110797254637, 35.845807442444716], [127.13052119999999, 35.84588014444444]]}}, {"type": "Feature", "id": "osm-way-1175116969", "properties": {"osm_id": 1175116969, "highway": "footway", "name": null, "foot": null, "access": null, "surface": null, "source": "OpenStreetMap contributors", "source_layer": "openstreetmap_campus_paths"}, "geometry": {"type": "LineString", "coordinates": [[127.13072770000001, 35.8457373], [127.1305156, 35.84575965], [127.130465, 35.8457382], [127.1304462, 35.8456904], [127.13049025, 35.8454407]]}}, {"type": "Feature", "id": "osm-way-1175116970", "properties": {"osm_id": 1175116970, "highway": "footway", "name": null, "foot": null, "access": null, "surface": null, "source": "OpenStreetMap contributors", "source_layer": "openstreetmap_campus_paths"}, "geometry": {"type": "LineString", "coordinates": [[127.13026915, 35.84539555], [127.1301704, 35.8453729], [127.129723, 35.8453964]]}}, {"type": "Feature", "id": "osm-way-1175116971", "properties": {"osm_id": 1175116971, "highway": "footway", "name": null, "foot": null, "access": null, "surface": null, "source": "OpenStreetMap contributors", "source_layer": "openstreetmap_campus_paths"}, "geometry": {"type": "LineString", "coordinates": [[127.129534, 35.8454074], [127.12945516666667, 35.845411266666666], [127.12861795, 35.8454663]]}}, {"type": "Feature", "id": "osm-way-1175116972", "properties": {"osm_id": 1175116972, "highway": "footway", "name": null, "foot": null, "access": null, "surface": null, "source": "OpenStreetMap contributors", "source_layer": "openstreetmap_campus_paths"}, "geometry": {"type": "LineString", "coordinates": [[127.13026915, 35.84539555], [127.1303009, 35.8453238], [127.130331275, 35.845250125]]}}, {"type": "Feature", "id": "osm-way-1221501271", "properties": {"osm_id": 1221501271, "highway": "living_street", "name": "\uae08\uc5541\uae38", "foot": null, "access": null, "surface": null, "source": "OpenStreetMap contributors", "source_layer": "openstreetmap_campus_paths"}, "geometry": {"type": "LineString", "coordinates": [[127.1331691, 35.8407559], [127.1332437, 35.8406055], [127.1334007, 35.8404048], [127.1336939, 35.8399711], [127.1341687, 35.8395691]]}}, {"type": "Feature", "id": "osm-way-1228588852", "properties": {"osm_id": 1228588852, "highway": "service", "name": "\uac74\uc9c0\ub300\ub85c", "foot": null, "access": null, "surface": "asphalt", "source": "OpenStreetMap contributors", "source_layer": "openstreetmap_campus_paths"}, "geometry": {"type": "LineString", "coordinates": [[127.1302882, 35.8459511], [127.1303245, 35.8458149], [127.130393, 35.8454234], [127.13037630000001, 35.84532153333333], [127.13042790000002, 35.8452585], [127.1305293, 35.8448148], [127.1305592, 35.8447072]]}}, {"type": "Feature", "id": "osm-way-1228596131", "properties": {"osm_id": 1228596131, "highway": "service", "name": "\uc815\uc758\ub85c", "foot": null, "access": null, "surface": null, "source": "OpenStreetMap contributors", "source_layer": "openstreetmap_campus_paths"}, "geometry": {"type": "LineString", "coordinates": [[127.13461, 35.8442764], [127.1344869, 35.8442899], [127.1340035, 35.844343], [127.1338948, 35.844362], [127.1336454, 35.8443822], [127.13330245, 35.844421275], [127.1321212, 35.8445497], [127.1320124, 35.8445613], [127.13173762214075, 35.84458836820711], [127.1316573, 35.8445999], [127.1311171, 35.8446589], [127.131034, 35.8446687], [127.1307071, 35.8447153], [127.1305592, 35.8447072]]}}, {"type": "Feature", "id": "osm-way-1228596606", "properties": {"osm_id": 1228596606, "highway": "service", "name": "\uc774\uc138\uc885\ub85c", "foot": null, "access": null, "surface": null, "source": "OpenStreetMap contributors", "source_layer": "openstreetmap_campus_paths"}, "geometry": {"type": "LineString", "coordinates": [[127.1284386, 35.8454291], [127.128551, 35.8454288], [127.1286118, 35.8454163], [127.1289015, 35.8454004], [127.129081, 35.8453884], [127.129374, 35.8453689], [127.1294686, 35.8453625], [127.1296302, 35.8453562], [127.1297195, 35.8453508], [127.129868, 35.845342], [127.1300293, 35.8453352], [127.1303009, 35.8453238], [127.13037630000001, 35.84532153333333]]}}, {"type": "Feature", "id": "osm-way-1228643052", "properties": {"osm_id": 1228643052, "highway": "footway", "name": null, "foot": null, "access": null, "surface": null, "source": "OpenStreetMap contributors", "source_layer": "openstreetmap_campus_paths"}, "geometry": {"type": "LineString", "coordinates": [[127.13133245, 35.84153875], [127.1314815, 35.841529550000004]]}}, {"type": "Feature", "id": "osm-way-1228664618", "properties": {"osm_id": 1228664618, "highway": "service", "name": null, "foot": null, "access": null, "surface": null, "source": "OpenStreetMap contributors", "source_layer": "openstreetmap_campus_paths"}, "geometry": {"type": "LineString", "coordinates": [[127.133285525, 35.847369225], [127.13334085893433, 35.84666410811276], [127.1333562, 35.8464728]]}}, {"type": "Feature", "id": "osm-way-1228664619", "properties": {"osm_id": 1228664619, "highway": "service", "name": null, "foot": null, "access": null, "surface": null, "source": "OpenStreetMap contributors", "source_layer": "openstreetmap_campus_paths"}, "geometry": {"type": "LineString", "coordinates": [[127.13138809555757, 35.847287150383984], [127.13147140303579, 35.846464848011166]]}}, {"type": "Feature", "id": "osm-way-1229993207", "properties": {"osm_id": 1229993207, "highway": "service", "name": "\uacf5\ud559\ub85c", "foot": null, "access": null, "surface": "asphalt", "source": "OpenStreetMap contributors", "source_layer": "openstreetmap_campus_paths"}, "geometry": {"type": "LineString", "coordinates": [[127.1303245, 35.8458149], [127.1304759, 35.84582435], [127.1307531, 35.8457903], [127.13125837188124, 35.84572894000056], [127.1318016, 35.845663], [127.1318837, 35.845653]]}}, {"type": "Feature", "id": "osm-way-1229993208", "properties": {"osm_id": 1229993208, "highway": "service", "name": "\uacf5\ud559\ub85c", "foot": null, "access": null, "surface": "asphalt", "source": "OpenStreetMap contributors", "source_layer": "openstreetmap_campus_paths"}, "geometry": {"type": "LineString", "coordinates": [[127.132443875, 35.84625545], [127.1321806, 35.8459308], [127.132033, 35.8457373], [127.1319801, 35.8456685]]}}, {"type": "Feature", "id": "osm-way-1232322991", "properties": {"osm_id": 1232322991, "highway": "path", "name": null, "foot": null, "access": null, "surface": null, "source": "OpenStreetMap contributors", "source_layer": "openstreetmap_campus_paths"}, "geometry": {"type": "LineString", "coordinates": [[127.1372701, 35.8514295], [127.1374878, 35.8514694], [127.137565, 35.8514898]]}}, {"type": "Feature", "id": "osm-way-1232322995", "properties": {"osm_id": 1232322995, "highway": "path", "name": null, "foot": null, "access": null, "surface": null, "source": "OpenStreetMap contributors", "source_layer": "openstreetmap_campus_paths"}, "geometry": {"type": "LineString", "coordinates": [[127.1398739, 35.8518143], [127.1399032, 35.8518963], [127.1399605, 35.8519728], [127.1400512, 35.8521395]]}}, {"type": "Feature", "id": "osm-way-1232322996", "properties": {"osm_id": 1232322996, "highway": "path", "name": null, "foot": null, "access": null, "surface": null, "source": "OpenStreetMap contributors", "source_layer": "openstreetmap_campus_paths"}, "geometry": {"type": "LineString", "coordinates": [[127.1382937, 35.8522031], [127.1383436, 35.8522866], [127.1383668, 35.8523594], [127.1384034, 35.8524241], [127.13843, 35.8524645], [127.1384799, 35.8525238], [127.138672, 35.8525885], [127.13873825, 35.85263525], [127.1389371, 35.8526535], [127.1390746, 35.8527123]]}}, {"type": "Feature", "id": "osm-way-1232322999", "properties": {"osm_id": 1232322999, "highway": "path", "name": null, "foot": null, "access": null, "surface": null, "source": "OpenStreetMap contributors", "source_layer": "openstreetmap_campus_paths"}, "geometry": {"type": "LineString", "coordinates": [[127.1398271, 35.8511218], [127.1399184, 35.8511535], [127.1399847, 35.8512149], [127.1400634, 35.8512566], [127.1401715, 35.8512715], [127.1403277, 35.851285], [127.1404086, 35.851281], [127.1405011, 35.8513015], [127.1405913, 35.85128], [127.1406636, 35.8513119], [127.1407677, 35.8513067], [127.1408564, 35.8513523], [127.1409229, 35.8513631], [127.1410027, 35.8513658], [127.141083, 35.85139], [127.1411706, 35.8513624], [127.1413061, 35.8512971], [127.1414001, 35.8512798], [127.141482, 35.8513068], [127.1415512, 35.8513069], [127.1416222, 35.8513002], [127.1417209, 35.8513011], [127.1418007, 35.8512877], [127.1418639, 35.8512526], [127.1419392, 35.851239], [127.1420351, 35.8512403], [127.1421299, 35.8512769], [127.1421997, 35.8512877], [127.1423749, 35.8512581]]}}, {"type": "Feature", "id": "osm-way-1232323001", "properties": {"osm_id": 1232323001, "highway": "path", "name": null, "foot": null, "access": null, "surface": null, "source": "OpenStreetMap contributors", "source_layer": "openstreetmap_campus_paths"}, "geometry": {"type": "LineString", "coordinates": [[127.1381093, 35.8516044], [127.1381335, 35.8516595], [127.1382305, 35.8518088], [127.1382908, 35.8519187], [127.1382742, 35.8520158], [127.1382638, 35.8521142], [127.1382937, 35.8522031]]}}, {"type": "Feature", "id": "osm-way-1232323004", "properties": {"osm_id": 1232323004, "highway": "path", "name": null, "foot": null, "access": null, "surface": null, "source": "OpenStreetMap contributors", "source_layer": "openstreetmap_campus_paths"}, "geometry": {"type": "LineString", "coordinates": [[127.137693, 35.8523028], [127.1375669, 35.8523346], [127.137445, 35.8523975], [127.1374107, 35.852489], [127.1373487, 35.8525717], [127.1372716, 35.8526984], [127.137127, 35.8527675], [127.1368698, 35.852843]]}}, {"type": "Feature", "id": "osm-way-1232323006", "properties": {"osm_id": 1232323006, "highway": "path", "name": null, "foot": null, "access": null, "surface": null, "source": "OpenStreetMap contributors", "source_layer": "openstreetmap_campus_paths"}, "geometry": {"type": "LineString", "coordinates": [[127.1381284, 35.8497119], [127.1382588, 35.8496825], [127.1384899, 35.849524], [127.1385752, 35.8494904], [127.1386847, 35.8494589], [127.1387898, 35.8494118], [127.1390017, 35.8492737]]}}, {"type": "Feature", "id": "osm-way-1232323009", "properties": {"osm_id": 1232323009, "highway": "path", "name": null, "foot": null, "access": null, "surface": null, "source": "OpenStreetMap contributors", "source_layer": "openstreetmap_campus_paths"}, "geometry": {"type": "LineString", "coordinates": [[127.13956, 35.8517554], [127.1395999, 35.8516799], [127.1396297, 35.851564], [127.1396331, 35.8514966], [127.1396202, 35.851392], [127.1396047, 35.8513206], [127.1395801, 35.8512726]]}}, {"type": "Feature", "id": "osm-way-1232323011", "properties": {"osm_id": 1232323011, "highway": "path", "name": null, "foot": null, "access": null, "surface": null, "source": "OpenStreetMap contributors", "source_layer": "openstreetmap_campus_paths"}, "geometry": {"type": "LineString", "coordinates": [[127.1374143, 35.8496348], [127.1374404, 35.8495681], [127.1374363, 35.8495139], [127.1374428, 35.8494573], [127.1374895, 35.8493495], [127.1375493, 35.8492867], [127.1377444, 35.8491299], [127.1378611, 35.8490733], [127.1380699, 35.8489761], [127.1382742, 35.8489271], [127.138439, 35.8489157], [127.13861, 35.8489838], [127.13874559174357, 35.84904865242112], [127.1390017, 35.8492737]]}}, {"type": "Feature", "id": "osm-way-1232323018", "properties": {"osm_id": 1232323018, "highway": "path", "name": null, "foot": null, "access": null, "surface": null, "source": "OpenStreetMap contributors", "source_layer": "openstreetmap_campus_paths"}, "geometry": {"type": "LineString", "coordinates": [[127.13891534999999, 35.8501775], [127.1388621, 35.8502906], [127.1387834, 35.8504495], [127.1388, 35.8505781], [127.1388565, 35.8506835], [127.1389255, 35.8507801], [127.1389266, 35.8508913], [127.1389225, 35.85095], [127.1389474, 35.8510369], [127.1389721, 35.8511487], [127.1389892, 35.8511997]]}}, {"type": "Feature", "id": "osm-way-1232323021", "properties": {"osm_id": 1232323021, "highway": "path", "name": null, "foot": null, "access": null, "surface": null, "source": "OpenStreetMap contributors", "source_layer": "openstreetmap_campus_paths"}, "geometry": {"type": "LineString", "coordinates": [[127.1355418, 35.8509747], [127.1356024, 35.8509629], [127.1357931, 35.8508628], [127.1358721, 35.8507973], [127.1359095, 35.8507101], [127.135927, 35.8506542], [127.1360104, 35.85051775], [127.13607, 35.8504739], [127.1361846, 35.8504091]]}}, {"type": "Feature", "id": "osm-way-1232323026", "properties": {"osm_id": 1232323026, "highway": "path", "name": null, "foot": null, "access": null, "surface": null, "source": "OpenStreetMap contributors", "source_layer": "openstreetmap_campus_paths"}, "geometry": {"type": "LineString", "coordinates": [[127.1396264, 35.8521461], [127.1396031, 35.8520653], [127.1395782, 35.8519871], [127.1395355, 35.8519171], [127.1395196, 35.851861], [127.13956, 35.8517554]]}}, {"type": "Feature", "id": "osm-way-1232323027", "properties": {"osm_id": 1232323027, "highway": "path", "name": null, "foot": null, "access": null, "surface": null, "source": "OpenStreetMap contributors", "source_layer": "openstreetmap_campus_paths"}, "geometry": {"type": "LineString", "coordinates": [[127.1389892, 35.8511997], [127.138984, 35.8513209], [127.1390023, 35.8513757], [127.1390078, 35.851524], [127.1390586, 35.851602], [127.1391105, 35.8516434], [127.1391573, 35.8516737]]}}, {"type": "Feature", "id": "osm-way-1232323036", "properties": {"osm_id": 1232323036, "highway": "path", "name": null, "foot": null, "access": null, "surface": null, "source": "OpenStreetMap contributors", "source_layer": "openstreetmap_campus_paths"}, "geometry": {"type": "LineString", "coordinates": [[127.1349641, 35.8524292], [127.1350456, 35.8524303], [127.1351288, 35.8524518], [127.1352385, 35.8524653]]}}, {"type": "Feature", "id": "osm-way-1232323049", "properties": {"osm_id": 1232323049, "highway": "path", "name": null, "foot": null, "access": null, "surface": null, "source": "OpenStreetMap contributors", "source_layer": "openstreetmap_campus_paths"}, "geometry": {"type": "LineString", "coordinates": [[127.1359334, 35.8523952], [127.1360165, 35.8523953], [127.1360796, 35.8523684], [127.1361417, 35.8523294], [127.1361877, 35.8522763], [127.1362631, 35.8522471], [127.1363523, 35.8522416], [127.1365738, 35.85221], [127.1366664, 35.8521891], [127.1367435, 35.8521675], [127.1368269, 35.8521305], [127.1368643, 35.8520611], [127.136891, 35.8519964], [127.1369211, 35.8519182], [127.1370067, 35.8518842], [127.1370947, 35.8518586], [127.13718, 35.8518175], [127.1372368, 35.8517718], [127.1373132, 35.8517103], [127.1373793, 35.8516554], [127.13744, 35.8515814], [127.1374999, 35.8515302], [127.137565, 35.8514898]]}}, {"type": "Feature", "id": "osm-way-1232323053", "properties": {"osm_id": 1232323053, "highway": "path", "name": null, "foot": null, "access": null, "surface": null, "source": "OpenStreetMap contributors", "source_layer": "openstreetmap_campus_paths"}, "geometry": {"type": "LineString", "coordinates": [[127.137565, 35.8514898], [127.1376461, 35.8514951], [127.1377288, 35.8515164], [127.1378902, 35.8515644], [127.1381093, 35.8516044]]}}, {"type": "Feature", "id": "osm-way-1232323054", "properties": {"osm_id": 1232323054, "highway": "path", "name": null, "foot": null, "access": null, "surface": null, "source": "OpenStreetMap contributors", "source_layer": "openstreetmap_campus_paths"}, "geometry": {"type": "LineString", "coordinates": [[127.1397323, 35.8504652], [127.13974214999999, 35.8505555], [127.1397564, 35.8506727], [127.1397784, 35.8509295], [127.1398177, 35.8510066], [127.1398271, 35.8511218]]}}, {"type": "Feature", "id": "osm-way-1232323057", "properties": {"osm_id": 1232323057, "highway": "path", "name": null, "foot": null, "access": null, "surface": null, "source": "OpenStreetMap contributors", "source_layer": "openstreetmap_campus_paths"}, "geometry": {"type": "LineString", "coordinates": [[127.1389892, 35.8511997], [127.1390528, 35.8512461], [127.1391283, 35.8512825], [127.1392122, 35.8512822], [127.1393186, 35.8513118], [127.1394255, 35.8513208], [127.1394868, 35.8512966], [127.1395801, 35.8512726]]}}, {"type": "Feature", "id": "osm-way-1232323065", "properties": {"osm_id": 1232323065, "highway": "path", "name": null, "foot": null, "access": null, "surface": null, "source": "OpenStreetMap contributors", "source_layer": "openstreetmap_campus_paths"}, "geometry": {"type": "LineString", "coordinates": [[127.1372138, 35.850149], [127.1371211, 35.8501601], [127.13703815, 35.85018385], [127.1369408, 35.8502019], [127.1368535, 35.850193], [127.1367554, 35.8502251], [127.1366834, 35.8502107], [127.1366222, 35.8502317], [127.1365644, 35.8502958], [127.1364631, 35.8503705], [127.1363539, 35.8504038], [127.1362763, 35.8504096], [127.1361846, 35.8504091]]}}, {"type": "Feature", "id": "osm-way-1232323067", "properties": {"osm_id": 1232323067, "highway": "path", "name": null, "foot": null, "access": null, "surface": null, "source": "OpenStreetMap contributors", "source_layer": "openstreetmap_campus_paths"}, "geometry": {"type": "LineString", "coordinates": [[127.1398838, 35.8514568], [127.1398628, 35.8515808], [127.1398783, 35.8516562], [127.1398628, 35.8517335], [127.1398739, 35.8518143]]}}, {"type": "Feature", "id": "osm-way-1232323068", "properties": {"osm_id": 1232323068, "highway": "path", "name": null, "foot": null, "access": null, "surface": null, "source": "OpenStreetMap contributors", "source_layer": "openstreetmap_campus_paths"}, "geometry": {"type": "LineString", "coordinates": [[127.1352385, 35.8524653], [127.1353354, 35.8524708], [127.1355444, 35.8524518]]}}, {"type": "Feature", "id": "osm-way-1232323070", "properties": {"osm_id": 1232323070, "highway": "path", "name": null, "foot": null, "access": null, "surface": null, "source": "OpenStreetMap contributors", "source_layer": "openstreetmap_campus_paths"}, "geometry": {"type": "LineString", "coordinates": [[127.139475, 35.852642], [127.1395614, 35.8526258], [127.1396711, 35.8526097], [127.1397509, 35.8525935], [127.1398159, 35.8525719], [127.1398558, 35.85246555], [127.1397727, 35.8522917], [127.1396264, 35.8521461]]}}, {"type": "Feature", "id": "osm-way-1232323071", "properties": {"osm_id": 1232323071, "highway": "path", "name": null, "foot": null, "access": null, "surface": null, "source": "OpenStreetMap contributors", "source_layer": "openstreetmap_campus_paths"}, "geometry": {"type": "LineString", "coordinates": [[127.1391573, 35.8516737], [127.1391872, 35.8518272], [127.1391936, 35.8518931], [127.1392443, 35.8520019], [127.1392565, 35.8520606], [127.1392539, 35.8521337], [127.1392153, 35.8523211], [127.1392427, 35.8524063], [127.1393593, 35.8525304], [127.139475, 35.852642]]}}, {"type": "Feature", "id": "osm-way-1232323072", "properties": {"osm_id": 1232323072, "highway": "path", "name": null, "foot": null, "access": null, "surface": null, "source": "OpenStreetMap contributors", "source_layer": "openstreetmap_campus_paths"}, "geometry": {"type": "LineString", "coordinates": [[127.1359935, 35.8526681], [127.1359656, 35.8526116], [127.1359797, 35.8525649], [127.1359713, 35.8524997], [127.1359334, 35.8523952]]}}, {"type": "Feature", "id": "osm-way-1232323076", "properties": {"osm_id": 1232323076, "highway": "path", "name": null, "foot": null, "access": null, "surface": null, "source": "OpenStreetMap contributors", "source_layer": "openstreetmap_campus_paths"}, "geometry": {"type": "LineString", "coordinates": [[127.1398271, 35.8511218], [127.1398351, 35.8512161], [127.1398372, 35.8513275], [127.1398838, 35.8514568]]}}, {"type": "Feature", "id": "osm-way-1232323078", "properties": {"osm_id": 1232323078, "highway": "path", "name": null, "foot": null, "access": null, "surface": null, "source": "OpenStreetMap contributors", "source_layer": "openstreetmap_campus_paths"}, "geometry": {"type": "LineString", "coordinates": [[127.1293796, 35.8532725], [127.1294685, 35.8531975], [127.129525, 35.853111], [127.1296093, 35.8530514], [127.1296731, 35.8529593], [127.1298277, 35.8528399], [127.1298909, 35.8527212], [127.1299972, 35.8526081], [127.1301535, 35.8525461], [127.1303098, 35.8524679], [127.1303929, 35.8524329], [127.1305808, 35.8524047], [127.1306551, 35.8523808], [127.1307254, 35.8523036], [127.1307832, 35.852206], [127.1308118, 35.852088], [127.130706875, 35.85203995]]}}, {"type": "Feature", "id": "osm-way-1232323079", "properties": {"osm_id": 1232323079, "highway": "path", "name": null, "foot": null, "access": null, "surface": null, "source": "OpenStreetMap contributors", "source_layer": "openstreetmap_campus_paths"}, "geometry": {"type": "LineString", "coordinates": [[127.1382937, 35.8522031], [127.1381875, 35.8522412], [127.1378861, 35.8523058], [127.137804, 35.8523166], [127.137693, 35.8523028]]}}, {"type": "Feature", "id": "osm-way-1232323081", "properties": {"osm_id": 1232323081, "highway": "path", "name": null, "foot": null, "access": null, "surface": null, "source": "OpenStreetMap contributors", "source_layer": "openstreetmap_campus_paths"}, "geometry": {"type": "LineString", "coordinates": [[127.1381093, 35.8516044], [127.1379808, 35.8516743], [127.1378361, 35.8517499], [127.1377362, 35.8518127], [127.1376779, 35.8518784], [127.1376431, 35.8519659], [127.1376398, 35.8520522], [127.1376663, 35.8521196], [127.137673, 35.8522247], [127.137693, 35.8523028]]}}, {"type": "Feature", "id": "osm-way-1232323084", "properties": {"osm_id": 1232323084, "highway": "path", "name": null, "foot": null, "access": null, "surface": null, "source": "OpenStreetMap contributors", "source_layer": "openstreetmap_campus_paths"}, "geometry": {"type": "LineString", "coordinates": [[127.1398739, 35.8518143], [127.1397595, 35.8518274], [127.1396771, 35.8518116], [127.13956, 35.8517554]]}}, {"type": "Feature", "id": "osm-way-1232323089", "properties": {"osm_id": 1232323089, "highway": "path", "name": null, "foot": null, "access": null, "surface": null, "source": "OpenStreetMap contributors", "source_layer": "openstreetmap_campus_paths"}, "geometry": {"type": "LineString", "coordinates": [[127.1355444, 35.8524518], [127.1355892, 35.8525531], [127.1356939, 35.8526115], [127.135808, 35.8526453], [127.1359935, 35.8526681]]}}, {"type": "Feature", "id": "osm-way-1232323091", "properties": {"osm_id": 1232323091, "highway": "path", "name": null, "foot": null, "access": null, "surface": null, "source": "OpenStreetMap contributors", "source_layer": "openstreetmap_campus_paths"}, "geometry": {"type": "LineString", "coordinates": [[127.1390017, 35.8492737], [127.1390791, 35.8493464], [127.1391272, 35.8494211], [127.1391552, 35.8494862], [127.1391627, 35.8495674], [127.1392067, 35.8496782], [127.1392862, 35.8498363], [127.1393948, 35.8500106], [127.1394692, 35.8501125], [127.1396084, 35.8502096], [127.1396751, 35.8503195], [127.1397323, 35.8504652]]}}, {"type": "Feature", "id": "osm-way-1232323095", "properties": {"osm_id": 1232323095, "highway": "path", "name": null, "foot": null, "access": null, "surface": null, "source": "OpenStreetMap contributors", "source_layer": "openstreetmap_campus_paths"}, "geometry": {"type": "LineString", "coordinates": [[127.1381093, 35.8516044], [127.1381411, 35.8515672], [127.1382029, 35.85151], [127.1382679, 35.8514654], [127.1383411, 35.8514062], [127.1384051, 35.8513332], [127.1385116, 35.8512792], [127.1386004, 35.8512499], [127.1386739, 35.8512223], [127.13875, 35.851204], [127.1388774, 35.8511867], [127.1389892, 35.8511997]]}}, {"type": "Feature", "id": "osm-way-1232323097", "properties": {"osm_id": 1232323097, "highway": "path", "name": null, "foot": null, "access": null, "surface": null, "source": "OpenStreetMap contributors", "source_layer": "openstreetmap_campus_paths"}, "geometry": {"type": "LineString", "coordinates": [[127.137693, 35.8523028], [127.1377196, 35.8524079], [127.1377495, 35.8525023], [127.1378093, 35.8526101], [127.137919, 35.8527367], [127.1380786, 35.8528822]]}}, {"type": "Feature", "id": "osm-way-1232323100", "properties": {"osm_id": 1232323100, "highway": "path", "name": null, "foot": null, "access": null, "surface": null, "source": "OpenStreetMap contributors", "source_layer": "openstreetmap_campus_paths"}, "geometry": {"type": "LineString", "coordinates": [[127.1355444, 35.8524518], [127.1356441, 35.8524411], [127.1357704, 35.8524276], [127.1359334, 35.8523952]]}}, {"type": "Feature", "id": "osm-way-1232323102", "properties": {"osm_id": 1232323102, "highway": "path", "name": null, "foot": null, "access": null, "surface": null, "source": "OpenStreetMap contributors", "source_layer": "openstreetmap_campus_paths"}, "geometry": {"type": "LineString", "coordinates": [[127.1398838, 35.8514568], [127.1399464, 35.8515655], [127.1399951, 35.8516194], [127.1402123, 35.8517811], [127.1402788, 35.8518494], [127.1403387, 35.851875], [127.1404273, 35.8519213]]}}, {"type": "Feature", "id": "osm-way-1232323104", "properties": {"osm_id": 1232323104, "highway": "path", "name": null, "foot": null, "access": null, "surface": null, "source": "OpenStreetMap contributors", "source_layer": "openstreetmap_campus_paths"}, "geometry": {"type": "LineString", "coordinates": [[127.1352385, 35.8524653], [127.1353563, 35.8525828], [127.1354283, 35.8526232], [127.1355004, 35.8526456], [127.1356221, 35.8527153], [127.1357274, 35.8527829], [127.1358244, 35.8527806], [127.1359104, 35.8527287], [127.1359935, 35.8526681]]}}, {"type": "Feature", "id": "osm-way-1232323113", "properties": {"osm_id": 1232323113, "highway": "path", "name": null, "foot": null, "access": null, "surface": null, "source": "OpenStreetMap contributors", "source_layer": "openstreetmap_campus_paths"}, "geometry": {"type": "LineString", "coordinates": [[127.1391573, 35.8516737], [127.1390321, 35.8516483], [127.1389645, 35.851652], [127.1388814, 35.8516842], [127.1388471, 35.8517335], [127.1388148, 35.8518459], [127.1387493, 35.8519196], [127.1386008, 35.8520497], [127.13849985908386, 35.852098665169194], [127.1384234, 35.8521778], [127.1383629, 35.8522125], [127.1382937, 35.8522031]]}}, {"type": "Feature", "id": "osm-way-1232323118", "properties": {"osm_id": 1232323118, "highway": "path", "name": null, "foot": null, "access": null, "surface": null, "source": "OpenStreetMap contributors", "source_layer": "openstreetmap_campus_paths"}, "geometry": {"type": "LineString", "coordinates": [[127.1400512, 35.8521395], [127.1399817, 35.8521461], [127.1398686, 35.8521703], [127.1397556, 35.8521811], [127.1396264, 35.8521461]]}}, {"type": "Feature", "id": "osm-way-1232323123", "properties": {"osm_id": 1232323123, "highway": "path", "name": null, "foot": null, "access": null, "surface": null, "source": "OpenStreetMap contributors", "source_layer": "openstreetmap_campus_paths"}, "geometry": {"type": "LineString", "coordinates": [[127.137565, 35.8514898], [127.1375141, 35.8513842], [127.1375021, 35.8512919], [127.1375186, 35.8511847], [127.1375149, 35.8510395], [127.1375448, 35.8509593], [127.1375903, 35.8508872], [127.1376026, 35.8507794], [127.1376491, 35.8506932], [127.1376715, 35.8506373], [127.1376611, 35.8505819], [127.1374733, 35.8503963], [127.1373423, 35.8503018], [127.1372521, 35.8502018], [127.1372138, 35.850149]]}}, {"type": "Feature", "id": "osm-way-1232323127", "properties": {"osm_id": 1232323127, "highway": "path", "name": null, "foot": null, "access": null, "surface": null, "source": "OpenStreetMap contributors", "source_layer": "openstreetmap_campus_paths"}, "geometry": {"type": "LineString", "coordinates": [[127.1293796, 35.8532725], [127.129383, 35.853178], [127.1293436, 35.8530641], [127.1293303, 35.8529912], [127.1293436, 35.8529346], [127.1293785, 35.8528592], [127.1293951, 35.852808], [127.12939402569604, 35.85274635148033], [127.1293339, 35.8526691], [127.1293168, 35.8525774], [127.1293533, 35.8524212]]}}, {"type": "Feature", "id": "osm-way-1232323129", "properties": {"osm_id": 1232323129, "highway": "path", "name": null, "foot": null, "access": null, "surface": null, "source": "OpenStreetMap contributors", "source_layer": "openstreetmap_campus_paths"}, "geometry": {"type": "LineString", "coordinates": [[127.13956, 35.8517554], [127.1394653, 35.8517452], [127.1393109, 35.8516862], [127.1392486, 35.8516709], [127.1391573, 35.8516737]]}}, {"type": "Feature", "id": "osm-way-1232323133", "properties": {"osm_id": 1232323133, "highway": "path", "name": null, "foot": null, "access": null, "surface": null, "source": "OpenStreetMap contributors", "source_layer": "openstreetmap_campus_paths"}, "geometry": {"type": "LineString", "coordinates": [[127.1372138, 35.850149], [127.1372849, 35.8500982], [127.1372892, 35.8500389], [127.137302, 35.8499629], [127.137342, 35.849904], [127.1374016, 35.8498554], [127.1374235, 35.8497917], [127.137414, 35.8497244], [127.1374143, 35.8496348]]}}, {"type": "Feature", "id": "osm-way-1232323136", "properties": {"osm_id": 1232323136, "highway": "path", "name": null, "foot": null, "access": null, "surface": null, "source": "OpenStreetMap contributors", "source_layer": "openstreetmap_campus_paths"}, "geometry": {"type": "LineString", "coordinates": [[127.1395801, 35.8512726], [127.1396662, 35.851237], [127.1397306, 35.8511814], [127.1398271, 35.8511218]]}}, {"type": "Feature", "id": "osm-way-1280489679", "properties": {"osm_id": 1280489679, "highway": "service", "name": null, "foot": null, "access": null, "surface": null, "source": "OpenStreetMap contributors", "source_layer": "openstreetmap_campus_paths"}, "geometry": {"type": "LineString", "coordinates": [[127.1338901, 35.8464931], [127.1338872, 35.8466295], [127.133873275, 35.846851175000005], [127.133865125, 35.847107449999996], [127.1338614, 35.847155], [127.13393928062116, 35.84738559908578], [127.133931175, 35.8474775], [127.13394395, 35.8475167], [127.13395680933336, 35.847725706880304], [127.13393570000001, 35.8478294], [127.1339497, 35.8478943]]}}, {"type": "Feature", "id": "osm-way-1280489680", "properties": {"osm_id": 1280489680, "highway": "service", "name": "\uacf5\ud559\ub85c", "foot": null, "access": null, "surface": null, "source": "OpenStreetMap contributors", "source_layer": "openstreetmap_campus_paths"}, "geometry": {"type": "LineString", "coordinates": [[127.13247825, 35.8462967], [127.132605825, 35.8463048], [127.1326963, 35.846353775000004], [127.13277317142857, 35.84639182857143], [127.13288643348568, 35.846441902340786], [127.1333562, 35.8464728]]}}, {"type": "Feature", "id": "osm-way-1280489681", "properties": {"osm_id": 1280489681, "highway": "footway", "name": null, "foot": null, "access": null, "surface": null, "source": "OpenStreetMap contributors", "source_layer": "openstreetmap_campus_paths"}, "geometry": {"type": "LineString", "coordinates": [[127.133285525, 35.847369225], [127.13334893122733, 35.847369446156975], [127.1335906, 35.8473378], [127.1338825, 35.8473485], [127.133931175, 35.8474775], [127.13394395, 35.8475167], [127.13388892304124, 35.84766050079363], [127.13393570000001, 35.8478294]]}}, {"type": "Feature", "id": "osm-way-1280489682", "properties": {"osm_id": 1280489682, "highway": "footway", "name": null, "foot": null, "access": null, "surface": null, "source": "OpenStreetMap contributors", "source_layer": "openstreetmap_campus_paths"}, "geometry": {"type": "LineString", "coordinates": [[127.1340522, 35.84748406666667], [127.1342801, 35.8475062], [127.13441724779003, 35.847504937488324], [127.1347451, 35.847529525], [127.1348486, 35.8475221], [127.13505316666665, 35.84755043333333], [127.1351392, 35.847575]]}}, {"type": "Feature", "id": "osm-way-1293436255", "properties": {"osm_id": 1293436255, "highway": "footway", "name": null, "foot": null, "access": null, "surface": null, "source": "OpenStreetMap contributors", "source_layer": "openstreetmap_campus_paths"}, "geometry": {"type": "LineString", "coordinates": [[127.13361096, 35.847815589999996], [127.13361561111111, 35.84774142222222]]}}, {"type": "Feature", "id": "osm-way-1293436256", "properties": {"osm_id": 1293436256, "highway": "footway", "name": null, "foot": null, "access": null, "surface": null, "source": "OpenStreetMap contributors", "source_layer": "openstreetmap_campus_paths"}, "geometry": {"type": "LineString", "coordinates": [[127.13388892304124, 35.84766050079363]]}}, {"type": "Feature", "id": "osm-way-1293436257", "properties": {"osm_id": 1293436257, "highway": "footway", "name": null, "foot": null, "access": null, "surface": null, "source": "OpenStreetMap contributors", "source_layer": "openstreetmap_campus_paths"}, "geometry": {"type": "LineString", "coordinates": [[127.1335906, 35.8473378], [127.13360476666666, 35.847441333333336]]}}, {"type": "Feature", "id": "osm-way-1293436258", "properties": {"osm_id": 1293436258, "highway": "footway", "name": null, "foot": null, "access": null, "surface": null, "source": "OpenStreetMap contributors", "source_layer": "openstreetmap_campus_paths"}, "geometry": {"type": "LineString", "coordinates": [[127.1332724, 35.8475808], [127.13337628726195, 35.84758552769395]]}}, {"type": "Feature", "id": "osm-way-1299259732", "properties": {"osm_id": 1299259732, "highway": "service", "name": null, "foot": null, "access": null, "surface": null, "source": "OpenStreetMap contributors", "source_layer": "openstreetmap_campus_paths"}, "geometry": {"type": "LineString", "coordinates": [[127.1267575, 35.8476091], [127.1268658, 35.8472687], [127.1269199, 35.8471318], [127.12703455083242, 35.846860658931845], [127.1271309, 35.8466328], [127.12718309999998, 35.8464505]]}}, {"type": "Feature", "id": "osm-way-1299259737", "properties": {"osm_id": 1299259737, "highway": "service", "name": null, "foot": null, "access": null, "surface": null, "source": "OpenStreetMap contributors", "source_layer": "openstreetmap_campus_paths"}, "geometry": {"type": "LineString", "coordinates": [[127.1266782544232, 35.84487921698499], [127.1267569, 35.8447669], [127.126836, 35.8447013], [127.12694649999999, 35.844704799999995], [127.1271066, 35.8447636], [127.1271675, 35.8447175], [127.1273658, 35.8447328]]}}, {"type": "Feature", "id": "osm-way-1299259738", "properties": {"osm_id": 1299259738, "highway": "footway", "name": null, "foot": null, "access": null, "surface": null, "source": "OpenStreetMap contributors", "source_layer": "openstreetmap_campus_paths"}, "geometry": {"type": "LineString", "coordinates": [[127.12861795, 35.8454663], [127.128627, 35.8455282], [127.1288741530726, 35.845873621676006], [127.1291329, 35.8462594]]}}, {"type": "Feature", "id": "osm-way-1299259739", "properties": {"osm_id": 1299259739, "highway": "track", "name": null, "foot": null, "access": null, "surface": null, "source": "OpenStreetMap contributors", "source_layer": "openstreetmap_campus_paths"}, "geometry": {"type": "LineString", "coordinates": [[127.12980685, 35.848752025], [127.129807325, 35.848350749999994], [127.1297844, 35.84829725]]}}, {"type": "Feature", "id": "osm-way-1299259740", "properties": {"osm_id": 1299259740, "highway": "service", "name": "\ub18d\uc0dd\uba85\ub85c(\ub179\ub450\ub85c)", "foot": null, "access": null, "surface": null, "source": "OpenStreetMap contributors", "source_layer": "openstreetmap_campus_paths"}, "geometry": {"type": "LineString", "coordinates": [[127.13472259999999, 35.848219699999994], [127.13476658333335, 35.848152533333334], [127.1348436, 35.8480802], [127.1348555, 35.8479781], [127.1349176, 35.8479338]]}}, {"type": "Feature", "id": "osm-way-1299259741", "properties": {"osm_id": 1299259741, "highway": "service", "name": null, "foot": null, "access": null, "surface": null, "source": "OpenStreetMap contributors", "source_layer": "openstreetmap_campus_paths"}, "geometry": {"type": "LineString", "coordinates": [[127.1271675, 35.8447175], [127.1271545, 35.8446612], [127.127054, 35.8446383], [127.12694649999999, 35.844704799999995]]}}, {"type": "Feature", "id": "osm-way-1326487544", "properties": {"osm_id": 1326487544, "highway": "footway", "name": null, "foot": null, "access": null, "surface": null, "source": "OpenStreetMap contributors", "source_layer": "openstreetmap_campus_paths"}, "geometry": {"type": "LineString", "coordinates": [[127.12875903333332, 35.846646311111115], [127.1287563, 35.8467684], [127.1287649, 35.8468568]]}}, {"type": "Feature", "id": "osm-way-1326487545", "properties": {"osm_id": 1326487545, "highway": "footway", "name": null, "foot": null, "access": null, "surface": null, "source": "OpenStreetMap contributors", "source_layer": "openstreetmap_campus_paths"}, "geometry": {"type": "LineString", "coordinates": [[127.12875903333332, 35.846646311111115]]}}, {"type": "Feature", "id": "osm-way-1326487546", "properties": {"osm_id": 1326487546, "highway": "footway", "name": null, "foot": null, "access": null, "surface": null, "source": "OpenStreetMap contributors", "source_layer": "openstreetmap_campus_paths"}, "geometry": {"type": "LineString", "coordinates": [[127.1290047, 35.846311], [127.1290643, 35.846390725], [127.1291604, 35.846457099999995]]}}, {"type": "Feature", "id": "osm-way-1326487547", "properties": {"osm_id": 1326487547, "highway": "footway", "name": null, "foot": null, "access": null, "surface": null, "source": "OpenStreetMap contributors", "source_layer": "openstreetmap_campus_paths"}, "geometry": {"type": "LineString", "coordinates": [[127.1291329, 35.8462594], [127.1292997, 35.8462459], [127.1295061, 35.8462437], [127.1296387, 35.846277], [127.12972242500001, 35.846277150000006], [127.1298073, 35.8462672], [127.12999, 35.8462338], [127.1300911, 35.8461761], [127.1301376, 35.8461021], [127.1302756, 35.8454671], [127.13026915, 35.84539555]]}}, {"type": "Feature", "id": "osm-way-1326487548", "properties": {"osm_id": 1326487548, "highway": "footway", "name": null, "foot": null, "access": null, "surface": null, "source": "OpenStreetMap contributors", "source_layer": "openstreetmap_campus_paths"}, "geometry": {"type": "LineString", "coordinates": [[127.1291604, 35.846457099999995], [127.129125725, 35.846351225], [127.1291329, 35.8462594]]}}, {"type": "Feature", "id": "osm-way-1326487549", "properties": {"osm_id": 1326487549, "highway": "footway", "name": null, "foot": null, "access": null, "surface": null, "source": "OpenStreetMap contributors", "source_layer": "openstreetmap_campus_paths"}, "geometry": {"type": "LineString", "coordinates": [[127.1291604, 35.846457099999995], [127.129248, 35.8465553], [127.1294448, 35.8464799], [127.1295747, 35.8464965], [127.1296505, 35.8466062], [127.1297455, 35.8467436], [127.1297168, 35.8468079], [127.12948783333333, 35.8468859], [127.1292959, 35.8469995], [127.1291865, 35.846984], [127.1291177, 35.8468768], [127.1290444, 35.8467624], [127.1290826, 35.8466716], [127.129248, 35.8465553]]}}, {"type": "Feature", "id": "osm-way-1326487551", "properties": {"osm_id": 1326487551, "highway": "steps", "name": null, "foot": null, "access": null, "surface": null, "source": "OpenStreetMap contributors", "source_layer": "openstreetmap_campus_paths"}, "geometry": {"type": "LineString", "coordinates": [[127.12948783333333, 35.8468859]]}}, {"type": "Feature", "id": "osm-way-1326487552", "properties": {"osm_id": 1326487552, "highway": "footway", "name": null, "foot": null, "access": null, "surface": null, "source": "OpenStreetMap contributors", "source_layer": "openstreetmap_campus_paths"}, "geometry": {"type": "LineString", "coordinates": [[127.1291177, 35.8468768], [127.1289897, 35.8469452]]}}, {"type": "Feature", "id": "osm-way-1326487553", "properties": {"osm_id": 1326487553, "highway": "footway", "name": null, "foot": null, "access": null, "surface": null, "source": "OpenStreetMap contributors", "source_layer": "openstreetmap_campus_paths"}, "geometry": {"type": "LineString", "coordinates": [[127.1289897, 35.8469452], [127.12891044999999, 35.846963875], [127.1288762, 35.8470062]]}}, {"type": "Feature", "id": "osm-way-1326487554", "properties": {"osm_id": 1326487554, "highway": "footway", "name": null, "foot": null, "access": null, "surface": null, "source": "OpenStreetMap contributors", "source_layer": "openstreetmap_campus_paths"}, "geometry": {"type": "LineString", "coordinates": [[127.1288762, 35.8470062], [127.12883218333333, 35.84701848333333]]}}, {"type": "Feature", "id": "osm-way-1326487557", "properties": {"osm_id": 1326487557, "highway": "footway", "name": null, "foot": null, "access": null, "surface": null, "source": "OpenStreetMap contributors", "source_layer": "openstreetmap_campus_paths"}, "geometry": {"type": "LineString", "coordinates": [[127.1301376, 35.8461021], [127.13019353333334, 35.846114633333336], [127.1302739, 35.8461151], [127.130337325, 35.846124375]]}}, {"type": "Feature", "id": "osm-way-1326487558", "properties": {"osm_id": 1326487558, "highway": "footway", "name": null, "foot": null, "access": null, "surface": null, "source": "OpenStreetMap contributors", "source_layer": "openstreetmap_campus_paths"}, "geometry": {"type": "LineString", "coordinates": [[127.1299362, 35.8464601], [127.12986895, 35.8465294], [127.1297935, 35.8465393]]}}, {"type": "Feature", "id": "osm-way-1326487559", "properties": {"osm_id": 1326487559, "highway": "footway", "name": null, "foot": null, "access": null, "surface": null, "source": "OpenStreetMap contributors", "source_layer": "openstreetmap_campus_paths"}, "geometry": {"type": "LineString", "coordinates": [[127.1297935, 35.8465393], [127.1296505, 35.8466062]]}}, {"type": "Feature", "id": "osm-way-1326487560", "properties": {"osm_id": 1326487560, "highway": "footway", "name": null, "foot": null, "access": null, "surface": null, "source": "OpenStreetMap contributors", "source_layer": "openstreetmap_campus_paths"}, "geometry": {"type": "LineString", "coordinates": [[127.12948783333333, 35.8468859], [127.12961215, 35.8470587]]}}, {"type": "Feature", "id": "osm-way-1326487561", "properties": {"osm_id": 1326487561, "highway": "footway", "name": null, "foot": null, "access": null, "surface": null, "source": "OpenStreetMap contributors", "source_layer": "openstreetmap_campus_paths"}, "geometry": {"type": "LineString", "coordinates": [[127.12961215, 35.8470587], [127.12965653333333, 35.84714098333333], [127.12968194999999, 35.847179100000005], [127.1297467, 35.847208933333334]]}}, {"type": "Feature", "id": "osm-way-1327522085", "properties": {"osm_id": 1327522085, "highway": "footway", "name": null, "foot": null, "access": null, "surface": null, "source": "OpenStreetMap contributors", "source_layer": "openstreetmap_campus_paths"}, "geometry": {"type": "LineString", "coordinates": [[127.12878440000001, 35.84692135], [127.12839878888889, 35.84695684444444], [127.12840587371451, 35.847127120252765]]}}, {"type": "Feature", "id": "osm-way-1327522086", "properties": {"osm_id": 1327522086, "highway": "footway", "name": null, "foot": null, "access": null, "surface": null, "source": "OpenStreetMap contributors", "source_layer": "openstreetmap_campus_paths"}, "geometry": {"type": "LineString", "coordinates": [[127.12875903333332, 35.846646311111115], [127.1284467, 35.8466549], [127.12811505, 35.8466136], [127.1280462, 35.8466224], [127.12724452500001, 35.846497525000004], [127.12715402500001, 35.846683575]]}}, {"type": "Feature", "id": "osm-way-1327522087", "properties": {"osm_id": 1327522087, "highway": "footway", "name": null, "foot": null, "access": null, "surface": null, "source": "OpenStreetMap contributors", "source_layer": "openstreetmap_campus_paths"}, "geometry": {"type": "LineString", "coordinates": [[127.12715402500001, 35.846683575], [127.12727287499999, 35.847137075], [127.12740907777777, 35.8471131], [127.12746871784037, 35.847270979573395]]}}, {"type": "Feature", "id": "osm-way-1327522088", "properties": {"osm_id": 1327522088, "highway": "footway", "name": null, "foot": null, "access": null, "surface": null, "source": "OpenStreetMap contributors", "source_layer": "openstreetmap_campus_paths"}, "geometry": {"type": "LineString", "coordinates": [[127.12875903333332, 35.846646311111115], [127.12826876, 35.846594859999996]]}}, {"type": "Feature", "id": "osm-way-1327522089", "properties": {"osm_id": 1327522089, "highway": "service", "name": null, "foot": null, "access": null, "surface": null, "source": "OpenStreetMap contributors", "source_layer": "openstreetmap_campus_paths"}, "geometry": {"type": "LineString", "coordinates": [[127.12787897999999, 35.84654604], [127.1279121, 35.8464127]]}}, {"type": "Feature", "id": "osm-way-1327522090", "properties": {"osm_id": 1327522090, "highway": "footway", "name": null, "foot": null, "access": null, "surface": null, "source": "OpenStreetMap contributors", "source_layer": "openstreetmap_campus_paths"}, "geometry": {"type": "LineString", "coordinates": [[127.12787897999999, 35.84654604]]}}, {"type": "Feature", "id": "osm-way-1327522091", "properties": {"osm_id": 1327522091, "highway": "footway", "name": null, "foot": null, "access": null, "surface": null, "source": "OpenStreetMap contributors", "source_layer": "openstreetmap_campus_paths"}, "geometry": {"type": "LineString", "coordinates": [[127.12787897999999, 35.84654604], [127.12737341639838, 35.846444524180015], [127.1272605, 35.8464226], [127.1260866, 35.8461617]]}}, {"type": "Feature", "id": "osm-way-1327522092", "properties": {"osm_id": 1327522092, "highway": "footway", "name": null, "foot": null, "access": null, "surface": null, "source": "OpenStreetMap contributors", "source_layer": "openstreetmap_campus_paths"}, "geometry": {"type": "LineString", "coordinates": [[127.13072770000001, 35.8457373], [127.1307865, 35.8457296]]}}, {"type": "Feature", "id": "osm-way-1327522093", "properties": {"osm_id": 1327522093, "highway": "footway", "name": null, "foot": null, "access": null, "surface": null, "source": "OpenStreetMap contributors", "source_layer": "openstreetmap_campus_paths"}, "geometry": {"type": "LineString", "coordinates": [[127.1307865, 35.8457296], [127.13108077740496, 35.845689542036745], [127.13122824999999, 35.845672449999995], [127.1316515, 35.8456176], [127.1317913, 35.8456007], [127.1318138, 35.8455437], [127.1318192, 35.8454958], [127.1318527, 35.8454274], [127.1318688, 35.8453589], [127.13186504540938, 35.84529150509852], [127.1318085, 35.845024], [127.13179808498843, 35.844904963267616], [127.1317481, 35.8447099], [127.131674, 35.8446539]]}}, {"type": "Feature", "id": "osm-way-1327522094", "properties": {"osm_id": 1327522094, "highway": "steps", "name": null, "foot": null, "access": null, "surface": null, "source": "OpenStreetMap contributors", "source_layer": "openstreetmap_campus_paths"}, "geometry": {"type": "LineString", "coordinates": [[127.13186504540938, 35.84529150509852]]}}, {"type": "Feature", "id": "osm-way-1327522095", "properties": {"osm_id": 1327522095, "highway": "steps", "name": null, "foot": null, "access": null, "surface": null, "source": "OpenStreetMap contributors", "source_layer": "openstreetmap_campus_paths"}, "geometry": {"type": "LineString", "coordinates": [[127.1316724, 35.8449142], [127.1316929, 35.8450395], [127.1318085, 35.845024]]}}, {"type": "Feature", "id": "osm-way-1327522096", "properties": {"osm_id": 1327522096, "highway": "footway", "name": null, "foot": null, "access": null, "surface": null, "source": "OpenStreetMap contributors", "source_layer": "openstreetmap_campus_paths"}, "geometry": {"type": "LineString", "coordinates": [[127.13179808498843, 35.844904963267616], [127.1316724, 35.8449142], [127.131389, 35.8449516]]}}, {"type": "Feature", "id": "osm-way-1327522097", "properties": {"osm_id": 1327522097, "highway": "footway", "name": null, "foot": null, "access": null, "surface": null, "source": "OpenStreetMap contributors", "source_layer": "openstreetmap_campus_paths"}, "geometry": {"type": "LineString", "coordinates": [[127.130465, 35.8457382], [127.1304759, 35.84582435], [127.13045334444443, 35.8459016]]}}, {"type": "Feature", "id": "osm-way-1327522098", "properties": {"osm_id": 1327522098, "highway": "footway", "name": null, "foot": null, "access": null, "surface": null, "source": "OpenStreetMap contributors", "source_layer": "openstreetmap_campus_paths"}, "geometry": {"type": "LineString", "coordinates": [[127.1317913, 35.8456007], [127.1318016, 35.845663], [127.13181085, 35.84572815]]}}, {"type": "Feature", "id": "osm-way-1327522106", "properties": {"osm_id": 1327522106, "highway": "service", "name": null, "foot": null, "access": null, "surface": null, "source": "OpenStreetMap contributors", "source_layer": "openstreetmap_campus_paths"}, "geometry": {"type": "LineString", "coordinates": [[127.1307531, 35.8457903], [127.13072770000001, 35.8457373], [127.1307325, 35.8456671], [127.13108077740496, 35.845689542036745]]}}, {"type": "Feature", "id": "osm-way-1327522107", "properties": {"osm_id": 1327522107, "highway": "footway", "name": null, "foot": null, "access": null, "surface": null, "source": "OpenStreetMap contributors", "source_layer": "openstreetmap_campus_paths"}, "geometry": {"type": "LineString", "coordinates": [[127.13122824999999, 35.845672449999995], [127.13125837188124, 35.84572894000056], [127.13128090000001, 35.8457845]]}}, {"type": "Feature", "id": "osm-way-1327522110", "properties": {"osm_id": 1327522110, "highway": "footway", "name": null, "foot": null, "access": null, "surface": null, "source": "OpenStreetMap contributors", "source_layer": "openstreetmap_campus_paths"}, "geometry": {"type": "LineString", "coordinates": [[127.13122824999999, 35.845672449999995]]}}, {"type": "Feature", "id": "osm-way-1327522111", "properties": {"osm_id": 1327522111, "highway": "footway", "name": null, "foot": null, "access": null, "surface": null, "source": "OpenStreetMap contributors", "source_layer": "openstreetmap_campus_paths"}, "geometry": {"type": "LineString", "coordinates": [[127.1317913, 35.8456007]]}}, {"type": "Feature", "id": "osm-way-1327522112", "properties": {"osm_id": 1327522112, "highway": "cycleway", "name": null, "foot": null, "access": null, "surface": null, "source": "OpenStreetMap contributors", "source_layer": "openstreetmap_campus_paths"}, "geometry": {"type": "LineString", "coordinates": [[127.13045334444443, 35.8459016], [127.13052119999999, 35.84588014444444], [127.13088323392755, 35.84582205835181], [127.13110797254637, 35.845807442444716], [127.13128090000001, 35.8457845], [127.13181085, 35.84572815]]}}, {"type": "Feature", "id": "osm-way-1327522113", "properties": {"osm_id": 1327522113, "highway": "footway", "name": null, "foot": null, "access": null, "surface": null, "source": "OpenStreetMap contributors", "source_layer": "openstreetmap_campus_paths"}, "geometry": {"type": "LineString", "coordinates": [[127.13128090000001, 35.8457845]]}}, {"type": "Feature", "id": "osm-way-1327522114", "properties": {"osm_id": 1327522114, "highway": "footway", "name": null, "foot": null, "access": null, "surface": null, "source": "OpenStreetMap contributors", "source_layer": "openstreetmap_campus_paths"}, "geometry": {"type": "LineString", "coordinates": [[127.13181085, 35.84572815]]}}, {"type": "Feature", "id": "osm-way-1327522115", "properties": {"osm_id": 1327522115, "highway": "footway", "name": null, "foot": null, "access": null, "surface": null, "source": "OpenStreetMap contributors", "source_layer": "openstreetmap_campus_paths"}, "geometry": {"type": "LineString", "coordinates": [[127.1321062, 35.8457659], [127.132033, 35.8457373], [127.13192129999999, 35.8457183]]}}, {"type": "Feature", "id": "osm-way-1327522116", "properties": {"osm_id": 1327522116, "highway": "footway", "name": null, "foot": null, "access": null, "surface": null, "source": "OpenStreetMap contributors", "source_layer": "openstreetmap_campus_paths"}, "geometry": {"type": "LineString", "coordinates": [[127.13201071045032, 35.8458303446812], [127.13232755, 35.8462163], [127.13237515, 35.846277675], [127.13237115, 35.846324949999996], [127.132315575, 35.84635865], [127.1319817, 35.846351733333336]]}}, {"type": "Feature", "id": "osm-way-1327522117", "properties": {"osm_id": 1327522117, "highway": "footway", "name": null, "foot": null, "access": null, "surface": null, "source": "OpenStreetMap contributors", "source_layer": "openstreetmap_campus_paths"}, "geometry": {"type": "LineString", "coordinates": [[127.13049025, 35.8454407], [127.13050962222223, 35.84535245555555], [127.13052905, 35.845258025], [127.130549875, 35.8451721], [127.13057875, 35.845042175], [127.13061962500001, 35.844828050000004], [127.13066982000001, 35.84477563], [127.1309945, 35.84473785]]}}, {"type": "Feature", "id": "osm-way-1327522118", "properties": {"osm_id": 1327522118, "highway": "footway", "name": null, "foot": null, "access": null, "surface": null, "source": "OpenStreetMap contributors", "source_layer": "openstreetmap_campus_paths"}, "geometry": {"type": "LineString", "coordinates": [[127.130331275, 35.845250125], [127.13042790000002, 35.8452585], [127.13052905, 35.845258025]]}}, {"type": "Feature", "id": "osm-way-1327522119", "properties": {"osm_id": 1327522119, "highway": "service", "name": null, "foot": null, "access": null, "surface": null, "source": "OpenStreetMap contributors", "source_layer": "openstreetmap_campus_paths"}, "geometry": {"type": "LineString", "coordinates": [[127.12964556666667, 35.845612044444444], [127.1296329, 35.8454017], [127.1296302, 35.8453562]]}}, {"type": "Feature", "id": "osm-way-1327522120", "properties": {"osm_id": 1327522120, "highway": "service", "name": null, "foot": null, "access": null, "surface": null, "source": "OpenStreetMap contributors", "source_layer": "openstreetmap_campus_paths"}, "geometry": {"type": "LineString", "coordinates": [[127.13009646117962, 35.8452790719444], [127.1300423, 35.8452824], [127.1300293, 35.8453352]]}}, {"type": "Feature", "id": "osm-way-1327522121", "properties": {"osm_id": 1327522121, "highway": "footway", "name": null, "foot": null, "access": null, "surface": null, "source": "OpenStreetMap contributors", "source_layer": "openstreetmap_campus_paths"}, "geometry": {"type": "LineString", "coordinates": [[127.129723, 35.8453964], [127.1297195, 35.8453508], [127.12972913333334, 35.84529893333333]]}}, {"type": "Feature", "id": "osm-way-1327522122", "properties": {"osm_id": 1327522122, "highway": "footway", "name": null, "foot": null, "access": null, "surface": null, "source": "OpenStreetMap contributors", "source_layer": "openstreetmap_campus_paths"}, "geometry": {"type": "LineString", "coordinates": [[127.1294674, 35.8453153], [127.1294686, 35.8453625], [127.12945516666667, 35.845411266666666]]}}, {"type": "Feature", "id": "osm-way-1327522123", "properties": {"osm_id": 1327522123, "highway": "footway", "name": null, "foot": null, "access": null, "surface": null, "source": "OpenStreetMap contributors", "source_layer": "openstreetmap_campus_paths"}, "geometry": {"type": "LineString", "coordinates": [[127.12972242500001, 35.846277150000006], [127.1296562, 35.8458926]]}}, {"type": "Feature", "id": "osm-way-1327522124", "properties": {"osm_id": 1327522124, "highway": "footway", "name": null, "foot": null, "access": null, "surface": null, "source": "OpenStreetMap contributors", "source_layer": "openstreetmap_campus_paths"}, "geometry": {"type": "LineString", "coordinates": [[127.12861795, 35.8454663], [127.1284934, 35.8455044], [127.12842625, 35.84553725]]}}, {"type": "Feature", "id": "osm-way-1327522125", "properties": {"osm_id": 1327522125, "highway": "footway", "name": null, "foot": null, "access": null, "surface": null, "source": "OpenStreetMap contributors", "source_layer": "openstreetmap_campus_paths"}, "geometry": {"type": "LineString", "coordinates": [[127.1283411, 35.8454627], [127.12829205, 35.8453938]]}}, {"type": "Feature", "id": "osm-way-1328178405", "properties": {"osm_id": 1328178405, "highway": "footway", "name": null, "foot": null, "access": null, "surface": null, "source": "OpenStreetMap contributors", "source_layer": "openstreetmap_campus_paths"}, "geometry": {"type": "LineString", "coordinates": [[127.13016402126202, 35.844029103894584], [127.1302644, 35.8440585]]}}, {"type": "Feature", "id": "osm-way-1328178406", "properties": {"osm_id": 1328178406, "highway": "footway", "name": null, "foot": null, "access": null, "surface": null, "source": "OpenStreetMap contributors", "source_layer": "openstreetmap_campus_paths"}, "geometry": {"type": "LineString", "coordinates": [[127.1302644, 35.8440585], [127.1305911, 35.8441]]}}, {"type": "Feature", "id": "osm-way-1328178407", "properties": {"osm_id": 1328178407, "highway": "service", "name": "\uac74\uc9c0\ub300\ub85c", "foot": null, "access": null, "surface": null, "source": "OpenStreetMap contributors", "source_layer": "openstreetmap_campus_paths"}, "geometry": {"type": "LineString", "coordinates": [[127.1305592, 35.8447072], [127.1307125, 35.8441185], [127.1307439, 35.8439919], [127.1307801, 35.8438401], [127.1308005, 35.8437396]]}}, {"type": "Feature", "id": "osm-way-1328178408", "properties": {"osm_id": 1328178408, "highway": "service", "name": "\uac74\uc9c0\ub300\ub85c", "foot": null, "access": null, "surface": null, "source": "OpenStreetMap contributors", "source_layer": "openstreetmap_campus_paths"}, "geometry": {"type": "LineString", "coordinates": [[127.1319831, 35.8405281], [127.1319978, 35.8406099], [127.1319848, 35.8406573], [127.1319432, 35.8408093], [127.1318882, 35.8409339], [127.13180271815534, 35.841144731945505], [127.1317688, 35.841285799999994]]}}, {"type": "Feature", "id": "osm-way-1328178409", "properties": {"osm_id": 1328178409, "highway": "service", "name": "\uac74\uc9c0\ub300\ub85c", "foot": null, "access": null, "surface": null, "source": "OpenStreetMap contributors", "source_layer": "openstreetmap_campus_paths"}, "geometry": {"type": "LineString", "coordinates": [[127.1308866, 35.8434228], [127.1308586, 35.8433752], [127.130903, 35.84325], [127.1309712, 35.8430578], [127.1310481, 35.8428614], [127.1311214, 35.842674], [127.1312126, 35.8424446], [127.1312393, 35.8423768], [127.1312621, 35.8423186], [127.1312884, 35.8422517], [127.1313146, 35.8421848], [127.1314809, 35.8417521], [127.1316793, 35.8412336], [127.1317313, 35.8410906], [127.1318104, 35.8409075], [127.1318827, 35.8407412], [127.1319241, 35.8406399], [127.1319831, 35.8405281]]}}, {"type": "Feature", "id": "osm-way-1328178410", "properties": {"osm_id": 1328178410, "highway": "footway", "name": null, "foot": null, "access": null, "surface": null, "source": "OpenStreetMap contributors", "source_layer": "openstreetmap_campus_paths"}, "geometry": {"type": "LineString", "coordinates": [[127.13142035, 35.84251045], [127.1310904, 35.8432823]]}}, {"type": "Feature", "id": "osm-way-1328178411", "properties": {"osm_id": 1328178411, "highway": "footway", "name": null, "foot": null, "access": null, "surface": null, "source": "OpenStreetMap contributors", "source_layer": "openstreetmap_campus_paths"}, "geometry": {"type": "LineString", "coordinates": [[127.1314392, 35.8424258], [127.13142035, 35.84251045]]}}, {"type": "Feature", "id": "osm-way-1328178412", "properties": {"osm_id": 1328178412, "highway": "footway", "name": null, "foot": null, "access": null, "surface": null, "source": "OpenStreetMap contributors", "source_layer": "openstreetmap_campus_paths"}, "geometry": {"type": "LineString", "coordinates": [[127.1306968, 35.8436775], [127.1307392, 35.8435033], [127.1307975, 35.8433004], [127.1309637, 35.84285693333333]]}}, {"type": "Feature", "id": "osm-way-1328178413", "properties": {"osm_id": 1328178413, "highway": "footway", "name": null, "foot": null, "access": null, "surface": null, "source": "OpenStreetMap contributors", "source_layer": "openstreetmap_campus_paths"}, "geometry": {"type": "LineString", "coordinates": [[127.1309637, 35.84285693333333], [127.1309879, 35.8427937]]}}, {"type": "Feature", "id": "osm-way-1328178414", "properties": {"osm_id": 1328178414, "highway": "service", "name": null, "foot": null, "access": null, "surface": null, "source": "OpenStreetMap contributors", "source_layer": "openstreetmap_campus_paths"}, "geometry": {"type": "LineString", "coordinates": [[127.130795375, 35.842806675000006], [127.1309637, 35.84285693333333], [127.1310481, 35.8428614]]}}, {"type": "Feature", "id": "osm-way-1328178416", "properties": {"osm_id": 1328178416, "highway": "service", "name": null, "foot": null, "access": null, "surface": null, "source": "OpenStreetMap contributors", "source_layer": "openstreetmap_campus_paths"}, "geometry": {"type": "LineString", "coordinates": [[127.1309569, 35.8433777], [127.1310151, 35.8434527], [127.13107213333335, 35.84350303333333], [127.1310862, 35.8435451], [127.1311801, 35.843618], [127.1312676, 35.8436557]]}}, {"type": "Feature", "id": "osm-way-1328178417", "properties": {"osm_id": 1328178417, "highway": "footway", "name": null, "foot": null, "access": null, "surface": null, "source": "OpenStreetMap contributors", "source_layer": "openstreetmap_campus_paths"}, "geometry": {"type": "LineString", "coordinates": [[127.1321156, 35.8407105], [127.1320509, 35.8406763]]}}, {"type": "Feature", "id": "osm-way-1328178419", "properties": {"osm_id": 1328178419, "highway": "footway", "name": null, "foot": null, "access": null, "surface": null, "source": "OpenStreetMap contributors", "source_layer": "openstreetmap_campus_paths"}, "geometry": {"type": "LineString", "coordinates": [[127.1317666, 35.8405947], [127.13169242857143, 35.84059761428571], [127.1317404, 35.8405411]]}}, {"type": "Feature", "id": "osm-way-1328178423", "properties": {"osm_id": 1328178423, "highway": "footway", "name": null, "foot": null, "access": null, "surface": null, "source": "OpenStreetMap contributors", "source_layer": "openstreetmap_campus_paths"}, "geometry": {"type": "LineString", "coordinates": [[127.1322811, 35.8403511]]}}, {"type": "Feature", "id": "osm-way-1328178425", "properties": {"osm_id": 1328178425, "highway": "footway", "name": null, "foot": null, "access": null, "surface": null, "source": "OpenStreetMap contributors", "source_layer": "openstreetmap_campus_paths"}, "geometry": {"type": "LineString", "coordinates": [[127.13169242857143, 35.84059761428571]]}}, {"type": "Feature", "id": "osm-way-1328178426", "properties": {"osm_id": 1328178426, "highway": "footway", "name": null, "foot": null, "access": null, "surface": null, "source": "OpenStreetMap contributors", "source_layer": "openstreetmap_campus_paths"}, "geometry": {"type": "LineString", "coordinates": [[127.1321156, 35.8407105]]}}, {"type": "Feature", "id": "osm-way-1328178427", "properties": {"osm_id": 1328178427, "highway": "footway", "name": null, "foot": null, "access": null, "surface": null, "source": "OpenStreetMap contributors", "source_layer": "openstreetmap_campus_paths"}, "geometry": {"type": "LineString", "coordinates": [[127.1321156, 35.8407105], [127.1320447, 35.8407968], [127.1319128, 35.8410615], [127.13187896127887, 35.84112776749554]]}}, {"type": "Feature", "id": "osm-way-1328178428", "properties": {"osm_id": 1328178428, "highway": "footway", "name": null, "foot": null, "access": null, "surface": null, "source": "OpenStreetMap contributors", "source_layer": "openstreetmap_campus_paths"}, "geometry": {"type": "LineString", "coordinates": [[127.1321156, 35.8407105], [127.1326978537541, 35.840879729875134]]}}, {"type": "Feature", "id": "osm-way-1328178429", "properties": {"osm_id": 1328178429, "highway": "footway", "name": null, "foot": null, "access": null, "surface": null, "source": "OpenStreetMap contributors", "source_layer": "openstreetmap_campus_paths"}, "geometry": {"type": "LineString", "coordinates": [[127.13169242857143, 35.84059761428571], [127.13168235, 35.8407207], [127.1312033, 35.841163]]}}, {"type": "Feature", "id": "osm-way-1328178430", "properties": {"osm_id": 1328178430, "highway": "footway", "name": null, "foot": null, "access": null, "surface": null, "source": "OpenStreetMap contributors", "source_layer": "openstreetmap_campus_paths"}, "geometry": {"type": "LineString", "coordinates": [[127.13140493333333, 35.841211466666664], [127.1315982, 35.8412385]]}}, {"type": "Feature", "id": "osm-way-1328178431", "properties": {"osm_id": 1328178431, "highway": "footway", "name": null, "foot": null, "access": null, "surface": null, "source": "OpenStreetMap contributors", "source_layer": "openstreetmap_campus_paths"}, "geometry": {"type": "LineString", "coordinates": [[127.13180732500001, 35.841325775], [127.1319547, 35.84137], [127.1318485, 35.8416473], [127.1316977, 35.8416301]]}}, {"type": "Feature", "id": "osm-way-1328178432", "properties": {"osm_id": 1328178432, "highway": "footway", "name": null, "foot": null, "access": null, "surface": null, "source": "OpenStreetMap contributors", "source_layer": "openstreetmap_campus_paths"}, "geometry": {"type": "LineString", "coordinates": [[127.13140493333333, 35.841211466666664], [127.1313091, 35.8415043], [127.13133245, 35.84153875]]}}, {"type": "Feature", "id": "osm-way-1328178433", "properties": {"osm_id": 1328178433, "highway": "footway", "name": null, "foot": null, "access": null, "surface": null, "source": "OpenStreetMap contributors", "source_layer": "openstreetmap_campus_paths"}, "geometry": {"type": "LineString", "coordinates": [[127.130705, 35.8424029], [127.1307487, 35.8424457], [127.1307987, 35.8424878], [127.130795, 35.8425413], [127.1307611, 35.8426138], [127.1306779, 35.8427049], [127.1309879, 35.8427937]]}}, {"type": "Feature", "id": "osm-way-1328178435", "properties": {"osm_id": 1328178435, "highway": "footway", "name": null, "foot": null, "access": null, "surface": null, "source": "OpenStreetMap contributors", "source_layer": "openstreetmap_campus_paths"}, "geometry": {"type": "LineString", "coordinates": [[127.13070139999999, 35.8446436], [127.1306916, 35.8445615], [127.1308193, 35.8441308], [127.1308597, 35.8439691], [127.1308872, 35.8438589], [127.1309149, 35.8437885], [127.1309504, 35.8437498], [127.13103890000001, 35.84373536666667], [127.1312199, 35.8437155], [127.1313452, 35.843701], [127.1320529, 35.8436471], [127.1321562, 35.8436392]]}}, {"type": "Feature", "id": "osm-way-1328178436", "properties": {"osm_id": 1328178436, "highway": "footway", "name": null, "foot": null, "access": null, "surface": null, "source": "OpenStreetMap contributors", "source_layer": "openstreetmap_campus_paths"}, "geometry": {"type": "LineString", "coordinates": [[127.1308597, 35.8439691], [127.13100403457005, 35.84399047642744], [127.1311075, 35.8440058], [127.1312748, 35.8440345]]}}, {"type": "Feature", "id": "osm-way-1328178437", "properties": {"osm_id": 1328178437, "highway": "footway", "name": null, "foot": null, "access": null, "surface": null, "source": "OpenStreetMap contributors", "source_layer": "openstreetmap_campus_paths"}, "geometry": {"type": "LineString", "coordinates": [[127.13103890000001, 35.84373536666667], [127.1311075, 35.8440058]]}}, {"type": "Feature", "id": "osm-way-1328178438", "properties": {"osm_id": 1328178438, "highway": "footway", "name": null, "foot": null, "access": null, "surface": null, "source": "OpenStreetMap contributors", "source_layer": "openstreetmap_campus_paths"}, "geometry": {"type": "LineString", "coordinates": [[127.1311075, 35.8440058], [127.1311313, 35.8441504], [127.131146, 35.8442393], [127.1310936, 35.8443105], [127.131095125, 35.844386]]}}, {"type": "Feature", "id": "osm-way-1328178439", "properties": {"osm_id": 1328178439, "highway": "service", "name": null, "foot": null, "access": null, "surface": null, "source": "OpenStreetMap contributors", "source_layer": "openstreetmap_campus_paths"}, "geometry": {"type": "LineString", "coordinates": [[127.131034, 35.8446687], [127.13097883333334, 35.84461556666667], [127.1309889, 35.8445253], [127.1308903, 35.8445353], [127.1308718, 35.8444291], [127.131095125, 35.844386], [127.1310998, 35.8445115], [127.1309889, 35.8445253]]}}, {"type": "Feature", "id": "osm-way-1328178440", "properties": {"osm_id": 1328178440, "highway": "service", "name": null, "foot": null, "access": null, "surface": null, "source": "OpenStreetMap contributors", "source_layer": "openstreetmap_campus_paths"}, "geometry": {"type": "LineString", "coordinates": [[127.1310998, 35.8445115], [127.13140215888254, 35.84456418128428]]}}, {"type": "Feature", "id": "osm-way-1328178441", "properties": {"osm_id": 1328178441, "highway": "footway", "name": null, "foot": null, "access": null, "surface": null, "source": "OpenStreetMap contributors", "source_layer": "openstreetmap_campus_paths"}, "geometry": {"type": "LineString", "coordinates": [[127.13108063333334, 35.844601733333334], [127.13097883333334, 35.84461556666667]]}}, {"type": "Feature", "id": "osm-way-1328178442", "properties": {"osm_id": 1328178442, "highway": "footway", "name": null, "foot": null, "access": null, "surface": null, "source": "OpenStreetMap contributors", "source_layer": "openstreetmap_campus_paths"}, "geometry": {"type": "LineString", "coordinates": [[127.13097883333334, 35.84461556666667], [127.13070139999999, 35.8446436]]}}, {"type": "Feature", "id": "osm-way-1328178443", "properties": {"osm_id": 1328178443, "highway": "footway", "name": null, "foot": null, "access": null, "surface": null, "source": "OpenStreetMap contributors", "source_layer": "openstreetmap_campus_paths"}, "geometry": {"type": "LineString", "coordinates": [[127.13108063333334, 35.844601733333334], [127.13140215888254, 35.84456418128428], [127.13164596666667, 35.8445355]]}}, {"type": "Feature", "id": "osm-way-1328178444", "properties": {"osm_id": 1328178444, "highway": "footway", "name": null, "foot": null, "access": null, "surface": null, "source": "OpenStreetMap contributors", "source_layer": "openstreetmap_campus_paths"}, "geometry": {"type": "LineString", "coordinates": [[127.13164596666667, 35.8445355], [127.1316573, 35.8445999], [127.131674, 35.8446539]]}}, {"type": "Feature", "id": "osm-way-1328178445", "properties": {"osm_id": 1328178445, "highway": "service", "name": null, "foot": null, "access": null, "surface": null, "source": "OpenStreetMap contributors", "source_layer": "openstreetmap_campus_paths"}, "geometry": {"type": "LineString", "coordinates": [[127.1320525, 35.8448362], [127.13177063333335, 35.84464903333333]]}}, {"type": "Feature", "id": "osm-way-1328178446", "properties": {"osm_id": 1328178446, "highway": "service", "name": null, "foot": null, "access": null, "surface": null, "source": "OpenStreetMap contributors", "source_layer": "openstreetmap_campus_paths"}, "geometry": {"type": "LineString", "coordinates": [[127.13253994576095, 35.845211590951834]]}}, {"type": "Feature", "id": "osm-way-1328178447", "properties": {"osm_id": 1328178447, "highway": "service", "name": null, "foot": null, "access": null, "surface": null, "source": "OpenStreetMap contributors", "source_layer": "openstreetmap_campus_paths"}, "geometry": {"type": "LineString", "coordinates": [[127.1323555, 35.8452145], [127.13253994576095, 35.845211590951834]]}}, {"type": "Feature", "id": "osm-way-1328178448", "properties": {"osm_id": 1328178448, "highway": "service", "name": null, "foot": null, "access": null, "surface": null, "source": "OpenStreetMap contributors", "source_layer": "openstreetmap_campus_paths"}, "geometry": {"type": "LineString", "coordinates": [[127.13017102500001, 35.843975225], [127.13016402126202, 35.844029103894584]]}}, {"type": "Feature", "id": "osm-way-1328178450", "properties": {"osm_id": 1328178450, "highway": "footway", "name": null, "foot": null, "access": null, "surface": null, "source": "OpenStreetMap contributors", "source_layer": "openstreetmap_campus_paths"}, "geometry": {"type": "LineString", "coordinates": [[127.12851273515001, 35.84538790913089], [127.1281788, 35.844907199999994], [127.1277439, 35.8443756], [127.12760743818743, 35.84421575873365], [127.12757513333334, 35.84413193333333], [127.1280406, 35.8438512], [127.12815290587322, 35.84377514804939], [127.12829756329253, 35.84367718808882], [127.128386, 35.8436173]]}}, {"type": "Feature", "id": "osm-way-1328178451", "properties": {"osm_id": 1328178451, "highway": "footway", "name": null, "foot": null, "access": null, "surface": null, "source": "OpenStreetMap contributors", "source_layer": "openstreetmap_campus_paths"}, "geometry": {"type": "LineString", "coordinates": [[127.12757513333334, 35.84413193333333], [127.1275169, 35.8440454], [127.1274433, 35.8439593]]}}, {"type": "Feature", "id": "osm-way-1328178452", "properties": {"osm_id": 1328178452, "highway": "footway", "name": null, "foot": null, "access": null, "surface": null, "source": "OpenStreetMap contributors", "source_layer": "openstreetmap_campus_paths"}, "geometry": {"type": "LineString", "coordinates": [[127.12829205, 35.8453938], [127.1282601, 35.8453507], [127.1278089, 35.8447493], [127.1277253, 35.8446657], [127.1275404, 35.8444008], [127.1274979, 35.8443209], [127.12744558496854, 35.84425443418135], [127.1273862, 35.8442326], [127.1270492, 35.8444555]]}}, {"type": "Feature", "id": "osm-way-1328178453", "properties": {"osm_id": 1328178453, "highway": "footway", "name": null, "foot": null, "access": null, "surface": null, "source": "OpenStreetMap contributors", "source_layer": "openstreetmap_campus_paths"}, "geometry": {"type": "LineString", "coordinates": [[127.1273862, 35.8442326], [127.1273465, 35.8441553], [127.1272996, 35.8440944]]}}, {"type": "Feature", "id": "osm-way-1328178455", "properties": {"osm_id": 1328178455, "highway": "service", "name": null, "foot": null, "access": null, "surface": null, "source": "OpenStreetMap contributors", "source_layer": "openstreetmap_campus_paths"}, "geometry": {"type": "LineString", "coordinates": [[127.12742772173462, 35.8455432210184]]}}, {"type": "Feature", "id": "osm-way-1328178456", "properties": {"osm_id": 1328178456, "highway": "service", "name": null, "foot": null, "access": null, "surface": null, "source": "OpenStreetMap contributors", "source_layer": "openstreetmap_campus_paths"}, "geometry": {"type": "LineString", "coordinates": [[127.13277317142857, 35.84639182857143], [127.132650775, 35.846437525], [127.13257078888888, 35.846446944444445], [127.13249414999999, 35.846436275], [127.13242040833332, 35.84639561666666]]}}, {"type": "Feature", "id": "osm-way-1328178457", "properties": {"osm_id": 1328178457, "highway": "service", "name": null, "foot": null, "access": null, "surface": null, "source": "OpenStreetMap contributors", "source_layer": "openstreetmap_campus_paths"}, "geometry": {"type": "LineString", "coordinates": [[127.12995492499999, 35.847232149999996], [127.12983750000001, 35.8472225]]}}, {"type": "Feature", "id": "osm-way-1328178458", "properties": {"osm_id": 1328178458, "highway": "service", "name": "\uc911\ub3c4\ub85c", "foot": null, "access": null, "surface": null, "source": "OpenStreetMap contributors", "source_layer": "openstreetmap_campus_paths"}, "geometry": {"type": "LineString", "coordinates": [[127.12995492499999, 35.847232149999996], [127.129993, 35.8473226], [127.12996435, 35.84737355]]}}, {"type": "Feature", "id": "osm-way-1328178459", "properties": {"osm_id": 1328178459, "highway": "footway", "name": null, "foot": null, "access": null, "surface": null, "source": "OpenStreetMap contributors", "source_layer": "openstreetmap_campus_paths"}, "geometry": {"type": "LineString", "coordinates": [[127.1296995, 35.8472407], [127.1297915, 35.8472725], [127.1298505, 35.8473367], [127.1298572, 35.8473845]]}}, {"type": "Feature", "id": "osm-way-1328178460", "properties": {"osm_id": 1328178460, "highway": "footway", "name": null, "foot": null, "access": null, "surface": null, "source": "OpenStreetMap contributors", "source_layer": "openstreetmap_campus_paths"}, "geometry": {"type": "LineString", "coordinates": [[127.1298572, 35.8473845], [127.1299142, 35.8474313], [127.1299404, 35.8474769]]}}, {"type": "Feature", "id": "osm-way-1328178461", "properties": {"osm_id": 1328178461, "highway": "footway", "name": null, "foot": null, "access": null, "surface": null, "source": "OpenStreetMap contributors", "source_layer": "openstreetmap_campus_paths"}, "geometry": {"type": "LineString", "coordinates": [[127.1299404, 35.8474769], [127.12998844017538, 35.84754330404147], [127.1300678, 35.847653], [127.130186775, 35.847856725]]}}, {"type": "Feature", "id": "osm-way-1367280760", "properties": {"osm_id": 1367280760, "highway": "footway", "name": null, "foot": null, "access": null, "surface": "paving_stones", "source": "OpenStreetMap contributors", "source_layer": "openstreetmap_campus_paths"}, "geometry": {"type": "LineString", "coordinates": [[127.12297520000001, 35.848603350000005]]}}, {"type": "Feature", "id": "osm-way-1367280761", "properties": {"osm_id": 1367280761, "highway": "footway", "name": null, "foot": null, "access": null, "surface": "paving_stones", "source": "OpenStreetMap contributors", "source_layer": "openstreetmap_campus_paths"}, "geometry": {"type": "LineString", "coordinates": [[127.12418862, 35.84973864], [127.1239527, 35.8494443]]}}, {"type": "Feature", "id": "osm-way-1367280765", "properties": {"osm_id": 1367280765, "highway": "footway", "name": null, "foot": null, "access": null, "surface": "paving_stones", "source": "OpenStreetMap contributors", "source_layer": "openstreetmap_campus_paths"}, "geometry": {"type": "LineString", "coordinates": [[127.1236461, 35.8490789], [127.1235571, 35.8489722], [127.1234324, 35.8488227]]}}, {"type": "Feature", "id": "osm-way-1367280768", "properties": {"osm_id": 1367280768, "highway": "footway", "name": null, "foot": null, "access": null, "surface": "paving_stones", "source": "OpenStreetMap contributors", "source_layer": "openstreetmap_campus_paths"}, "geometry": {"type": "LineString", "coordinates": [[127.1237659, 35.8492226], [127.1236461, 35.8490789]]}}, {"type": "Feature", "id": "osm-way-1367280769", "properties": {"osm_id": 1367280769, "highway": "footway", "name": null, "foot": null, "access": null, "surface": "paving_stones", "source": "OpenStreetMap contributors", "source_layer": "openstreetmap_campus_paths"}, "geometry": {"type": "LineString", "coordinates": [[127.1235571, 35.8489722], [127.1233464, 35.8490803], [127.12330626654125, 35.84903065282686], [127.1232324, 35.848939], [127.1234324, 35.8488227]]}}, {"type": "Feature", "id": "osm-way-1367280770", "properties": {"osm_id": 1367280770, "highway": "footway", "name": null, "foot": null, "access": null, "surface": null, "source": "OpenStreetMap contributors", "source_layer": "openstreetmap_campus_paths"}, "geometry": {"type": "LineString", "coordinates": [[127.12330626654125, 35.84903065282686]]}}, {"type": "Feature", "id": "osm-way-1367280773", "properties": {"osm_id": 1367280773, "highway": "steps", "name": null, "foot": null, "access": null, "surface": "paving_stones", "source": "OpenStreetMap contributors", "source_layer": "openstreetmap_campus_paths"}, "geometry": {"type": "LineString", "coordinates": [[127.1237659, 35.8492226], [127.1238653, 35.8493406]]}}, {"type": "Feature", "id": "osm-way-1367280774", "properties": {"osm_id": 1367280774, "highway": "residential", "name": null, "foot": null, "access": null, "surface": null, "source": "OpenStreetMap contributors", "source_layer": "openstreetmap_campus_paths"}, "geometry": {"type": "LineString", "coordinates": [[127.1233541, 35.8503093], [127.1231668, 35.8503418]]}}, {"type": "Feature", "id": "osm-way-1367280775", "properties": {"osm_id": 1367280775, "highway": "service", "name": null, "foot": null, "access": null, "surface": null, "source": "OpenStreetMap contributors", "source_layer": "openstreetmap_campus_paths"}, "geometry": {"type": "LineString", "coordinates": [[127.1231668, 35.8503418], [127.1227908, 35.8504297], [127.12267025, 35.850458599999996], [127.12253734999999, 35.850502250000005], [127.1224316, 35.8505575], [127.1223697, 35.850602], [127.1221552, 35.8509108], [127.1221035, 35.85099]]}}, {"type": "Feature", "id": "osm-way-1367280776", "properties": {"osm_id": 1367280776, "highway": "service", "name": null, "foot": null, "access": null, "surface": null, "source": "OpenStreetMap contributors", "source_layer": "openstreetmap_campus_paths"}, "geometry": {"type": "LineString", "coordinates": [[127.12282909999999, 35.851291599999996], [127.1229558, 35.851095], [127.1230585, 35.8511376], [127.12292778237767, 35.85134187126917], [127.12282909999999, 35.851291599999996]]}}, {"type": "Feature", "id": "osm-way-1367280781", "properties": {"osm_id": 1367280781, "highway": "tertiary", "name": "\uc870\uacbd\ub2e8\ub85c", "foot": null, "access": null, "surface": null, "source": "OpenStreetMap contributors", "source_layer": "openstreetmap_campus_paths"}, "geometry": {"type": "LineString", "coordinates": [[127.1230905, 35.8516521], [127.1232639, 35.8517731], [127.1233392, 35.8518322], [127.1234483, 35.8519015], [127.1237416881584, 35.85206514190149], [127.12415455, 35.852234100000004], [127.1243464, 35.8523063], [127.1244628, 35.8523393], [127.1245907, 35.852342725], [127.1247498, 35.8524154], [127.1254333, 35.8525472], [127.1255199, 35.8525668], [127.1262035, 35.8527261], [127.1266822, 35.8528131], [127.1271305, 35.8528245], [127.1274668, 35.852798], [127.1277827, 35.8527507], [127.1278964, 35.8527336], [127.1279539, 35.8527127], [127.1280918, 35.8526624]]}}, {"type": "Feature", "id": "osm-way-1367280782", "properties": {"osm_id": 1367280782, "highway": "tertiary", "name": "\uc870\uacbd\ub2e8\ub85c", "foot": null, "access": null, "surface": null, "source": "OpenStreetMap contributors", "source_layer": "openstreetmap_campus_paths"}, "geometry": {"type": "LineString", "coordinates": [[127.124597, 35.8524524], [127.1243232, 35.8523789], [127.124082, 35.8522893], [127.1237628, 35.8521654], [127.123331, 35.8518907], [127.1232058, 35.8518216], [127.12304719137835, 35.85170666333925]]}}, {"type": "Feature", "id": "osm-way-1367280783", "properties": {"osm_id": 1367280783, "highway": "tertiary", "name": "\uc870\uacbd\ub2e8\ub85c", "foot": null, "access": null, "surface": null, "source": "OpenStreetMap contributors", "source_layer": "openstreetmap_campus_paths"}, "geometry": {"type": "LineString", "coordinates": [[127.12304719137835, 35.85170666333925], [127.1228852, 35.8516045], [127.12270371403424, 35.85150326808603]]}}, {"type": "Feature", "id": "osm-way-1367280797", "properties": {"osm_id": 1367280797, "highway": "footway", "name": null, "foot": null, "access": null, "surface": null, "source": "OpenStreetMap contributors", "source_layer": "openstreetmap_campus_paths"}, "geometry": {"type": "LineString", "coordinates": [[127.12530915, 35.849982350000005], [127.124486, 35.8499763], [127.1242358, 35.8500547]]}}, {"type": "Feature", "id": "osm-way-1367280798", "properties": {"osm_id": 1367280798, "highway": "service", "name": null, "foot": null, "access": null, "surface": null, "source": "OpenStreetMap contributors", "source_layer": "openstreetmap_campus_paths"}, "geometry": {"type": "LineString", "coordinates": [[127.1231668, 35.8503418], [127.12318565000001, 35.850277500000004], [127.123187, 35.8501905], [127.1232514, 35.8501666]]}}, {"type": "Feature", "id": "osm-way-1367280799", "properties": {"osm_id": 1367280799, "highway": "service", "name": null, "foot": null, "access": null, "surface": "grass_paver", "source": "OpenStreetMap contributors", "source_layer": "openstreetmap_campus_paths"}, "geometry": {"type": "LineString", "coordinates": [[127.1232514, 35.8501666], [127.1233835, 35.8501443], [127.1233573, 35.8500514], [127.1235979, 35.8499834], [127.1239032, 35.849897], [127.1239447, 35.8500036], [127.1233835, 35.8501443]]}}, {"type": "Feature", "id": "osm-way-1367280800", "properties": {"osm_id": 1367280800, "highway": "footway", "name": null, "foot": null, "access": null, "surface": "wood", "source": "OpenStreetMap contributors", "source_layer": "openstreetmap_campus_paths"}, "geometry": {"type": "LineString", "coordinates": [[127.12318565000001, 35.850277500000004], [127.1234432, 35.8502492], [127.1242358, 35.8500547]]}}, {"type": "Feature", "id": "osm-way-1367280813", "properties": {"osm_id": 1367280813, "highway": "footway", "name": null, "foot": null, "access": null, "surface": null, "source": "OpenStreetMap contributors", "source_layer": "openstreetmap_campus_paths"}, "geometry": {"type": "LineString", "coordinates": [[127.12293230113585, 35.85002379660164], [127.1231221, 35.8501092], [127.1231422, 35.8501603], [127.123187, 35.8501905]]}}, {"type": "Feature", "id": "osm-way-1367280814", "properties": {"osm_id": 1367280814, "highway": "footway", "name": null, "foot": null, "access": null, "surface": null, "source": "OpenStreetMap contributors", "source_layer": "openstreetmap_campus_paths"}, "geometry": {"type": "LineString", "coordinates": [[127.1235979, 35.8499834], [127.1235391, 35.8498449]]}}, {"type": "Feature", "id": "osm-way-1367280815", "properties": {"osm_id": 1367280815, "highway": "footway", "name": null, "foot": null, "access": null, "surface": "paving_stones", "source": "OpenStreetMap contributors", "source_layer": "openstreetmap_campus_paths"}, "geometry": {"type": "LineString", "coordinates": [[127.1239032, 35.849897], [127.1239799, 35.849836124999996]]}}, {"type": "Feature", "id": "osm-way-1367280819", "properties": {"osm_id": 1367280819, "highway": "service", "name": null, "foot": null, "access": null, "surface": null, "source": "OpenStreetMap contributors", "source_layer": "openstreetmap_campus_paths"}, "geometry": {"type": "LineString", "coordinates": [[127.1276121, 35.8463715], [127.1279121, 35.8464127], [127.12810186666667, 35.846416000000005], [127.1281421, 35.8462181], [127.127911, 35.8461898], [127.12773731500334, 35.84621870409989], [127.1276442, 35.8462342], [127.1276121, 35.8463715]]}}, {"type": "Feature", "id": "osm-way-1367280821", "properties": {"osm_id": 1367280821, "highway": "footway", "name": null, "foot": null, "access": null, "surface": null, "source": "OpenStreetMap contributors", "source_layer": "openstreetmap_campus_paths"}, "geometry": {"type": "LineString", "coordinates": [[127.1239402, 35.8470618], [127.1238981, 35.8470986], [127.1238289, 35.847138]]}}, {"type": "Feature", "id": "osm-way-1367280822", "properties": {"osm_id": 1367280822, "highway": "footway", "name": null, "foot": null, "access": null, "surface": null, "source": "OpenStreetMap contributors", "source_layer": "openstreetmap_campus_paths"}, "geometry": {"type": "LineString", "coordinates": [[127.1238289, 35.847138], [127.12364943333334, 35.847278100000004]]}}, {"type": "Feature", "id": "osm-way-1367280823", "properties": {"osm_id": 1367280823, "highway": "footway", "name": null, "foot": null, "access": null, "surface": null, "source": "OpenStreetMap contributors", "source_layer": "openstreetmap_campus_paths"}, "geometry": {"type": "LineString", "coordinates": [[127.1239402, 35.8470618], [127.1239864, 35.8471179], [127.1240165, 35.8471925], [127.1240501, 35.8474651], [127.12411134999999, 35.84762165], [127.1242093, 35.8476745], [127.124335, 35.847729], [127.124634, 35.8477806], [127.12536847517255, 35.847865468960194], [127.1254143, 35.84790098333333], [127.1257135, 35.8479054], [127.1258338, 35.8479757], [127.1258922, 35.8480546], [127.1258993, 35.8481335], [127.1255621, 35.8494214], [127.12545715213089, 35.849840676492526]]}}, {"type": "Feature", "id": "osm-way-1367280825", "properties": {"osm_id": 1367280825, "highway": "footway", "name": null, "foot": null, "access": null, "surface": null, "source": "OpenStreetMap contributors", "source_layer": "openstreetmap_campus_paths"}, "geometry": {"type": "LineString", "coordinates": [[127.12545715213089, 35.849840676492526], [127.1254284, 35.849978]]}}, {"type": "Feature", "id": "osm-way-1367280826", "properties": {"osm_id": 1367280826, "highway": "footway", "name": null, "foot": null, "access": null, "surface": null, "source": "OpenStreetMap contributors", "source_layer": "openstreetmap_campus_paths"}, "geometry": {"type": "LineString", "coordinates": [[127.1253563972828, 35.84984123283519], [127.12547260000001, 35.8494016], [127.1254877, 35.8492904], [127.1257581, 35.848306449999995], [127.1257489, 35.8481894], [127.1256993, 35.8480847], [127.1256073, 35.8479857], [127.1255463, 35.8479628], [127.1254143, 35.84790098333333], [127.1245526, 35.8478538], [127.1243456, 35.8478337], [127.1242353, 35.8478053], [127.1240889, 35.8477296], [127.1239751, 35.8475977], [127.1239222, 35.8474519], [127.1238816, 35.8472089], [127.1238289, 35.847138], [127.1237891, 35.8471043], [127.1236917, 35.84703625], [127.12352770000001, 35.84700235], [127.1232758, 35.8470342], [127.12309872480895, 35.847023712636556], [127.1228581, 35.8470746], [127.1227656, 35.847054], [127.122666, 35.8470178], [127.122621, 35.8469887], [127.1224262, 35.8468629], [127.1223469, 35.8468159], [127.1222361, 35.8467788], [127.1220999, 35.8467714], [127.12184545, 35.84676895], [127.1216842, 35.846792], [127.1214545, 35.8468719], [127.1212644, 35.846956], [127.12111, 35.8470482], [127.1210297, 35.8471438]]}}, {"type": "Feature", "id": "osm-way-1367280833", "properties": {"osm_id": 1367280833, "highway": "footway", "name": null, "foot": null, "access": null, "surface": null, "source": "OpenStreetMap contributors", "source_layer": "openstreetmap_campus_paths"}, "geometry": {"type": "LineString", "coordinates": [[127.12263525, 35.84690075], [127.1226772, 35.8468334], [127.1227268, 35.8468051], [127.12276329341442, 35.846772760582255], [127.1228542, 35.846791], [127.12304365, 35.84674185], [127.1232458, 35.8467084], [127.1235006, 35.8466019], [127.1238172, 35.8464464], [127.1244005, 35.8461312], [127.1252318, 35.845665999999994]]}}, {"type": "Feature", "id": "osm-way-1367280837", "properties": {"osm_id": 1367280837, "highway": "footway", "name": null, "foot": null, "access": null, "surface": null, "source": "OpenStreetMap contributors", "source_layer": "openstreetmap_campus_paths"}, "geometry": {"type": "LineString", "coordinates": [[127.12276329341442, 35.846772760582255], [127.1231426, 35.8466171], [127.1234014, 35.8465149], [127.1236602, 35.8463931], [127.1248605, 35.84573], [127.1254652, 35.8453547], [127.1250912, 35.8449647]]}}, {"type": "Feature", "id": "osm-way-1367280838", "properties": {"osm_id": 1367280838, "highway": "footway", "name": null, "foot": null, "access": null, "surface": null, "source": "OpenStreetMap contributors", "source_layer": "openstreetmap_campus_paths"}, "geometry": {"type": "LineString", "coordinates": [[127.1251837, 35.8448951], [127.12557726666667, 35.845265366666666], [127.12565495, 35.8452548], [127.1262698, 35.8448056]]}}, {"type": "Feature", "id": "osm-way-1367280839", "properties": {"osm_id": 1367280839, "highway": "footway", "name": null, "foot": null, "access": null, "surface": null, "source": "OpenStreetMap contributors", "source_layer": "openstreetmap_campus_paths"}, "geometry": {"type": "LineString", "coordinates": [[127.1254652, 35.8453547], [127.12557726666667, 35.845265366666666]]}}, {"type": "Feature", "id": "osm-way-1367280840", "properties": {"osm_id": 1367280840, "highway": "footway", "name": null, "foot": null, "access": null, "surface": null, "source": "OpenStreetMap contributors", "source_layer": "openstreetmap_campus_paths"}, "geometry": {"type": "LineString", "coordinates": [[127.12565495, 35.8452548], [127.1257163, 35.8453384], [127.1257486, 35.8453846]]}}, {"type": "Feature", "id": "osm-way-1367280841", "properties": {"osm_id": 1367280841, "highway": "footway", "name": null, "foot": null, "access": null, "surface": null, "source": "OpenStreetMap contributors", "source_layer": "openstreetmap_campus_paths"}, "geometry": {"type": "LineString", "coordinates": [[127.1254652, 35.8453547], [127.12560260000001, 35.8454847]]}}, {"type": "Feature", "id": "osm-way-1367280842", "properties": {"osm_id": 1367280842, "highway": "footway", "name": null, "foot": null, "access": null, "surface": null, "source": "OpenStreetMap contributors", "source_layer": "openstreetmap_campus_paths"}, "geometry": {"type": "LineString", "coordinates": [[127.12560260000001, 35.8454847]]}}, {"type": "Feature", "id": "osm-way-1367280843", "properties": {"osm_id": 1367280843, "highway": "footway", "name": null, "foot": null, "access": null, "surface": null, "source": "OpenStreetMap contributors", "source_layer": "openstreetmap_campus_paths"}, "geometry": {"type": "LineString", "coordinates": [[127.12560260000001, 35.8454847]]}}, {"type": "Feature", "id": "osm-way-1367280844", "properties": {"osm_id": 1367280844, "highway": "footway", "name": null, "foot": null, "access": null, "surface": null, "source": "OpenStreetMap contributors", "source_layer": "openstreetmap_campus_paths"}, "geometry": {"type": "LineString", "coordinates": [[127.12560260000001, 35.8454847], [127.12555075, 35.8455193], [127.12546545000001, 35.84551329999999], [127.1253876, 35.8455952], [127.1252318, 35.845665999999994]]}}, {"type": "Feature", "id": "osm-way-1367280845", "properties": {"osm_id": 1367280845, "highway": "footway", "name": null, "foot": null, "access": null, "surface": null, "source": "OpenStreetMap contributors", "source_layer": "openstreetmap_campus_paths"}, "geometry": {"type": "LineString", "coordinates": [[127.12560260000001, 35.8454847]]}}, {"type": "Feature", "id": "osm-way-1367280846", "properties": {"osm_id": 1367280846, "highway": "footway", "name": null, "foot": null, "access": null, "surface": null, "source": "OpenStreetMap contributors", "source_layer": "openstreetmap_campus_paths"}, "geometry": {"type": "LineString", "coordinates": [[127.12560260000001, 35.8454847], [127.12560357500001, 35.8455493], [127.12559910000002, 35.84560825], [127.12558247499999, 35.8456779], [127.1255795022252, 35.84582068606329], [127.12559024999999, 35.84592], [127.1256141, 35.84602162499999], [127.12566394999999, 35.846090825000005], [127.12579475000001, 35.8461791], [127.12588952256165, 35.846207855981824]]}}, {"type": "Feature", "id": "osm-way-1367280847", "properties": {"osm_id": 1367280847, "highway": "footway", "name": null, "foot": null, "access": null, "surface": null, "source": "OpenStreetMap contributors", "source_layer": "openstreetmap_campus_paths"}, "geometry": {"type": "LineString", "coordinates": [[127.1258972, 35.8461138], [127.12582111761033, 35.846096925551066], [127.12571445, 35.84602645], [127.12567575, 35.84595265], [127.1257097, 35.845821075], [127.1257685, 35.8455615], [127.1257524, 35.8454974], [127.1257486, 35.8453846], [127.1259404, 35.8452415], [127.12599305225876, 35.84519887520753], [127.1261037, 35.8451093], [127.12629901597568, 35.84497227203801], [127.1264093, 35.8448949], [127.1264701680654, 35.84484344991607], [127.1266187, 35.8447179], [127.1270492, 35.8444555]]}}, {"type": "Feature", "id": "osm-way-1367280848", "properties": {"osm_id": 1367280848, "highway": "footway", "name": null, "foot": null, "access": null, "surface": null, "source": "OpenStreetMap contributors", "source_layer": "openstreetmap_campus_paths"}, "geometry": {"type": "LineString", "coordinates": [[127.12560260000001, 35.8454847], [127.12568316666666, 35.84540256666667], [127.1257486, 35.8453846]]}}, {"type": "Feature", "id": "osm-way-1367280849", "properties": {"osm_id": 1367280849, "highway": "footway", "name": null, "foot": null, "access": null, "surface": null, "source": "OpenStreetMap contributors", "source_layer": "openstreetmap_campus_paths"}, "geometry": {"type": "LineString", "coordinates": [[127.1258972, 35.8461138], [127.1259916, 35.8461376], [127.1260866, 35.8461617]]}}, {"type": "Feature", "id": "osm-way-1367280850", "properties": {"osm_id": 1367280850, "highway": "footway", "name": null, "foot": null, "access": null, "surface": null, "source": "OpenStreetMap contributors", "source_layer": "openstreetmap_campus_paths"}, "geometry": {"type": "LineString", "coordinates": [[127.1259404, 35.8452415], [127.1260407, 35.8453066], [127.1268536, 35.8454735]]}}, {"type": "Feature", "id": "osm-way-1367280851", "properties": {"osm_id": 1367280851, "highway": "footway", "name": null, "foot": null, "access": null, "surface": null, "source": "OpenStreetMap contributors", "source_layer": "openstreetmap_campus_paths"}, "geometry": {"type": "LineString", "coordinates": [[127.1269161, 35.8454777], [127.1268536, 35.8454735]]}}, {"type": "Feature", "id": "osm-way-1367280852", "properties": {"osm_id": 1367280852, "highway": "footway", "name": null, "foot": null, "access": null, "surface": null, "source": "OpenStreetMap contributors", "source_layer": "openstreetmap_campus_paths"}, "geometry": {"type": "LineString", "coordinates": [[127.12309872480895, 35.847023712636556]]}}, {"type": "Feature", "id": "osm-way-1367280854", "properties": {"osm_id": 1367280854, "highway": "footway", "name": null, "foot": null, "access": null, "surface": "wood", "source": "OpenStreetMap contributors", "source_layer": "openstreetmap_campus_paths"}, "geometry": {"type": "LineString", "coordinates": [[127.1246179, 35.8487585], [127.1247418, 35.8486357], [127.1248577, 35.8485424], [127.1248976, 35.8484639], [127.1248907, 35.8483874], [127.1248589, 35.8483089], [127.1247766, 35.8482347], [127.12464, 35.8481992], [127.1246195, 35.8481105]]}}, {"type": "Feature", "id": "osm-way-1367280855", "properties": {"osm_id": 1367280855, "highway": "footway", "name": null, "foot": null, "access": null, "surface": "paving_stones", "source": "OpenStreetMap contributors", "source_layer": "openstreetmap_campus_paths"}, "geometry": {"type": "LineString", "coordinates": [[127.1246179, 35.8487585]]}}, {"type": "Feature", "id": "osm-way-1367280856", "properties": {"osm_id": 1367280856, "highway": "footway", "name": null, "foot": null, "access": null, "surface": "wood", "source": "OpenStreetMap contributors", "source_layer": "openstreetmap_campus_paths"}, "geometry": {"type": "LineString", "coordinates": [[127.1246179, 35.8487585], [127.1245108, 35.8486559], [127.1244375, 35.8486086], [127.1243174, 35.8485965], [127.1241023, 35.8486303], [127.1239272, 35.848683], [127.1236738, 35.8486343], [127.1235271, 35.8486235], [127.123407, 35.8485884], [127.1232953, 35.8484829], [127.1232453, 35.8483478], [127.1231919, 35.848164], [127.1229485, 35.8481369]]}}, {"type": "Feature", "id": "osm-way-1367330214", "properties": {"osm_id": 1367330214, "highway": "footway", "name": null, "foot": null, "access": null, "surface": null, "source": "OpenStreetMap contributors", "source_layer": "openstreetmap_campus_paths"}, "geometry": {"type": "LineString", "coordinates": [[127.13447896, 35.844336899999995], [127.1344869, 35.8442899], [127.134505825, 35.844230175]]}}, {"type": "Feature", "id": "osm-way-1367330215", "properties": {"osm_id": 1367330215, "highway": "footway", "name": null, "foot": null, "access": null, "surface": null, "source": "OpenStreetMap contributors", "source_layer": "openstreetmap_campus_paths"}, "geometry": {"type": "LineString", "coordinates": [[127.134703675, 35.844304875], [127.1346991, 35.844225]]}}, {"type": "Feature", "id": "osm-way-1367330218", "properties": {"osm_id": 1367330218, "highway": "footway", "name": null, "foot": null, "access": null, "surface": null, "source": "OpenStreetMap contributors", "source_layer": "openstreetmap_campus_paths"}, "geometry": {"type": "LineString", "coordinates": [[127.1326978537541, 35.840879729875134], [127.13278, 35.8409034], [127.1328404, 35.8409208]]}}, {"type": "Feature", "id": "osm-way-1367330219", "properties": {"osm_id": 1367330219, "highway": "footway", "name": null, "foot": null, "access": null, "surface": null, "source": "OpenStreetMap contributors", "source_layer": "openstreetmap_campus_paths"}, "geometry": {"type": "LineString", "coordinates": [[127.1328404, 35.8409208], [127.133472, 35.8411148]]}}, {"type": "Feature", "id": "osm-way-1367330220", "properties": {"osm_id": 1367330220, "highway": "footway", "name": null, "foot": null, "access": null, "surface": null, "source": "OpenStreetMap contributors", "source_layer": "openstreetmap_campus_paths"}, "geometry": {"type": "LineString", "coordinates": [[127.133472, 35.8411148], [127.13354013333333, 35.84113176666667], [127.1337475, 35.8412]]}}, {"type": "Feature", "id": "osm-way-1367330221", "properties": {"osm_id": 1367330221, "highway": "footway", "name": null, "foot": null, "access": null, "surface": null, "source": "OpenStreetMap contributors", "source_layer": "openstreetmap_campus_paths"}, "geometry": {"type": "LineString", "coordinates": [[127.1337475, 35.8412], [127.1344875, 35.84142397142857]]}}, {"type": "Feature", "id": "osm-way-1367330222", "properties": {"osm_id": 1367330222, "highway": "footway", "name": null, "foot": null, "access": null, "surface": null, "source": "OpenStreetMap contributors", "source_layer": "openstreetmap_campus_paths"}, "geometry": {"type": "LineString", "coordinates": [[127.1344875, 35.84142397142857]]}}, {"type": "Feature", "id": "osm-way-1367330223", "properties": {"osm_id": 1367330223, "highway": "cycleway", "name": null, "foot": null, "access": null, "surface": null, "source": "OpenStreetMap contributors", "source_layer": "openstreetmap_campus_paths"}, "geometry": {"type": "LineString", "coordinates": [[127.1344875, 35.84142397142857], [127.1337475, 35.8412]]}}, {"type": "Feature", "id": "osm-way-1367330224", "properties": {"osm_id": 1367330224, "highway": "cycleway", "name": null, "foot": null, "access": null, "surface": null, "source": "OpenStreetMap contributors", "source_layer": "openstreetmap_campus_paths"}, "geometry": {"type": "LineString", "coordinates": [[127.1337475, 35.8412], [127.13354013333333, 35.84113176666667], [127.133472, 35.8411148]]}}, {"type": "Feature", "id": "osm-way-1367330225", "properties": {"osm_id": 1367330225, "highway": "cycleway", "name": null, "foot": null, "access": null, "surface": null, "source": "OpenStreetMap contributors", "source_layer": "openstreetmap_campus_paths"}, "geometry": {"type": "LineString", "coordinates": [[127.133472, 35.8411148], [127.1328404, 35.8409208]]}}, {"type": "Feature", "id": "osm-way-1367330226", "properties": {"osm_id": 1367330226, "highway": "cycleway", "name": null, "foot": null, "access": null, "surface": null, "source": "OpenStreetMap contributors", "source_layer": "openstreetmap_campus_paths"}, "geometry": {"type": "LineString", "coordinates": [[127.1328404, 35.8409208], [127.13278, 35.8409034], [127.1326978537541, 35.840879729875134]]}}, {"type": "Feature", "id": "osm-way-1367330227", "properties": {"osm_id": 1367330227, "highway": "cycleway", "name": null, "foot": null, "access": null, "surface": null, "source": "OpenStreetMap contributors", "source_layer": "openstreetmap_campus_paths"}, "geometry": {"type": "LineString", "coordinates": [[127.1326978537541, 35.840879729875134], [127.1321936, 35.840723], [127.1321156, 35.8407105]]}}, {"type": "Feature", "id": "osm-way-1367330234", "properties": {"osm_id": 1367330234, "highway": "footway", "name": null, "foot": null, "access": null, "surface": null, "source": "OpenStreetMap contributors", "source_layer": "openstreetmap_campus_paths"}, "geometry": {"type": "LineString", "coordinates": [[127.137070575, 35.844348000000004], [127.1370371, 35.8444194]]}}, {"type": "Feature", "id": "osm-way-1367330235", "properties": {"osm_id": 1367330235, "highway": "footway", "name": null, "foot": null, "access": null, "surface": null, "source": "OpenStreetMap contributors", "source_layer": "openstreetmap_campus_paths"}, "geometry": {"type": "LineString", "coordinates": [[127.137070575, 35.844348000000004], [127.1379443, 35.8445604], [127.1380447, 35.8445661], [127.1381334, 35.8445207], [127.1384482, 35.8438077]]}}, {"type": "Feature", "id": "osm-way-1367330236", "properties": {"osm_id": 1367330236, "highway": "footway", "name": null, "foot": null, "access": null, "surface": null, "source": "OpenStreetMap contributors", "source_layer": "openstreetmap_campus_paths"}, "geometry": {"type": "LineString", "coordinates": [[127.137976, 35.8447114], [127.1380067, 35.8446464], [127.1380447, 35.8445661]]}}, {"type": "Feature", "id": "osm-way-1367330237", "properties": {"osm_id": 1367330237, "highway": "footway", "name": null, "foot": null, "access": null, "surface": null, "source": "OpenStreetMap contributors", "source_layer": "openstreetmap_campus_paths"}, "geometry": {"type": "LineString", "coordinates": [[127.1381334, 35.8445207], [127.1382082, 35.8445361], [127.1382918, 35.8445532], [127.13835875000001, 35.8445888]]}}, {"type": "Feature", "id": "osm-way-1367330238", "properties": {"osm_id": 1367330238, "highway": "footway", "name": null, "foot": null, "access": null, "surface": null, "source": "OpenStreetMap contributors", "source_layer": "openstreetmap_campus_paths"}, "geometry": {"type": "LineString", "coordinates": [[127.13838825, 35.8446571], [127.13840060000001, 35.844719100000006], [127.13837126666665, 35.8447641], [127.1383389, 35.8448065]]}}, {"type": "Feature", "id": "osm-way-1367330239", "properties": {"osm_id": 1367330239, "highway": "footway", "name": null, "foot": null, "access": null, "surface": null, "source": "OpenStreetMap contributors", "source_layer": "openstreetmap_campus_paths"}, "geometry": {"type": "LineString", "coordinates": [[127.1382795, 35.8448666], [127.1383389, 35.8448065]]}}, {"type": "Feature", "id": "osm-way-1367330240", "properties": {"osm_id": 1367330240, "highway": "footway", "name": null, "foot": null, "access": null, "surface": null, "source": "OpenStreetMap contributors", "source_layer": "openstreetmap_campus_paths"}, "geometry": {"type": "LineString", "coordinates": [[127.13838825, 35.8446571], [127.13835875000001, 35.8445888], [127.1383966, 35.84449]]}}, {"type": "Feature", "id": "osm-way-1367330241", "properties": {"osm_id": 1367330241, "highway": "footway", "name": null, "foot": null, "access": null, "surface": null, "source": "OpenStreetMap contributors", "source_layer": "openstreetmap_campus_paths"}, "geometry": {"type": "LineString", "coordinates": [[127.13838825, 35.8446571], [127.1384683, 35.8446982], [127.13874949999999, 35.8447977], [127.1388411, 35.8447885], [127.1391777, 35.8447134], [127.1392569, 35.8446961], [127.13843295, 35.84444415], [127.1383966, 35.84449]]}}, {"type": "Feature", "id": "osm-way-1367330242", "properties": {"osm_id": 1367330242, "highway": "footway", "name": null, "foot": null, "access": null, "surface": null, "source": "OpenStreetMap contributors", "source_layer": "openstreetmap_campus_paths"}, "geometry": {"type": "LineString", "coordinates": [[127.1383966, 35.84449], [127.13843295, 35.84444415], [127.1384487, 35.8443656]]}}, {"type": "Feature", "id": "osm-way-1367330243", "properties": {"osm_id": 1367330243, "highway": "footway", "name": null, "foot": null, "access": null, "surface": null, "source": "OpenStreetMap contributors", "source_layer": "openstreetmap_campus_paths"}, "geometry": {"type": "LineString", "coordinates": [[127.1384487, 35.8443656], [127.1386748, 35.8438686]]}}, {"type": "Feature", "id": "osm-way-1367330244", "properties": {"osm_id": 1367330244, "highway": "footway", "name": null, "foot": null, "access": null, "surface": null, "source": "OpenStreetMap contributors", "source_layer": "openstreetmap_campus_paths"}, "geometry": {"type": "LineString", "coordinates": [[127.1386748, 35.8438686], [127.1386158, 35.8438666], [127.1385235, 35.8438381], [127.1384482, 35.8438077]]}}, {"type": "Feature", "id": "osm-way-1367330245", "properties": {"osm_id": 1367330245, "highway": "footway", "name": null, "foot": null, "access": null, "surface": null, "source": "OpenStreetMap contributors", "source_layer": "openstreetmap_campus_paths"}, "geometry": {"type": "LineString", "coordinates": [[127.13696454000001, 35.8471595], [127.1371182, 35.8471992]]}}, {"type": "Feature", "id": "osm-way-1367330246", "properties": {"osm_id": 1367330246, "highway": "footway", "name": null, "foot": null, "access": null, "surface": null, "source": "OpenStreetMap contributors", "source_layer": "openstreetmap_campus_paths"}, "geometry": {"type": "LineString", "coordinates": [[127.13661105, 35.8482518], [127.1369188973237, 35.8483691597563]]}}, {"type": "Feature", "id": "osm-way-1367330247", "properties": {"osm_id": 1367330247, "highway": "service", "name": null, "foot": null, "access": null, "surface": null, "source": "OpenStreetMap contributors", "source_layer": "openstreetmap_campus_paths"}, "geometry": {"type": "LineString", "coordinates": [[127.1351624, 35.8479388], [127.1351357, 35.8479864], [127.1350717, 35.8480847]]}}, {"type": "Feature", "id": "osm-way-1367330248", "properties": {"osm_id": 1367330248, "highway": "service", "name": "\ub18d\uc0dd\uba85\ub85c(\ub179\ub450\ub85c)", "foot": null, "access": null, "surface": null, "source": "OpenStreetMap contributors", "source_layer": "openstreetmap_campus_paths"}, "geometry": {"type": "LineString", "coordinates": [[127.13472259999999, 35.848219699999994], [127.1346437, 35.8482653]]}}, {"type": "Feature", "id": "osm-way-1367330249", "properties": {"osm_id": 1367330249, "highway": "service", "name": null, "foot": null, "access": null, "surface": null, "source": "OpenStreetMap contributors", "source_layer": "openstreetmap_campus_paths"}, "geometry": {"type": "LineString", "coordinates": [[127.1350717, 35.8480847], [127.1350535, 35.8480239], [127.13502976666666, 35.8479841], [127.1350419, 35.8479371]]}}, {"type": "Feature", "id": "osm-way-1367330250", "properties": {"osm_id": 1367330250, "highway": "service", "name": null, "foot": null, "access": null, "surface": null, "source": "OpenStreetMap contributors", "source_layer": "openstreetmap_campus_paths"}, "geometry": {"type": "LineString", "coordinates": [[127.1350717, 35.8480847], [127.13498273333333, 35.84807893333333]]}}, {"type": "Feature", "id": "osm-way-1368399469", "properties": {"osm_id": 1368399469, "highway": "footway", "name": null, "foot": null, "access": null, "surface": null, "source": "OpenStreetMap contributors", "source_layer": "openstreetmap_campus_paths"}, "geometry": {"type": "LineString", "coordinates": [[127.13327397513935, 35.84753417598689], [127.1333412, 35.8475478], [127.1333536, 35.8474445], [127.13360476666666, 35.847441333333336], [127.1338331, 35.8474603]]}}, {"type": "Feature", "id": "osm-way-1368399470", "properties": {"osm_id": 1368399470, "highway": "footway", "name": null, "foot": null, "access": null, "surface": null, "source": "OpenStreetMap contributors", "source_layer": "openstreetmap_campus_paths"}, "geometry": {"type": "LineString", "coordinates": [[127.13360476666666, 35.847441333333336], [127.133609775, 35.84749755]]}}, {"type": "Feature", "id": "osm-way-1368399471", "properties": {"osm_id": 1368399471, "highway": "steps", "name": null, "foot": null, "access": null, "surface": null, "source": "OpenStreetMap contributors", "source_layer": "openstreetmap_campus_paths"}, "geometry": {"type": "LineString", "coordinates": [[127.1338331, 35.8474603], [127.133931175, 35.8474775]]}}, {"type": "Feature", "id": "osm-way-1368399472", "properties": {"osm_id": 1368399472, "highway": "footway", "name": null, "foot": null, "access": null, "surface": null, "source": "OpenStreetMap contributors", "source_layer": "openstreetmap_campus_paths"}, "geometry": {"type": "LineString", "coordinates": [[127.13360476666666, 35.847441333333336], [127.133609775, 35.84749755]]}}, {"type": "Feature", "id": "osm-way-1368399473", "properties": {"osm_id": 1368399473, "highway": "footway", "name": null, "foot": null, "access": null, "surface": null, "source": "OpenStreetMap contributors", "source_layer": "openstreetmap_campus_paths"}, "geometry": {"type": "LineString", "coordinates": [[127.13327397513935, 35.84753417598689]]}}, {"type": "Feature", "id": "osm-way-1368399475", "properties": {"osm_id": 1368399475, "highway": "footway", "name": null, "foot": null, "access": null, "surface": null, "source": "OpenStreetMap contributors", "source_layer": "openstreetmap_campus_paths"}, "geometry": {"type": "LineString", "coordinates": [[127.1325058, 35.8479503], [127.1324861, 35.8483601], [127.13247412222222, 35.8486665888889]]}}, {"type": "Feature", "id": "osm-way-1368399476", "properties": {"osm_id": 1368399476, "highway": "footway", "name": null, "foot": null, "access": null, "surface": null, "source": "OpenStreetMap contributors", "source_layer": "openstreetmap_campus_paths"}, "geometry": {"type": "LineString", "coordinates": [[127.13149372291912, 35.84876343108076], [127.13151959999999, 35.84854535], [127.13144779999999, 35.8485442], [127.1314602, 35.8483591], [127.13145786999999, 35.84831627], [127.131475, 35.8478989]]}}, {"type": "Feature", "id": "osm-way-1368399477", "properties": {"osm_id": 1368399477, "highway": "footway", "name": null, "foot": null, "access": null, "surface": null, "source": "OpenStreetMap contributors", "source_layer": "openstreetmap_campus_paths"}, "geometry": {"type": "LineString", "coordinates": [[127.1320439, 35.84786193333333], [127.1320127, 35.8479661]]}}, {"type": "Feature", "id": "osm-way-1368399478", "properties": {"osm_id": 1368399478, "highway": "footway", "name": null, "foot": null, "access": null, "surface": null, "source": "OpenStreetMap contributors", "source_layer": "openstreetmap_campus_paths"}, "geometry": {"type": "LineString", "coordinates": [[127.13361096, 35.847815589999996], [127.1335798, 35.8478756], [127.1335748, 35.8479537]]}}, {"type": "Feature", "id": "osm-way-1368399479", "properties": {"osm_id": 1368399479, "highway": "footway", "name": null, "foot": null, "access": null, "surface": null, "source": "OpenStreetMap contributors", "source_layer": "openstreetmap_campus_paths"}, "geometry": {"type": "LineString", "coordinates": [[127.1335748, 35.8479537], [127.13356683333332, 35.84806566666666]]}}, {"type": "Feature", "id": "osm-way-1368399480", "properties": {"osm_id": 1368399480, "highway": "footway", "name": null, "foot": null, "access": null, "surface": null, "source": "OpenStreetMap contributors", "source_layer": "openstreetmap_campus_paths"}, "geometry": {"type": "LineString", "coordinates": [[127.1343149, 35.8480222], [127.1338155, 35.8480039], [127.1338137, 35.8480628], [127.1337037, 35.848055], [127.13356683333332, 35.84806566666666], [127.1330881, 35.8480197], [127.13307553333334, 35.84796453333333]]}}, {"type": "Feature", "id": "osm-way-1368399481", "properties": {"osm_id": 1368399481, "highway": "pedestrian", "name": null, "foot": null, "access": null, "surface": null, "source": "OpenStreetMap contributors", "source_layer": "openstreetmap_campus_paths"}, "geometry": {"type": "LineString", "coordinates": [[127.1330459, 35.8478504], [127.1330489, 35.8479061], [127.13307553333334, 35.84796453333333], [127.1330174, 35.8483597], [127.1330704, 35.8483927], [127.1331634, 35.8483984], [127.1332563, 35.8484041]]}}, {"type": "Feature", "id": "osm-way-1368399482", "properties": {"osm_id": 1368399482, "highway": "service", "name": null, "foot": null, "access": null, "surface": null, "source": "OpenStreetMap contributors", "source_layer": "openstreetmap_campus_paths"}, "geometry": {"type": "LineString", "coordinates": [[127.1337037, 35.848055], [127.1337151, 35.8478825]]}}, {"type": "Feature", "id": "osm-way-1368399483", "properties": {"osm_id": 1368399483, "highway": "steps", "name": null, "foot": null, "access": null, "surface": null, "source": "OpenStreetMap contributors", "source_layer": "openstreetmap_campus_paths"}, "geometry": {"type": "LineString", "coordinates": [[127.13356683333332, 35.84806566666666]]}}, {"type": "Feature", "id": "osm-way-1368399484", "properties": {"osm_id": 1368399484, "highway": "footway", "name": null, "foot": null, "access": null, "surface": null, "source": "OpenStreetMap contributors", "source_layer": "openstreetmap_campus_paths"}, "geometry": {"type": "LineString", "coordinates": [[127.13352976974102, 35.84647904173588], [127.13350746666667, 35.846405966666666]]}}, {"type": "Feature", "id": "osm-way-1368399485", "properties": {"osm_id": 1368399485, "highway": "service", "name": null, "foot": null, "access": null, "surface": null, "source": "OpenStreetMap contributors", "source_layer": "openstreetmap_campus_paths"}, "geometry": {"type": "LineString", "coordinates": [[127.13500915000002, 35.846898949999996], [127.1349816857143, 35.847248209523805]]}}, {"type": "Feature", "id": "osm-way-1368399486", "properties": {"osm_id": 1368399486, "highway": "footway", "name": null, "foot": null, "access": null, "surface": null, "source": "OpenStreetMap contributors", "source_layer": "openstreetmap_campus_paths"}, "geometry": {"type": "LineString", "coordinates": [[127.13449875, 35.845657475], [127.1345034375, 35.8456037375], [127.13451407777778, 35.84552307777778]]}}, {"type": "Feature", "id": "osm-way-1368399487", "properties": {"osm_id": 1368399487, "highway": "steps", "name": null, "foot": null, "access": null, "surface": null, "source": "OpenStreetMap contributors", "source_layer": "openstreetmap_campus_paths"}, "geometry": {"type": "LineString", "coordinates": [[127.13441724779003, 35.847504937488324]]}}, {"type": "Feature", "id": "osm-way-1368399488", "properties": {"osm_id": 1368399488, "highway": "footway", "name": null, "foot": null, "access": null, "surface": null, "source": "OpenStreetMap contributors", "source_layer": "openstreetmap_campus_paths"}, "geometry": {"type": "LineString", "coordinates": [[127.13441724779003, 35.847504937488324]]}}, {"type": "Feature", "id": "osm-way-1368399489", "properties": {"osm_id": 1368399489, "highway": "footway", "name": null, "foot": null, "access": null, "surface": null, "source": "OpenStreetMap contributors", "source_layer": "openstreetmap_campus_paths"}, "geometry": {"type": "LineString", "coordinates": [[127.13441724779003, 35.847504937488324], [127.1346521, 35.8475451], [127.1347451, 35.847529525]]}}, {"type": "Feature", "id": "osm-way-1368399490", "properties": {"osm_id": 1368399490, "highway": "footway", "name": null, "foot": null, "access": null, "surface": null, "source": "OpenStreetMap contributors", "source_layer": "openstreetmap_campus_paths"}, "geometry": {"type": "LineString", "coordinates": [[127.1347451, 35.847529525], [127.1347569, 35.8478804]]}}, {"type": "Feature", "id": "osm-way-1368399491", "properties": {"osm_id": 1368399491, "highway": "steps", "name": null, "foot": null, "access": null, "surface": null, "source": "OpenStreetMap contributors", "source_layer": "openstreetmap_campus_paths"}, "geometry": {"type": "LineString", "coordinates": [[127.1347451, 35.847529525]]}}, {"type": "Feature", "id": "osm-way-1368399492", "properties": {"osm_id": 1368399492, "highway": "steps", "name": null, "foot": null, "access": null, "surface": null, "source": "OpenStreetMap contributors", "source_layer": "openstreetmap_campus_paths"}, "geometry": {"type": "LineString", "coordinates": [[127.1346521, 35.8475451]]}}, {"type": "Feature", "id": "osm-way-1368399493", "properties": {"osm_id": 1368399493, "highway": "footway", "name": null, "foot": null, "access": null, "surface": null, "source": "OpenStreetMap contributors", "source_layer": "openstreetmap_campus_paths"}, "geometry": {"type": "LineString", "coordinates": [[127.13441724779003, 35.847504937488324], [127.1342801, 35.8475062]]}}, {"type": "Feature", "id": "osm-way-1368399494", "properties": {"osm_id": 1368399494, "highway": "footway", "name": null, "foot": null, "access": null, "surface": null, "source": "OpenStreetMap contributors", "source_layer": "openstreetmap_campus_paths"}, "geometry": {"type": "LineString", "coordinates": [[127.1350902, 35.845692650000004], [127.13521383333334, 35.845689783333334]]}}, {"type": "Feature", "id": "osm-way-1368399496", "properties": {"osm_id": 1368399496, "highway": "service", "name": null, "foot": null, "access": null, "surface": null, "source": "OpenStreetMap contributors", "source_layer": "openstreetmap_campus_paths"}, "geometry": {"type": "LineString", "coordinates": [[127.1359451, 35.847961749999996], [127.1355302, 35.8479538], [127.1352495, 35.8479423], [127.1351624, 35.8479388], [127.1350419, 35.8479371], [127.1349176, 35.8479338]]}}, {"type": "Feature", "id": "osm-way-1368399497", "properties": {"osm_id": 1368399497, "highway": "cycleway", "name": null, "foot": null, "access": null, "surface": null, "source": "OpenStreetMap contributors", "source_layer": "openstreetmap_campus_paths"}, "geometry": {"type": "LineString", "coordinates": [[127.1342686, 35.8510369], [127.134394, 35.8509817], [127.13485829999999, 35.850851899999995], [127.13514624999999, 35.8506973], [127.1352906, 35.8505691], [127.13563465, 35.8502835], [127.1357646, 35.8501168], [127.1360845, 35.8496815], [127.1361402, 35.8495939]]}}, {"type": "Feature", "id": "osm-way-1368399498", "properties": {"osm_id": 1368399498, "highway": "tertiary", "name": "\uc870\uacbd\ub2e8\ub85c", "foot": null, "access": null, "surface": null, "source": "OpenStreetMap contributors", "source_layer": "openstreetmap_campus_paths"}, "geometry": {"type": "LineString", "coordinates": [[127.1364394, 35.8484189], [127.1359408, 35.8495309], [127.13568795, 35.850021]]}}, {"type": "Feature", "id": "osm-way-1368399499", "properties": {"osm_id": 1368399499, "highway": "tertiary", "name": "\uc870\uacbd\ub2e8\ub85c", "foot": null, "access": null, "surface": null, "source": "OpenStreetMap contributors", "source_layer": "openstreetmap_campus_paths"}, "geometry": {"type": "LineString", "coordinates": [[127.1355665, 35.8500721], [127.13558345, 35.85001075], [127.1358504, 35.849536], [127.1363734, 35.8484069]]}}, {"type": "Feature", "id": "osm-way-1368399500", "properties": {"osm_id": 1368399500, "highway": "tertiary", "name": "\uc870\uacbd\ub2e8\ub85c", "foot": null, "access": null, "surface": "asphalt", "source": "OpenStreetMap contributors", "source_layer": "openstreetmap_campus_paths"}, "geometry": {"type": "LineString", "coordinates": [[127.13568795, 35.850021], [127.1355985, 35.8501669], [127.135475, 35.8503096], [127.1353051, 35.8504706], [127.1350711, 35.8506426], [127.1348418, 35.8507632], [127.1346949, 35.8508227], [127.1345185, 35.850878], [127.1339148, 35.8510458], [127.1329667, 35.8512964], [127.1328736, 35.8513246], [127.13269526666666, 35.851404699999996], [127.1324426, 35.8514486], [127.1322275, 35.8515121], [127.1311612, 35.8518239], [127.130922, 35.8518976], [127.1307253, 35.8519557], [127.1299769, 35.8521697], [127.1294772, 35.852304], [127.1289074, 35.8524838], [127.1286669, 35.852586], [127.1282443, 35.8527204], [127.12816899389168, 35.85274445537877], [127.1281028, 35.8527656], [127.12796535, 35.85282525], [127.1279034, 35.8528207], [127.1276115, 35.8528699], [127.1273757, 35.8528813], [127.1268293, 35.8528813], [127.1265024, 35.8528605], [127.1260191, 35.8527601], [127.1254045, 35.8526141], [127.124597, 35.8524524]]}}, {"type": "Feature", "id": "osm-way-1368399501", "properties": {"osm_id": 1368399501, "highway": "tertiary", "name": "\uc870\uacbd\ub2e8\ub85c", "foot": null, "access": null, "surface": "asphalt", "source": "OpenStreetMap contributors", "source_layer": "openstreetmap_campus_paths"}, "geometry": {"type": "LineString", "coordinates": [[127.1328419, 35.8512442], [127.1329354, 35.8512179], [127.1338861, 35.8509601], [127.1344993, 35.850813], [127.1347024, 35.8507434], [127.1348591, 35.850648899999996], [127.1350439, 35.8505656], [127.1352502, 35.8504223], [127.1354231, 35.8502524], [127.1355665, 35.8500721]]}}, {"type": "Feature", "id": "osm-way-1368399502", "properties": {"osm_id": 1368399502, "highway": "service", "name": "\uc870\uacbd\ub2e8\ub85c", "foot": null, "access": null, "surface": null, "source": "OpenStreetMap contributors", "source_layer": "openstreetmap_campus_paths"}, "geometry": {"type": "LineString", "coordinates": [[127.13129006666668, 35.851885599999996], [127.1312118, 35.8518966], [127.1311612, 35.8518239]]}}, {"type": "Feature", "id": "osm-way-1368399503", "properties": {"osm_id": 1368399503, "highway": "service", "name": null, "foot": null, "access": null, "surface": null, "source": "OpenStreetMap contributors", "source_layer": "openstreetmap_campus_paths"}, "geometry": {"type": "LineString", "coordinates": [[127.13129006666668, 35.851885599999996], [127.1311829, 35.85195926666667], [127.1309403, 35.8521358]]}}, {"type": "Feature", "id": "osm-way-1368399504", "properties": {"osm_id": 1368399504, "highway": "service", "name": null, "foot": null, "access": null, "surface": null, "source": "OpenStreetMap contributors", "source_layer": "openstreetmap_campus_paths"}, "geometry": {"type": "LineString", "coordinates": [[127.1301138, 35.8520197], [127.1302139, 35.8519593], [127.1302626, 35.8518913], [127.1302472, 35.8517662], [127.13022169999999, 35.8516941]]}}, {"type": "Feature", "id": "osm-way-1368399507", "properties": {"osm_id": 1368399507, "highway": "footway", "name": null, "foot": null, "access": null, "surface": null, "source": "OpenStreetMap contributors", "source_layer": "openstreetmap_campus_paths"}, "geometry": {"type": "LineString", "coordinates": [[127.1332256, 35.8514505], [127.13331213333333, 35.851484766666665]]}}, {"type": "Feature", "id": "osm-way-1368399508", "properties": {"osm_id": 1368399508, "highway": "footway", "name": null, "foot": null, "access": null, "surface": null, "source": "OpenStreetMap contributors", "source_layer": "openstreetmap_campus_paths"}, "geometry": {"type": "LineString", "coordinates": [[127.1332256, 35.8514505], [127.1330915, 35.851394], [127.1329798, 35.8514154]]}}, {"type": "Feature", "id": "osm-way-1368399509", "properties": {"osm_id": 1368399509, "highway": "footway", "name": null, "foot": null, "access": null, "surface": null, "source": "OpenStreetMap contributors", "source_layer": "openstreetmap_campus_paths"}, "geometry": {"type": "LineString", "coordinates": [[127.1328081, 35.8514589], [127.1327348, 35.8514853], [127.13269526666666, 35.851404699999996]]}}, {"type": "Feature", "id": "osm-way-1368399510", "properties": {"osm_id": 1368399510, "highway": "footway", "name": null, "foot": null, "access": null, "surface": null, "source": "OpenStreetMap contributors", "source_layer": "openstreetmap_campus_paths"}, "geometry": {"type": "LineString", "coordinates": [[127.1327348, 35.8514853], [127.1326738, 35.851589966666666]]}}, {"type": "Feature", "id": "osm-way-1368399511", "properties": {"osm_id": 1368399511, "highway": "footway", "name": null, "foot": null, "access": null, "surface": null, "source": "OpenStreetMap contributors", "source_layer": "openstreetmap_campus_paths"}, "geometry": {"type": "LineString", "coordinates": [[127.1326738, 35.851589966666666], [127.1326364, 35.8516642]]}}, {"type": "Feature", "id": "osm-way-1368399512", "properties": {"osm_id": 1368399512, "highway": "tertiary", "name": "\ub300\ud559\ub85c\uc9c0\ud558\ucc28\ub3c4", "foot": null, "access": null, "surface": null, "source": "OpenStreetMap contributors", "source_layer": "openstreetmap_campus_paths"}, "geometry": {"type": "LineString", "coordinates": [[127.1363734, 35.8484069], [127.13767575, 35.845642325]]}}, {"type": "Feature", "id": "osm-way-1368399513", "properties": {"osm_id": 1368399513, "highway": "tertiary", "name": "\uc870\uacbd\ub2e8\ub85c", "foot": null, "access": null, "surface": null, "source": "OpenStreetMap contributors", "source_layer": "openstreetmap_campus_paths"}, "geometry": {"type": "LineString", "coordinates": [[127.1382282, 35.8447082], [127.1381888, 35.8448021], [127.1377774, 35.8456646]]}}, {"type": "Feature", "id": "osm-way-1368399514", "properties": {"osm_id": 1368399514, "highway": "tertiary", "name": "\uc870\uacbd\ub2e8\ub85c", "foot": null, "access": null, "surface": null, "source": "OpenStreetMap contributors", "source_layer": "openstreetmap_campus_paths"}, "geometry": {"type": "LineString", "coordinates": [[127.13767575, 35.845642325], [127.1381001, 35.8447752], [127.138142, 35.8446842]]}}, {"type": "Feature", "id": "osm-way-1387744918", "properties": {"osm_id": 1387744918, "highway": "footway", "name": null, "foot": null, "access": null, "surface": null, "source": "OpenStreetMap contributors", "source_layer": "openstreetmap_campus_paths"}, "geometry": {"type": "LineString", "coordinates": [[127.12363843333333, 35.8436194], [127.12371173333334, 35.8436997], [127.1238446, 35.8437839], [127.1239182, 35.8438263]]}}, {"type": "Feature", "id": "osm-way-1387744919", "properties": {"osm_id": 1387744919, "highway": "footway", "name": null, "foot": null, "access": null, "surface": null, "source": "OpenStreetMap contributors", "source_layer": "openstreetmap_campus_paths"}, "geometry": {"type": "LineString", "coordinates": [[127.1240626, 35.8433687], [127.1241177, 35.8434195], [127.1242244, 35.8435031], [127.1242662, 35.8435552]]}}, {"type": "Feature", "id": "osm-way-1387744922", "properties": {"osm_id": 1387744922, "highway": "footway", "name": null, "foot": null, "access": null, "surface": null, "source": "OpenStreetMap contributors", "source_layer": "openstreetmap_campus_paths"}, "geometry": {"type": "LineString", "coordinates": [[127.1238384, 35.843389599999995], [127.1236997, 35.843470275], [127.1236503, 35.8435146]]}}, {"type": "Feature", "id": "osm-way-1387744923", "properties": {"osm_id": 1387744923, "highway": "footway", "name": null, "foot": null, "access": null, "surface": null, "source": "OpenStreetMap contributors", "source_layer": "openstreetmap_campus_paths"}, "geometry": {"type": "LineString", "coordinates": [[127.12417523333333, 35.843644866666665], [127.1240427, 35.8437432]]}}, {"type": "Feature", "id": "osm-way-1387744924", "properties": {"osm_id": 1387744924, "highway": "footway", "name": null, "foot": null, "access": null, "surface": null, "source": "OpenStreetMap contributors", "source_layer": "openstreetmap_campus_paths"}, "geometry": {"type": "LineString", "coordinates": [[127.1237677, 35.843963], [127.1237249, 35.843999], [127.1236558, 35.8440383]]}}, {"type": "Feature", "id": "osm-way-1387744925", "properties": {"osm_id": 1387744925, "highway": "footway", "name": null, "foot": null, "access": null, "surface": null, "source": "OpenStreetMap contributors", "source_layer": "openstreetmap_campus_paths"}, "geometry": {"type": "LineString", "coordinates": [[127.1237677, 35.843963], [127.1239182, 35.8438263], [127.1240427, 35.8437432]]}}, {"type": "Feature", "id": "osm-way-1387744926", "properties": {"osm_id": 1387744926, "highway": "footway", "name": null, "foot": null, "access": null, "surface": null, "source": "OpenStreetMap contributors", "source_layer": "openstreetmap_campus_paths"}, "geometry": {"type": "LineString", "coordinates": [[127.1239182, 35.8438263]]}}, {"type": "Feature", "id": "osm-way-1387744927", "properties": {"osm_id": 1387744927, "highway": "footway", "name": null, "foot": null, "access": null, "surface": null, "source": "OpenStreetMap contributors", "source_layer": "openstreetmap_campus_paths"}, "geometry": {"type": "LineString", "coordinates": [[127.12363843333333, 35.8436194]]}}, {"type": "Feature", "id": "osm-way-1387744928", "properties": {"osm_id": 1387744928, "highway": "footway", "name": null, "foot": null, "access": null, "surface": null, "source": "OpenStreetMap contributors", "source_layer": "openstreetmap_campus_paths"}, "geometry": {"type": "LineString", "coordinates": [[127.1236503, 35.8435146], [127.123598, 35.843545]]}}, {"type": "Feature", "id": "osm-way-1387744929", "properties": {"osm_id": 1387744929, "highway": "footway", "name": null, "foot": null, "access": null, "surface": null, "source": "OpenStreetMap contributors", "source_layer": "openstreetmap_campus_paths"}, "geometry": {"type": "LineString", "coordinates": [[127.12353443076722, 35.84383077911964], [127.1236141, 35.8436516], [127.12363843333333, 35.8436194], [127.123598, 35.843545], [127.1235259916114, 35.84329169744502]]}}, {"type": "Feature", "id": "osm-way-1387744930", "properties": {"osm_id": 1387744930, "highway": "footway", "name": null, "foot": null, "access": null, "surface": null, "source": "OpenStreetMap contributors", "source_layer": "openstreetmap_campus_paths"}, "geometry": {"type": "LineString", "coordinates": [[127.1235259916114, 35.84329169744502], [127.1238384, 35.843389599999995], [127.1239682, 35.8433983], [127.1240626, 35.8433687], [127.1241036, 35.8433352], [127.1244362, 35.8430808], [127.1249036, 35.8427691]]}}, {"type": "Feature", "id": "osm-way-1387744931", "properties": {"osm_id": 1387744931, "highway": "footway", "name": null, "foot": null, "access": null, "surface": null, "source": "OpenStreetMap contributors", "source_layer": "openstreetmap_campus_paths"}, "geometry": {"type": "LineString", "coordinates": [[127.1240626, 35.8433687]]}}, {"type": "Feature", "id": "osm-way-1387744932", "properties": {"osm_id": 1387744932, "highway": "footway", "name": null, "foot": null, "access": null, "surface": null, "source": "OpenStreetMap contributors", "source_layer": "openstreetmap_campus_paths"}, "geometry": {"type": "LineString", "coordinates": [[127.1245113, 35.8433885], [127.1242662, 35.8435552], [127.12417523333333, 35.843644866666665], [127.1245314, 35.8439462]]}}, {"type": "Feature", "id": "osm-way-1387744933", "properties": {"osm_id": 1387744933, "highway": "footway", "name": null, "foot": null, "access": null, "surface": null, "source": "OpenStreetMap contributors", "source_layer": "openstreetmap_campus_paths"}, "geometry": {"type": "LineString", "coordinates": [[127.1236558, 35.8440383], [127.1229972, 35.8445104], [127.12296791454735, 35.84454962827687], [127.12223738027517, 35.84496437893644]]}}, {"type": "Feature", "id": "osm-way-1387744934", "properties": {"osm_id": 1387744934, "highway": "footway", "name": null, "foot": null, "access": null, "surface": null, "source": "OpenStreetMap contributors", "source_layer": "openstreetmap_campus_paths"}, "geometry": {"type": "LineString", "coordinates": [[127.1236558, 35.8440383], [127.12379075, 35.8441665], [127.12421346192127, 35.84453797801498]]}}, {"type": "Feature", "id": "osm-way-1387744935", "properties": {"osm_id": 1387744935, "highway": "footway", "name": null, "foot": null, "access": null, "surface": null, "source": "OpenStreetMap contributors", "source_layer": "openstreetmap_campus_paths"}, "geometry": {"type": "LineString", "coordinates": [[127.12421346192127, 35.84453797801498], [127.124316475, 35.844473074999996], [127.1243697, 35.8445534]]}}, {"type": "Feature", "id": "osm-way-1387744936", "properties": {"osm_id": 1387744936, "highway": "footway", "name": null, "foot": null, "access": null, "surface": null, "source": "OpenStreetMap contributors", "source_layer": "openstreetmap_campus_paths"}, "geometry": {"type": "LineString", "coordinates": [[127.124316475, 35.844473074999996], [127.1239635, 35.844132099999996], [127.12422835, 35.84393095], [127.1243705, 35.8439679], [127.1244883, 35.8440885], [127.1246709, 35.8442875], [127.1245974, 35.8443324], [127.1243732, 35.8444691], [127.124316475, 35.844473074999996]]}}, {"type": "Feature", "id": "osm-way-1387744937", "properties": {"osm_id": 1387744937, "highway": "footway", "name": null, "foot": null, "access": null, "surface": null, "source": "OpenStreetMap contributors", "source_layer": "openstreetmap_campus_paths"}, "geometry": {"type": "LineString", "coordinates": [[127.1245974, 35.8443324], [127.1246588, 35.8443836], [127.124725, 35.8444464]]}}, {"type": "Feature", "id": "osm-way-1387744938", "properties": {"osm_id": 1387744938, "highway": "footway", "name": null, "foot": null, "access": null, "surface": null, "source": "OpenStreetMap contributors", "source_layer": "openstreetmap_campus_paths"}, "geometry": {"type": "LineString", "coordinates": [[127.124725, 35.8444464], [127.1246563, 35.8444635], [127.1245603, 35.8444875]]}}, {"type": "Feature", "id": "osm-way-1387744939", "properties": {"osm_id": 1387744939, "highway": "footway", "name": null, "foot": null, "access": null, "surface": null, "source": "OpenStreetMap contributors", "source_layer": "openstreetmap_campus_paths"}, "geometry": {"type": "LineString", "coordinates": [[127.1243697, 35.8445534], [127.1245603, 35.8444875], [127.1250025, 35.84489405], [127.1250912, 35.8449647]]}}, {"type": "Feature", "id": "osm-way-1387744940", "properties": {"osm_id": 1387744940, "highway": "footway", "name": null, "foot": null, "access": null, "surface": null, "source": "OpenStreetMap contributors", "source_layer": "openstreetmap_campus_paths"}, "geometry": {"type": "LineString", "coordinates": [[127.1251837, 35.8448951], [127.1251389, 35.8448416], [127.124725, 35.8444464], [127.1249341, 35.84431015], [127.1245913, 35.84402276666666], [127.1245737, 35.8439764], [127.1245314, 35.8439462]]}}, {"type": "Feature", "id": "osm-way-1387744941", "properties": {"osm_id": 1387744941, "highway": "footway", "name": null, "foot": null, "access": null, "surface": null, "source": "OpenStreetMap contributors", "source_layer": "openstreetmap_campus_paths"}, "geometry": {"type": "LineString", "coordinates": [[127.1245913, 35.84402276666666], [127.1244883, 35.8440885]]}}, {"type": "Feature", "id": "osm-way-1387744942", "properties": {"osm_id": 1387744942, "highway": "footway", "name": null, "foot": null, "access": null, "surface": null, "source": "OpenStreetMap contributors", "source_layer": "openstreetmap_campus_paths"}, "geometry": {"type": "LineString", "coordinates": [[127.1266335, 35.8418517], [127.1262691, 35.8421228], [127.126142675, 35.8422259]]}}, {"type": "Feature", "id": "osm-way-1387744943", "properties": {"osm_id": 1387744943, "highway": "footway", "name": null, "foot": null, "access": null, "surface": null, "source": "OpenStreetMap contributors", "source_layer": "openstreetmap_campus_paths"}, "geometry": {"type": "LineString", "coordinates": [[127.1262691, 35.8421228]]}}, {"type": "Feature", "id": "osm-way-1387744944", "properties": {"osm_id": 1387744944, "highway": "footway", "name": null, "foot": null, "access": null, "surface": null, "source": "OpenStreetMap contributors", "source_layer": "openstreetmap_campus_paths"}, "geometry": {"type": "LineString", "coordinates": [[127.1266335, 35.8418517], [127.12681022000001, 35.84172876]]}}, {"type": "Feature", "id": "osm-way-1387744945", "properties": {"osm_id": 1387744945, "highway": "footway", "name": null, "foot": null, "access": null, "surface": null, "source": "OpenStreetMap contributors", "source_layer": "openstreetmap_campus_paths"}, "geometry": {"type": "LineString", "coordinates": [[127.1266335, 35.8418517]]}}, {"type": "Feature", "id": "osm-way-1387744946", "properties": {"osm_id": 1387744946, "highway": "footway", "name": null, "foot": null, "access": null, "surface": null, "source": "OpenStreetMap contributors", "source_layer": "openstreetmap_campus_paths"}, "geometry": {"type": "LineString", "coordinates": [[127.1260424, 35.8422874], [127.1257589, 35.8424934], [127.1254093061137, 35.84274863863661], [127.1250532, 35.8430086], [127.1247597, 35.8432229], [127.1245113, 35.8433885]]}}, {"type": "Feature", "id": "osm-way-1387744947", "properties": {"osm_id": 1387744947, "highway": "footway", "name": null, "foot": null, "access": null, "surface": null, "source": "OpenStreetMap contributors", "source_layer": "openstreetmap_campus_paths"}, "geometry": {"type": "LineString", "coordinates": [[127.126142675, 35.8422259], [127.1260424, 35.8422874]]}}, {"type": "Feature", "id": "osm-way-1387744948", "properties": {"osm_id": 1387744948, "highway": "footway", "name": null, "foot": null, "access": null, "surface": null, "source": "OpenStreetMap contributors", "source_layer": "openstreetmap_campus_paths"}, "geometry": {"type": "LineString", "coordinates": [[127.1260424, 35.8422874], [127.12614883333333, 35.842302700000005], [127.1263507, 35.8426762], [127.1265186, 35.8429234], [127.1265588, 35.8429618], [127.1265839, 35.8430115], [127.1268467, 35.8434417], [127.126904, 35.8435052], [127.1269761, 35.8435853], [127.1270914, 35.84370413333333], [127.1272442, 35.8439175], [127.12731635, 35.8440356], [127.1272996, 35.8440944]]}}, {"type": "Feature", "id": "osm-way-1387744949", "properties": {"osm_id": 1387744949, "highway": "footway", "name": null, "foot": null, "access": null, "surface": null, "source": "OpenStreetMap contributors", "source_layer": "openstreetmap_campus_paths"}, "geometry": {"type": "LineString", "coordinates": [[127.1274433, 35.8439593], [127.1272673, 35.8437938], [127.1269686, 35.8434774], [127.1269422, 35.8434055], [127.1267127, 35.8430596], [127.1265056, 35.8427679], [127.1264125, 35.8426422], [127.12614883333333, 35.842302700000005], [127.126142675, 35.8422259]]}}, {"type": "Feature", "id": "osm-way-1387744950", "properties": {"osm_id": 1387744950, "highway": "footway", "name": null, "foot": null, "access": null, "surface": null, "source": "OpenStreetMap contributors", "source_layer": "openstreetmap_campus_paths"}, "geometry": {"type": "LineString", "coordinates": [[127.1274433, 35.8439593], [127.127384, 35.8439854], [127.12731635, 35.8440356]]}}, {"type": "Feature", "id": "osm-way-1387744951", "properties": {"osm_id": 1387744951, "highway": "footway", "name": null, "foot": null, "access": null, "surface": null, "source": "OpenStreetMap contributors", "source_layer": "openstreetmap_campus_paths"}, "geometry": {"type": "LineString", "coordinates": [[127.1274433, 35.8439593], [127.1279698, 35.843649], [127.1285606, 35.8432405]]}}, {"type": "Feature", "id": "osm-way-1387744953", "properties": {"osm_id": 1387744953, "highway": "footway", "name": null, "foot": null, "access": null, "surface": null, "source": "OpenStreetMap contributors", "source_layer": "openstreetmap_campus_paths"}, "geometry": {"type": "LineString", "coordinates": [[127.1272996, 35.8440944], [127.126978, 35.8442823], [127.1264808, 35.8446294], [127.1263882, 35.8447073], [127.1262698, 35.8448056]]}}, {"type": "Feature", "id": "osm-way-1389446814", "properties": {"osm_id": 1389446814, "highway": "service", "name": null, "foot": null, "access": null, "surface": null, "source": "OpenStreetMap contributors", "source_layer": "openstreetmap_campus_paths"}, "geometry": {"type": "LineString", "coordinates": [[127.133865125, 35.847107449999996], [127.1343736857143, 35.84711677142857], [127.13447663496852, 35.84711099360998], [127.13442754444445, 35.847222688888884], [127.1349816857143, 35.847248209523805], [127.13518165, 35.84725843333333]]}}, {"type": "Feature", "id": "osm-way-1389446815", "properties": {"osm_id": 1389446815, "highway": "footway", "name": null, "foot": null, "access": null, "surface": null, "source": "OpenStreetMap contributors", "source_layer": "openstreetmap_campus_paths"}, "geometry": {"type": "LineString", "coordinates": [[127.13405257137089, 35.847654228174825]]}}, {"type": "Feature", "id": "osm-way-1389446816", "properties": {"osm_id": 1389446816, "highway": "steps", "name": null, "foot": null, "access": null, "surface": null, "source": "OpenStreetMap contributors", "source_layer": "openstreetmap_campus_paths"}, "geometry": {"type": "LineString", "coordinates": [[127.13405257137089, 35.847654228174825], [127.13395680933336, 35.847725706880304]]}}, {"type": "Feature", "id": "osm-way-1389446817", "properties": {"osm_id": 1389446817, "highway": "steps", "name": null, "foot": null, "access": null, "surface": null, "source": "OpenStreetMap contributors", "source_layer": "openstreetmap_campus_paths"}, "geometry": {"type": "LineString", "coordinates": [[127.13405257137089, 35.847654228174825], [127.1340595, 35.8475793]]}}, {"type": "Feature", "id": "osm-way-1389446818", "properties": {"osm_id": 1389446818, "highway": "footway", "name": null, "foot": null, "access": null, "surface": null, "source": "OpenStreetMap contributors", "source_layer": "openstreetmap_campus_paths"}, "geometry": {"type": "LineString", "coordinates": [[127.1316516, 35.8479043], [127.13164285, 35.848021375]]}}, {"type": "Feature", "id": "osm-way-1389446819", "properties": {"osm_id": 1389446819, "highway": "steps", "name": null, "foot": null, "access": null, "surface": null, "source": "OpenStreetMap contributors", "source_layer": "openstreetmap_campus_paths"}, "geometry": {"type": "LineString", "coordinates": [[127.13145786999999, 35.84831627], [127.13164493718662, 35.84832025926032]]}}, {"type": "Feature", "id": "osm-way-1389446820", "properties": {"osm_id": 1389446820, "highway": "footway", "name": null, "foot": null, "access": null, "surface": null, "source": "OpenStreetMap contributors", "source_layer": "openstreetmap_campus_paths"}, "geometry": {"type": "LineString", "coordinates": [[127.1340595, 35.8475793], [127.1340522, 35.84748406666667]]}}, {"type": "Feature", "id": "osm-way-1389446821", "properties": {"osm_id": 1389446821, "highway": "footway", "name": null, "foot": null, "access": null, "surface": null, "source": "OpenStreetMap contributors", "source_layer": "openstreetmap_campus_paths"}, "geometry": {"type": "LineString", "coordinates": [[127.12842625, 35.84553725], [127.12844993333333, 35.84563563333334], [127.12856733333335, 35.8457839], [127.12871107124094, 35.845956858946046], [127.1288306, 35.846061175]]}}, {"type": "Feature", "id": "osm-way-1389446822", "properties": {"osm_id": 1389446822, "highway": "service", "name": "\uc790\uc720\ub85c", "foot": null, "access": null, "surface": null, "source": "OpenStreetMap contributors", "source_layer": "openstreetmap_campus_paths"}, "geometry": {"type": "LineString", "coordinates": [[127.1284386, 35.8454291], [127.1284934, 35.8455044], [127.12889, 35.8460435], [127.1290729, 35.8462828], [127.129125725, 35.846351225]]}}, {"type": "Feature", "id": "osm-way-1389446823", "properties": {"osm_id": 1389446823, "highway": "service", "name": null, "foot": null, "access": null, "surface": null, "source": "OpenStreetMap contributors", "source_layer": "openstreetmap_campus_paths"}, "geometry": {"type": "LineString", "coordinates": [[127.13375264999999, 35.84388335], [127.13364212577297, 35.84391123287402], [127.1335657, 35.8439229]]}}, {"type": "Feature", "id": "osm-way-1389446824", "properties": {"osm_id": 1389446824, "highway": "service", "name": null, "foot": null, "access": null, "surface": null, "source": "OpenStreetMap contributors", "source_layer": "openstreetmap_campus_paths"}, "geometry": {"type": "LineString", "coordinates": [[127.1336268, 35.8437466], [127.13360433333332, 35.84348236666667]]}}, {"type": "Feature", "id": "osm-way-1389446825", "properties": {"osm_id": 1389446825, "highway": "service", "name": null, "foot": null, "access": null, "surface": null, "source": "OpenStreetMap contributors", "source_layer": "openstreetmap_campus_paths"}, "geometry": {"type": "LineString", "coordinates": [[127.1335657, 35.8439229], [127.1335507, 35.8438515], [127.1335677, 35.8437877], [127.1336268, 35.8437466]]}}, {"type": "Feature", "id": "osm-way-1389446826", "properties": {"osm_id": 1389446826, "highway": "footway", "name": null, "foot": null, "access": null, "surface": null, "source": "OpenStreetMap contributors", "source_layer": "openstreetmap_campus_paths"}, "geometry": {"type": "LineString", "coordinates": [[127.1320529, 35.8436471], [127.13204163333334, 35.8435703]]}}, {"type": "Feature", "id": "osm-way-1389446827", "properties": {"osm_id": 1389446827, "highway": "footway", "name": null, "foot": null, "access": null, "surface": null, "source": "OpenStreetMap contributors", "source_layer": "openstreetmap_campus_paths"}, "geometry": {"type": "LineString", "coordinates": [[127.13302319999998, 35.8435402], [127.1330121, 35.8434548]]}}, {"type": "Feature", "id": "osm-way-1389446828", "properties": {"osm_id": 1389446828, "highway": "footway", "name": null, "foot": null, "access": null, "surface": null, "source": "OpenStreetMap contributors", "source_layer": "openstreetmap_campus_paths"}, "geometry": {"type": "LineString", "coordinates": [[127.13161272321226, 35.844464623214755]]}}, {"type": "Feature", "id": "osm-way-1389446829", "properties": {"osm_id": 1389446829, "highway": "footway", "name": null, "foot": null, "access": null, "surface": null, "source": "OpenStreetMap contributors", "source_layer": "openstreetmap_campus_paths"}, "geometry": {"type": "LineString", "coordinates": [[127.1311313, 35.8441504], [127.1312359, 35.8441324], [127.13125707021617, 35.84424447762627]]}}, {"type": "Feature", "id": "osm-way-1389446830", "properties": {"osm_id": 1389446830, "highway": "service", "name": null, "foot": null, "access": null, "surface": null, "source": "OpenStreetMap contributors", "source_layer": "openstreetmap_campus_paths"}, "geometry": {"type": "LineString", "coordinates": [[127.1351466, 35.8451244], [127.13504502460324, 35.84516849454184]]}}, {"type": "Feature", "id": "osm-way-1389446831", "properties": {"osm_id": 1389446831, "highway": "service", "name": null, "foot": null, "access": null, "surface": null, "source": "OpenStreetMap contributors", "source_layer": "openstreetmap_campus_paths"}, "geometry": {"type": "LineString", "coordinates": [[127.1353215, 35.8450559], [127.1351466, 35.8451244]]}}, {"type": "Feature", "id": "osm-way-1389446832", "properties": {"osm_id": 1389446832, "highway": "footway", "name": null, "foot": null, "access": null, "surface": null, "source": "OpenStreetMap contributors", "source_layer": "openstreetmap_campus_paths"}, "geometry": {"type": "LineString", "coordinates": [[127.134066375, 35.845332075], [127.1341338, 35.8452106], [127.13425765, 35.84508205], [127.1342349, 35.84491515], [127.13443886666668, 35.84488736666667]]}}, {"type": "Feature", "id": "osm-way-1389446833", "properties": {"osm_id": 1389446833, "highway": "footway", "name": null, "foot": null, "access": null, "surface": null, "source": "OpenStreetMap contributors", "source_layer": "openstreetmap_campus_paths"}, "geometry": {"type": "LineString", "coordinates": [[127.13444860397244, 35.84618935666398], [127.134461125, 35.846090625]]}}, {"type": "Feature", "id": "osm-way-1389446834", "properties": {"osm_id": 1389446834, "highway": "footway", "name": null, "foot": null, "access": null, "surface": null, "source": "OpenStreetMap contributors", "source_layer": "openstreetmap_campus_paths"}, "geometry": {"type": "LineString", "coordinates": [[127.13447956666666, 35.845917166666666]]}}, {"type": "Feature", "id": "osm-way-1389446835", "properties": {"osm_id": 1389446835, "highway": "footway", "name": null, "foot": null, "access": null, "surface": null, "source": "OpenStreetMap contributors", "source_layer": "openstreetmap_campus_paths"}, "geometry": {"type": "LineString", "coordinates": [[127.13445130000001, 35.846875000000004], [127.1344490888889, 35.84692796666666]]}}, {"type": "Feature", "id": "osm-way-1389446836", "properties": {"osm_id": 1389446836, "highway": "service", "name": null, "foot": null, "access": null, "surface": null, "source": "OpenStreetMap contributors", "source_layer": "openstreetmap_campus_paths"}, "geometry": {"type": "LineString", "coordinates": [[127.1343736857143, 35.84711677142857], [127.13447663496852, 35.84711099360998]]}}, {"type": "Feature", "id": "osm-way-1389446837", "properties": {"osm_id": 1389446837, "highway": "footway", "name": null, "foot": null, "access": null, "surface": null, "source": "OpenStreetMap contributors", "source_layer": "openstreetmap_campus_paths"}, "geometry": {"type": "LineString", "coordinates": [[127.13449344144207, 35.85317399966584], [127.1343142, 35.8531454], [127.1336365, 35.8527724], [127.13339343333332, 35.85257443333334], [127.13331740000001, 35.8525165], [127.1312786, 35.8519832]]}}, {"type": "Feature", "id": "osm-way-1389446838", "properties": {"osm_id": 1389446838, "highway": "footway", "name": null, "foot": null, "access": null, "surface": null, "source": "OpenStreetMap contributors", "source_layer": "openstreetmap_campus_paths"}, "geometry": {"type": "LineString", "coordinates": [[127.1309094, 35.8519775], [127.1309618, 35.8519599], [127.1310891, 35.8519331], [127.1311525, 35.8519157]]}}, {"type": "Feature", "id": "osm-way-1389446839", "properties": {"osm_id": 1389446839, "highway": "footway", "name": null, "foot": null, "access": null, "surface": null, "source": "OpenStreetMap contributors", "source_layer": "openstreetmap_campus_paths"}, "geometry": {"type": "LineString", "coordinates": [[127.13129006666668, 35.851885599999996], [127.1314357, 35.8518284], [127.1320449, 35.8516487], [127.13230195, 35.8516014], [127.1325672, 35.8516311], [127.1326364, 35.8516642], [127.1328173, 35.8517624], [127.1329637, 35.8518843], [127.1330419, 35.8520356], [127.1331792, 35.8523012], [127.13321, 35.8523492], [127.1332788, 35.8524561]]}}, {"type": "Feature", "id": "osm-way-1389446840", "properties": {"osm_id": 1389446840, "highway": "tertiary", "name": "\uac74\uc9c0\uc0b0\ub85c", "foot": null, "access": null, "surface": "asphalt", "source": "OpenStreetMap contributors", "source_layer": "openstreetmap_campus_paths"}, "geometry": {"type": "LineString", "coordinates": [[127.1334191, 35.8524471], [127.1335173, 35.852561], [127.1336213, 35.8526519], [127.1337434, 35.8527469], [127.1339373, 35.8528697], [127.1342756, 35.8530594], [127.1343559, 35.8530995], [127.13449344144207, 35.85317399966584], [127.1349441, 35.8534181], [127.1351503, 35.8535315], [127.1355255, 35.8537377], [127.1358325, 35.8538857]]}}, {"type": "Feature", "id": "osm-way-1389446845", "properties": {"osm_id": 1389446845, "highway": "footway", "name": null, "foot": null, "access": null, "surface": null, "source": "OpenStreetMap contributors", "source_layer": "openstreetmap_campus_paths"}, "geometry": {"type": "LineString", "coordinates": [[127.1332788, 35.8524561], [127.13331740000001, 35.8525165], [127.13339343333332, 35.85257443333334]]}}, {"type": "Feature", "id": "osm-way-1389446846", "properties": {"osm_id": 1389446846, "highway": "cycleway", "name": null, "foot": null, "access": null, "surface": null, "source": "OpenStreetMap contributors", "source_layer": "openstreetmap_campus_paths"}, "geometry": {"type": "LineString", "coordinates": [[127.1326364, 35.8516642], [127.1325672, 35.8516311], [127.1323618, 35.8515953], [127.13230195, 35.8516014]]}}, {"type": "Feature", "id": "osm-way-1389446847", "properties": {"osm_id": 1389446847, "highway": "footway", "name": null, "foot": null, "access": null, "surface": null, "source": "OpenStreetMap contributors", "source_layer": "openstreetmap_campus_paths"}, "geometry": {"type": "LineString", "coordinates": [[127.13129006666668, 35.851885599999996], [127.1312118, 35.8518966], [127.1311525, 35.8519157]]}}, {"type": "Feature", "id": "osm-way-1389446851", "properties": {"osm_id": 1389446851, "highway": "footway", "name": null, "foot": null, "access": null, "surface": null, "source": "OpenStreetMap contributors", "source_layer": "openstreetmap_campus_paths"}, "geometry": {"type": "LineString", "coordinates": [[127.1312786, 35.8519832], [127.1311829, 35.85195926666667]]}}, {"type": "Feature", "id": "osm-way-1389446852", "properties": {"osm_id": 1389446852, "highway": "footway", "name": null, "foot": null, "access": null, "surface": null, "source": "OpenStreetMap contributors", "source_layer": "openstreetmap_campus_paths"}, "geometry": {"type": "LineString", "coordinates": [[127.1311829, 35.85195926666667], [127.1310891, 35.8519331]]}}, {"type": "Feature", "id": "osm-way-1389446853", "properties": {"osm_id": 1389446853, "highway": "footway", "name": null, "foot": null, "access": null, "surface": null, "source": "OpenStreetMap contributors", "source_layer": "openstreetmap_campus_paths"}, "geometry": {"type": "LineString", "coordinates": [[127.1314357, 35.8518284], [127.1314592, 35.8518759], [127.1318512, 35.8519916], [127.1331505, 35.8523751], [127.13321, 35.8523492]]}}, {"type": "Feature", "id": "osm-way-1389446854", "properties": {"osm_id": 1389446854, "highway": "footway", "name": null, "foot": null, "access": null, "surface": null, "source": "OpenStreetMap contributors", "source_layer": "openstreetmap_campus_paths"}, "geometry": {"type": "LineString", "coordinates": [[127.1326364, 35.8516642], [127.1325915, 35.8517408], [127.13249523333333, 35.8518034]]}}, {"type": "Feature", "id": "osm-way-1389446855", "properties": {"osm_id": 1389446855, "highway": "footway", "name": null, "foot": null, "access": null, "surface": null, "source": "OpenStreetMap contributors", "source_layer": "openstreetmap_campus_paths"}, "geometry": {"type": "LineString", "coordinates": [[127.1323192, 35.8518717], [127.13234955, 35.8518062], [127.13241310000001, 35.851781450000004], [127.13249523333333, 35.8518034], [127.13252863333334, 35.8518955], [127.13248809999999, 35.8519426], [127.1324189, 35.851957999999996], [127.13235355, 35.851935850000004], [127.1323192, 35.8518717]]}}, {"type": "Feature", "id": "osm-way-1389446856", "properties": {"osm_id": 1389446856, "highway": "footway", "name": null, "foot": null, "access": null, "surface": null, "source": "OpenStreetMap contributors", "source_layer": "openstreetmap_campus_paths"}, "geometry": {"type": "LineString", "coordinates": [[127.13252863333334, 35.8518955], [127.1326484, 35.8519385], [127.1327399, 35.8519681], [127.1328679, 35.8519879], [127.1329736, 35.8520489], [127.1330419, 35.8520356]]}}, {"type": "Feature", "id": "osm-way-1389446857", "properties": {"osm_id": 1389446857, "highway": "footway", "name": null, "foot": null, "access": null, "surface": null, "source": "OpenStreetMap contributors", "source_layer": "openstreetmap_campus_paths"}, "geometry": {"type": "LineString", "coordinates": [[127.1323192, 35.8518717], [127.1321727, 35.8518116], [127.1320894, 35.8518215], [127.1319024, 35.8518956], [127.1318512, 35.8519916]]}}, {"type": "Feature", "id": "osm-way-1394979935", "properties": {"osm_id": 1394979935, "highway": "service", "name": null, "foot": null, "access": null, "surface": null, "source": "OpenStreetMap contributors", "source_layer": "openstreetmap_campus_paths"}, "geometry": {"type": "LineString", "coordinates": [[127.1304351, 35.840274], [127.1303477, 35.8402284], [127.1302833, 35.8402786], [127.130183, 35.8403569], [127.1300159, 35.8402291], [127.1299655, 35.8401905], [127.1300231, 35.84008], [127.1300811, 35.8399687]]}}, {"type": "Feature", "id": "osm-way-1394979936", "properties": {"osm_id": 1394979936, "highway": "service", "name": null, "foot": null, "access": null, "surface": null, "source": "OpenStreetMap contributors", "source_layer": "openstreetmap_campus_paths"}, "geometry": {"type": "LineString", "coordinates": [[127.1300159, 35.8402291], [127.1300956, 35.8402169], [127.1302833, 35.8402786]]}}, {"type": "Feature", "id": "osm-way-1394979937", "properties": {"osm_id": 1394979937, "highway": "footway", "name": null, "foot": null, "access": null, "surface": null, "source": "OpenStreetMap contributors", "source_layer": "openstreetmap_campus_paths"}, "geometry": {"type": "LineString", "coordinates": [[127.1299706, 35.8394295], [127.12993363333332, 35.839525566666666], [127.12996, 35.8396289], [127.1302462, 35.8397196], [127.13039, 35.8397651], [127.1307244, 35.8398813]]}}, {"type": "Feature", "id": "osm-way-1394979938", "properties": {"osm_id": 1394979938, "highway": "footway", "name": null, "foot": null, "access": null, "surface": null, "source": "OpenStreetMap contributors", "source_layer": "openstreetmap_campus_paths"}, "geometry": {"type": "LineString", "coordinates": [[127.1307244, 35.8398813], [127.1308031, 35.8399065], [127.1308784, 35.8399316]]}}, {"type": "Feature", "id": "osm-way-1394979939", "properties": {"osm_id": 1394979939, "highway": "footway", "name": null, "foot": null, "access": null, "surface": null, "source": "OpenStreetMap contributors", "source_layer": "openstreetmap_campus_paths"}, "geometry": {"type": "LineString", "coordinates": [[127.1308784, 35.8399316], [127.131866, 35.8402169], [127.132056, 35.8402764]]}}, {"type": "Feature", "id": "osm-way-1394979940", "properties": {"osm_id": 1394979940, "highway": "footway", "name": null, "foot": null, "access": null, "surface": null, "source": "OpenStreetMap contributors", "source_layer": "openstreetmap_campus_paths"}, "geometry": {"type": "LineString", "coordinates": [[127.13169242857143, 35.84059761428571], [127.131588, 35.840557], [127.1310412, 35.8403935]]}}, {"type": "Feature", "id": "osm-way-1394979941", "properties": {"osm_id": 1394979941, "highway": "footway", "name": null, "foot": null, "access": null, "surface": null, "source": "OpenStreetMap contributors", "source_layer": "openstreetmap_campus_paths"}, "geometry": {"type": "LineString", "coordinates": [[127.1310412, 35.8403935], [127.13096186666667, 35.84037083333333]]}}, {"type": "Feature", "id": "osm-way-1394979942", "properties": {"osm_id": 1394979942, "highway": "footway", "name": null, "foot": null, "access": null, "surface": null, "source": "OpenStreetMap contributors", "source_layer": "openstreetmap_campus_paths"}, "geometry": {"type": "LineString", "coordinates": [[127.13096186666667, 35.84037083333333], [127.13047602000002, 35.84022256]]}}, {"type": "Feature", "id": "osm-way-1394979943", "properties": {"osm_id": 1394979943, "highway": "footway", "name": null, "foot": null, "access": null, "surface": null, "source": "OpenStreetMap contributors", "source_layer": "openstreetmap_campus_paths"}, "geometry": {"type": "LineString", "coordinates": [[127.13047602000002, 35.84022256]]}}, {"type": "Feature", "id": "osm-way-1394979944", "properties": {"osm_id": 1394979944, "highway": "footway", "name": null, "foot": null, "access": null, "surface": null, "source": "OpenStreetMap contributors", "source_layer": "openstreetmap_campus_paths"}, "geometry": {"type": "LineString", "coordinates": [[127.13047602000002, 35.84022256], [127.1300231, 35.84008], [127.12970871890944, 35.83998044965343], [127.1296567, 35.839940850000005], [127.1294733, 35.8399488], [127.1294093, 35.8399533], [127.1292716, 35.8399631], [127.1291725, 35.8400148], [127.1288964, 35.8402127]]}}, {"type": "Feature", "id": "osm-way-1394979945", "properties": {"osm_id": 1394979945, "highway": "footway", "name": null, "foot": null, "access": null, "surface": null, "source": "OpenStreetMap contributors", "source_layer": "openstreetmap_campus_paths"}, "geometry": {"type": "LineString", "coordinates": [[127.1288964, 35.8402127], [127.1288459, 35.8402484], [127.1287726, 35.8403002]]}}, {"type": "Feature", "id": "osm-way-1394979946", "properties": {"osm_id": 1394979946, "highway": "footway", "name": null, "foot": null, "access": null, "surface": null, "source": "OpenStreetMap contributors", "source_layer": "openstreetmap_campus_paths"}, "geometry": {"type": "LineString", "coordinates": [[127.1287726, 35.8403002], [127.1285142, 35.8404838]]}}, {"type": "Feature", "id": "osm-way-1394979947", "properties": {"osm_id": 1394979947, "highway": "footway", "name": null, "foot": null, "access": null, "surface": null, "source": "OpenStreetMap contributors", "source_layer": "openstreetmap_campus_paths"}, "geometry": {"type": "LineString", "coordinates": [[127.1285142, 35.8404838], [127.1284452, 35.8405298]]}}, {"type": "Feature", "id": "osm-way-1394979948", "properties": {"osm_id": 1394979948, "highway": "footway", "name": null, "foot": null, "access": null, "surface": null, "source": "OpenStreetMap contributors", "source_layer": "openstreetmap_campus_paths"}, "geometry": {"type": "LineString", "coordinates": [[127.1284452, 35.8405298], [127.12787782000001, 35.840947320000005]]}}, {"type": "Feature", "id": "osm-way-1394979949", "properties": {"osm_id": 1394979949, "highway": "footway", "name": null, "foot": null, "access": null, "surface": null, "source": "OpenStreetMap contributors", "source_layer": "openstreetmap_campus_paths"}, "geometry": {"type": "LineString", "coordinates": [[127.12787782000001, 35.840947320000005]]}}, {"type": "Feature", "id": "osm-way-1394979950", "properties": {"osm_id": 1394979950, "highway": "footway", "name": null, "foot": null, "access": null, "surface": null, "source": "OpenStreetMap contributors", "source_layer": "openstreetmap_campus_paths"}, "geometry": {"type": "LineString", "coordinates": [[127.12787782000001, 35.840947320000005], [127.1275152, 35.8412112], [127.1274347, 35.84127]]}}, {"type": "Feature", "id": "osm-way-1394979951", "properties": {"osm_id": 1394979951, "highway": "footway", "name": null, "foot": null, "access": null, "surface": null, "source": "OpenStreetMap contributors", "source_layer": "openstreetmap_campus_paths"}, "geometry": {"type": "LineString", "coordinates": [[127.1274347, 35.84127], [127.1273728, 35.8413116]]}}, {"type": "Feature", "id": "osm-way-1394979952", "properties": {"osm_id": 1394979952, "highway": "footway", "name": null, "foot": null, "access": null, "surface": null, "source": "OpenStreetMap contributors", "source_layer": "openstreetmap_campus_paths"}, "geometry": {"type": "LineString", "coordinates": [[127.1273728, 35.8413116], [127.1270088, 35.8415693]]}}, {"type": "Feature", "id": "osm-way-1394979953", "properties": {"osm_id": 1394979953, "highway": "footway", "name": null, "foot": null, "access": null, "surface": null, "source": "OpenStreetMap contributors", "source_layer": "openstreetmap_campus_paths"}, "geometry": {"type": "LineString", "coordinates": [[127.12681022000001, 35.84172876], [127.1270088, 35.8415693]]}}, {"type": "Feature", "id": "osm-way-1394979954", "properties": {"osm_id": 1394979954, "highway": "footway", "name": null, "foot": null, "access": null, "surface": null, "source": "OpenStreetMap contributors", "source_layer": "openstreetmap_campus_paths"}, "geometry": {"type": "LineString", "coordinates": [[127.12681022000001, 35.84172876]]}}, {"type": "Feature", "id": "osm-way-1394979955", "properties": {"osm_id": 1394979955, "highway": "footway", "name": null, "foot": null, "access": null, "surface": null, "source": "OpenStreetMap contributors", "source_layer": "openstreetmap_campus_paths"}, "geometry": {"type": "LineString", "coordinates": [[127.1275152, 35.8412112], [127.1274273, 35.8411363], [127.1273299, 35.8410533], [127.1272486, 35.840984]]}}, {"type": "Feature", "id": "osm-way-1394979956", "properties": {"osm_id": 1394979956, "highway": "footway", "name": null, "foot": null, "access": null, "surface": null, "source": "OpenStreetMap contributors", "source_layer": "openstreetmap_campus_paths"}, "geometry": {"type": "LineString", "coordinates": [[127.1294028, 35.8398958], [127.1294093, 35.8399533]]}}, {"type": "Feature", "id": "osm-way-1394979957", "properties": {"osm_id": 1394979957, "highway": "footway", "name": null, "foot": null, "access": null, "surface": null, "source": "OpenStreetMap contributors", "source_layer": "openstreetmap_campus_paths"}, "geometry": {"type": "LineString", "coordinates": [[127.12993363333332, 35.839525566666666], [127.12984765, 35.8395614]]}}, {"type": "Feature", "id": "osm-way-1394979958", "properties": {"osm_id": 1394979958, "highway": "footway", "name": null, "foot": null, "access": null, "surface": null, "source": "OpenStreetMap contributors", "source_layer": "openstreetmap_campus_paths"}, "geometry": {"type": "LineString", "coordinates": [[127.12900646666667, 35.839634499999995], [127.1289183, 35.8396369]]}}, {"type": "Feature", "id": "osm-way-1394979959", "properties": {"osm_id": 1394979959, "highway": "footway", "name": null, "foot": null, "access": null, "surface": null, "source": "OpenStreetMap contributors", "source_layer": "openstreetmap_campus_paths"}, "geometry": {"type": "LineString", "coordinates": [[127.1294156, 35.839371], [127.1294208, 35.8393026]]}}, {"type": "Feature", "id": "osm-way-1394979960", "properties": {"osm_id": 1394979960, "highway": "footway", "name": null, "foot": null, "access": null, "surface": null, "source": "OpenStreetMap contributors", "source_layer": "openstreetmap_campus_paths"}, "geometry": {"type": "LineString", "coordinates": [[127.1296978, 35.8395979], [127.129734925, 35.839549375], [127.12984765, 35.8395614]]}}, {"type": "Feature", "id": "osm-way-1394979961", "properties": {"osm_id": 1394979961, "highway": "footway", "name": null, "foot": null, "access": null, "surface": null, "source": "OpenStreetMap contributors", "source_layer": "openstreetmap_campus_paths"}, "geometry": {"type": "LineString", "coordinates": [[127.129734925, 35.839549375]]}}, {"type": "Feature", "id": "osm-way-1394979962", "properties": {"osm_id": 1394979962, "highway": "footway", "name": null, "foot": null, "access": null, "surface": null, "source": "OpenStreetMap contributors", "source_layer": "openstreetmap_campus_paths"}, "geometry": {"type": "LineString", "coordinates": [[127.1299706, 35.8394295], [127.1303383, 35.8391543], [127.1308001688044, 35.8386946894906]]}}, {"type": "Feature", "id": "osm-way-1394979963", "properties": {"osm_id": 1394979963, "highway": "footway", "name": null, "foot": null, "access": null, "surface": null, "source": "OpenStreetMap contributors", "source_layer": "openstreetmap_campus_paths"}, "geometry": {"type": "LineString", "coordinates": [[127.1294156, 35.839371], [127.1294879, 35.8394246]]}}, {"type": "Feature", "id": "osm-way-1394979964", "properties": {"osm_id": 1394979964, "highway": "footway", "name": null, "foot": null, "access": null, "surface": null, "source": "OpenStreetMap contributors", "source_layer": "openstreetmap_campus_paths"}, "geometry": {"type": "LineString", "coordinates": [[127.1294156, 35.839371], [127.12938335, 35.83944765]]}}, {"type": "Feature", "id": "osm-way-1394979965", "properties": {"osm_id": 1394979965, "highway": "footway", "name": null, "foot": null, "access": null, "surface": null, "source": "OpenStreetMap contributors", "source_layer": "openstreetmap_campus_paths"}, "geometry": {"type": "LineString", "coordinates": [[127.12914685, 35.839627300000004], [127.1291032, 35.839675575], [127.12900646666667, 35.839634499999995]]}}, {"type": "Feature", "id": "osm-way-1394979966", "properties": {"osm_id": 1394979966, "highway": "footway", "name": null, "foot": null, "access": null, "surface": null, "source": "OpenStreetMap contributors", "source_layer": "openstreetmap_campus_paths"}, "geometry": {"type": "LineString", "coordinates": [[127.1291032, 35.839675575]]}}, {"type": "Feature", "id": "osm-way-1394979967", "properties": {"osm_id": 1394979967, "highway": "footway", "name": null, "foot": null, "access": null, "surface": null, "source": "OpenStreetMap contributors", "source_layer": "openstreetmap_campus_paths"}, "geometry": {"type": "LineString", "coordinates": [[127.1293379, 35.839811499999996], [127.129389, 35.8398506], [127.1294028, 35.8398958]]}}, {"type": "Feature", "id": "osm-way-1394979968", "properties": {"osm_id": 1394979968, "highway": "footway", "name": null, "foot": null, "access": null, "surface": null, "source": "OpenStreetMap contributors", "source_layer": "openstreetmap_campus_paths"}, "geometry": {"type": "LineString", "coordinates": [[127.12942665, 35.83980605], [127.129389, 35.8398506]]}}, {"type": "Feature", "id": "osm-way-1394979969", "properties": {"osm_id": 1394979969, "highway": "footway", "name": null, "foot": null, "access": null, "surface": null, "source": "OpenStreetMap contributors", "source_layer": "openstreetmap_campus_paths"}, "geometry": {"type": "LineString", "coordinates": [[127.12942665, 35.83980605], [127.1294932, 35.83974636666667], [127.12962233333333, 35.8396641], [127.1296978, 35.8395979]]}}, {"type": "Feature", "id": "osm-way-1394979970", "properties": {"osm_id": 1394979970, "highway": "footway", "name": null, "foot": null, "access": null, "surface": null, "source": "OpenStreetMap contributors", "source_layer": "openstreetmap_campus_paths"}, "geometry": {"type": "LineString", "coordinates": [[127.12938335, 35.83944765], [127.12930386666666, 35.8394643], [127.12920673333333, 35.83957766666666], [127.12914685, 35.839627300000004]]}}, {"type": "Feature", "id": "osm-way-1394979971", "properties": {"osm_id": 1394979971, "highway": "footway", "name": null, "foot": null, "access": null, "surface": null, "source": "OpenStreetMap contributors", "source_layer": "openstreetmap_campus_paths"}, "geometry": {"type": "LineString", "coordinates": [[127.1294879, 35.8394246], [127.1295669, 35.8394531], [127.1296316, 35.83951903333334], [127.129734925, 35.839549375]]}}, {"type": "Feature", "id": "osm-way-1394979972", "properties": {"osm_id": 1394979972, "highway": "footway", "name": null, "foot": null, "access": null, "surface": null, "source": "OpenStreetMap contributors", "source_layer": "openstreetmap_campus_paths"}, "geometry": {"type": "LineString", "coordinates": [[127.1293379, 35.839811499999996], [127.12927603333333, 35.83977796666667], [127.12920503333333, 35.83971783333333], [127.1291032, 35.839675575]]}}, {"type": "Feature", "id": "osm-way-1394979973", "properties": {"osm_id": 1394979973, "highway": "cycleway", "name": null, "foot": null, "access": null, "surface": null, "source": "OpenStreetMap contributors", "source_layer": "openstreetmap_campus_paths"}, "geometry": {"type": "LineString", "coordinates": [[127.1293379, 35.839811499999996], [127.12927603333333, 35.83977796666667], [127.12920503333333, 35.83971783333333], [127.1291462, 35.8396666], [127.1291032, 35.839675575]]}}, {"type": "Feature", "id": "osm-way-1394979974", "properties": {"osm_id": 1394979974, "highway": "cycleway", "name": null, "foot": null, "access": null, "surface": null, "source": "OpenStreetMap contributors", "source_layer": "openstreetmap_campus_paths"}, "geometry": {"type": "LineString", "coordinates": [[127.12914685, 35.839627300000004], [127.12920673333333, 35.83957766666666], [127.1293505, 35.8394974], [127.12938335, 35.83944765]]}}, {"type": "Feature", "id": "osm-way-1394979975", "properties": {"osm_id": 1394979975, "highway": "cycleway", "name": null, "foot": null, "access": null, "surface": null, "source": "OpenStreetMap contributors", "source_layer": "openstreetmap_campus_paths"}, "geometry": {"type": "LineString", "coordinates": [[127.1294879, 35.8394246], [127.12952899999999, 35.8394808], [127.1296316, 35.83951903333334], [127.1296728, 35.8395616], [127.129734925, 35.839549375]]}}, {"type": "Feature", "id": "osm-way-1394979976", "properties": {"osm_id": 1394979976, "highway": "cycleway", "name": null, "foot": null, "access": null, "surface": null, "source": "OpenStreetMap contributors", "source_layer": "openstreetmap_campus_paths"}, "geometry": {"type": "LineString", "coordinates": [[127.1296978, 35.8395979], [127.12962233333333, 35.8396641], [127.1294932, 35.83974636666667], [127.12942665, 35.83980605]]}}, {"type": "Feature", "id": "osm-way-1394979977", "properties": {"osm_id": 1394979977, "highway": "footway", "name": null, "foot": null, "access": null, "surface": null, "source": "OpenStreetMap contributors", "source_layer": "openstreetmap_campus_paths"}, "geometry": {"type": "LineString", "coordinates": [[127.1301765578534, 35.83889995263138], [127.1301296, 35.8389325], [127.1296742, 35.8392732], [127.1295108, 35.8392921], [127.1294208, 35.8393026], [127.1292259, 35.8392372], [127.1291559, 35.8391823]]}}, {"type": "Feature", "id": "osm-way-1394979978", "properties": {"osm_id": 1394979978, "highway": "footway", "name": null, "foot": null, "access": null, "surface": null, "source": "OpenStreetMap contributors", "source_layer": "openstreetmap_campus_paths"}, "geometry": {"type": "LineString", "coordinates": [[127.1291559, 35.8391823], [127.12913483333334, 35.839139366666664], [127.1290648, 35.8391085]]}}, {"type": "Feature", "id": "osm-way-1394979979", "properties": {"osm_id": 1394979979, "highway": "footway", "name": null, "foot": null, "access": null, "surface": null, "source": "OpenStreetMap contributors", "source_layer": "openstreetmap_campus_paths"}, "geometry": {"type": "LineString", "coordinates": [[127.1290648, 35.8391085], [127.12841224327289, 35.83879510236206]]}}, {"type": "Feature", "id": "osm-way-1394980011", "properties": {"osm_id": 1394980011, "highway": "footway", "name": null, "foot": null, "access": null, "surface": null, "source": "OpenStreetMap contributors", "source_layer": "openstreetmap_campus_paths"}, "geometry": {"type": "LineString", "coordinates": [[127.12815621058512, 35.838914467124965], [127.1281173, 35.8389478], [127.1287587, 35.8394173], [127.1288084, 35.8394537], [127.1288999, 35.8395493], [127.1289183, 35.8396369], [127.12887975000001, 35.839843900000005], [127.1284141, 35.8401491], [127.12742945, 35.84081865]]}}, {"type": "Feature", "id": "osm-way-1394980012", "properties": {"osm_id": 1394980012, "highway": "footway", "name": null, "foot": null, "access": null, "surface": null, "source": "OpenStreetMap contributors", "source_layer": "openstreetmap_campus_paths"}, "geometry": {"type": "LineString", "coordinates": [[127.12742945, 35.84081865], [127.1273663, 35.8408952], [127.1273249, 35.8409254]]}}, {"type": "Feature", "id": "osm-way-1394980013", "properties": {"osm_id": 1394980013, "highway": "footway", "name": null, "foot": null, "access": null, "surface": null, "source": "OpenStreetMap contributors", "source_layer": "openstreetmap_campus_paths"}, "geometry": {"type": "LineString", "coordinates": [[127.1272486, 35.840984], [127.12663175, 35.84141905]]}}, {"type": "Feature", "id": "osm-way-1394980014", "properties": {"osm_id": 1394980014, "highway": "footway", "name": null, "foot": null, "access": null, "surface": null, "source": "OpenStreetMap contributors", "source_layer": "openstreetmap_campus_paths"}, "geometry": {"type": "LineString", "coordinates": [[127.12663175, 35.84141905], [127.1265659, 35.8414969], [127.1264789, 35.8415613]]}}, {"type": "Feature", "id": "osm-way-1394980015", "properties": {"osm_id": 1394980015, "highway": "footway", "name": null, "foot": null, "access": null, "surface": null, "source": "OpenStreetMap contributors", "source_layer": "openstreetmap_campus_paths"}, "geometry": {"type": "LineString", "coordinates": [[127.1264789, 35.8415613], [127.12639096666668, 35.841650699999995], [127.1260484, 35.8419284], [127.1259911, 35.8419683], [127.1255642, 35.8422698], [127.1250316, 35.8426719]]}}, {"type": "Feature", "id": "osm-way-1394980016", "properties": {"osm_id": 1394980016, "highway": "footway", "name": null, "foot": null, "access": null, "surface": null, "source": "OpenStreetMap contributors", "source_layer": "openstreetmap_campus_paths"}, "geometry": {"type": "LineString", "coordinates": [[127.1250316, 35.8426719], [127.1249454, 35.8427373], [127.1249036, 35.8427691]]}}, {"type": "Feature", "id": "osm-way-1394980017", "properties": {"osm_id": 1394980017, "highway": "footway", "name": null, "foot": null, "access": null, "surface": null, "source": "OpenStreetMap contributors", "source_layer": "openstreetmap_campus_paths"}, "geometry": {"type": "LineString", "coordinates": [[127.1260484, 35.8419284]]}}, {"type": "Feature", "id": "osm-way-1394980018", "properties": {"osm_id": 1394980018, "highway": "footway", "name": null, "foot": null, "access": null, "surface": null, "source": "OpenStreetMap contributors", "source_layer": "openstreetmap_campus_paths"}, "geometry": {"type": "LineString", "coordinates": [[127.12639096666668, 35.841650699999995]]}}, {"type": "Feature", "id": "osm-way-1394980020", "properties": {"osm_id": 1394980020, "highway": "cycleway", "name": null, "foot": null, "access": null, "surface": null, "source": "OpenStreetMap contributors", "source_layer": "openstreetmap_campus_paths"}, "geometry": {"type": "LineString", "coordinates": [[127.1287587, 35.8394173], [127.1287521, 35.8393716], [127.12815621058512, 35.838914467124965], [127.1281173, 35.8389478]]}}, {"type": "Feature", "id": "osm-way-1394980051", "properties": {"osm_id": 1394980051, "highway": "service", "name": null, "foot": null, "access": null, "surface": null, "source": "OpenStreetMap contributors", "source_layer": "openstreetmap_campus_paths"}, "geometry": {"type": "LineString", "coordinates": [[127.1301766, 35.8398444], [127.1302462, 35.8397196], [127.1302865, 35.8396473]]}}, {"type": "Feature", "id": "osm-way-1394980052", "properties": {"osm_id": 1394980052, "highway": "service", "name": null, "foot": null, "access": null, "surface": null, "source": "OpenStreetMap contributors", "source_layer": "openstreetmap_campus_paths"}, "geometry": {"type": "LineString", "coordinates": [[127.1302865, 35.8396473], [127.1301021, 35.8395129], [127.1303939, 35.8392024], [127.1303383, 35.8391543], [127.1302561, 35.8390831]]}}, {"type": "Feature", "id": "osm-way-1394980053", "properties": {"osm_id": 1394980053, "highway": "service", "name": null, "foot": null, "access": null, "surface": null, "source": "OpenStreetMap contributors", "source_layer": "openstreetmap_campus_paths"}, "geometry": {"type": "LineString", "coordinates": [[127.1302865, 35.8396473], [127.130541, 35.8397457], [127.13068983333334, 35.8395994], [127.1307605, 35.8395981], [127.130834, 35.8396726], [127.1307815, 35.8398195]]}}, {"type": "Feature", "id": "osm-way-1394980054", "properties": {"osm_id": 1394980054, "highway": "service", "name": null, "foot": null, "access": null, "surface": null, "source": "OpenStreetMap contributors", "source_layer": "openstreetmap_campus_paths"}, "geometry": {"type": "LineString", "coordinates": [[127.130541, 35.8397457], [127.1307815, 35.8398195], [127.1308591, 35.8398634]]}}, {"type": "Feature", "id": "osm-way-1394980055", "properties": {"osm_id": 1394980055, "highway": "service", "name": null, "foot": null, "access": null, "surface": null, "source": "OpenStreetMap contributors", "source_layer": "openstreetmap_campus_paths"}, "geometry": {"type": "LineString", "coordinates": [[127.130834, 35.8396726], [127.1309053, 35.8396378], [127.130952, 35.8395829], [127.1308025, 35.8394709]]}}, {"type": "Feature", "id": "osm-way-1394980056", "properties": {"osm_id": 1394980056, "highway": "service", "name": null, "foot": null, "access": null, "surface": null, "source": "OpenStreetMap contributors", "source_layer": "openstreetmap_campus_paths"}, "geometry": {"type": "LineString", "coordinates": [[127.1308025, 35.8394709], [127.13068983333334, 35.8395994]]}}, {"type": "Feature", "id": "osm-way-1394980057", "properties": {"osm_id": 1394980057, "highway": "service", "name": null, "foot": null, "access": null, "surface": null, "source": "OpenStreetMap contributors", "source_layer": "openstreetmap_campus_paths"}, "geometry": {"type": "LineString", "coordinates": [[127.129783, 35.8398746], [127.12970871890944, 35.83998044965343]]}}, {"type": "Feature", "id": "osm-way-1394980058", "properties": {"osm_id": 1394980058, "highway": "service", "name": null, "foot": null, "access": null, "surface": null, "source": "OpenStreetMap contributors", "source_layer": "openstreetmap_campus_paths"}, "geometry": {"type": "LineString", "coordinates": [[127.131087, 35.8402772], [127.13096186666667, 35.84037083333333], [127.1306251, 35.8407243]]}}, {"type": "Feature", "id": "osm-way-1394980059", "properties": {"osm_id": 1394980059, "highway": "path", "name": null, "foot": null, "access": null, "surface": null, "source": "OpenStreetMap contributors", "source_layer": "openstreetmap_campus_paths"}, "geometry": {"type": "LineString", "coordinates": [[127.1354922, 35.8435471], [127.1356574, 35.8436842], [127.1358186, 35.8438438], [127.1359701, 35.843922], [127.1361661, 35.8439878], [127.13623806666668, 35.84412786666667]]}}, {"type": "Feature", "id": "osm-way-1394980060", "properties": {"osm_id": 1394980060, "highway": "footway", "name": null, "foot": null, "access": null, "surface": null, "source": "OpenStreetMap contributors", "source_layer": "openstreetmap_campus_paths"}, "geometry": {"type": "LineString", "coordinates": [[127.1322811, 35.8403511], [127.13271422149485, 35.84062094643696]]}}, {"type": "Feature", "id": "osm-way-1395426122", "properties": {"osm_id": 1395426122, "highway": "tertiary", "name": "\uc870\uacbd\ub2e8\ub85c", "foot": null, "access": null, "surface": null, "source": "OpenStreetMap contributors", "source_layer": "openstreetmap_campus_paths"}, "geometry": {"type": "LineString", "coordinates": [[127.1386988, 35.8408239], [127.138546, 35.8403536], [127.1382303, 35.8393185], [127.1381864, 35.8391743], [127.1379733, 35.8385293], [127.1378875, 35.8382695], [127.1375326, 35.8373098], [127.137243, 35.8368252], [127.1365526, 35.8358386], [127.1363674, 35.8355739], [127.1362222, 35.8353739], [127.1360432, 35.8351275], [127.1359538, 35.8350045], [127.1359027, 35.8349341], [127.1358314, 35.8348613]]}}, {"type": "Feature", "id": "osm-way-1395426123", "properties": {"osm_id": 1395426123, "highway": "tertiary_link", "name": null, "foot": null, "access": null, "surface": null, "source": "OpenStreetMap contributors", "source_layer": "openstreetmap_campus_paths"}, "geometry": {"type": "LineString", "coordinates": [[127.1387334, 35.843382], [127.138859, 35.8433342]]}}, {"type": "Feature", "id": "osm-way-1395426124", "properties": {"osm_id": 1395426124, "highway": "living_street", "name": "\uae08\uc5545\uae38", "foot": null, "access": null, "surface": null, "source": "OpenStreetMap contributors", "source_layer": "openstreetmap_campus_paths"}, "geometry": {"type": "LineString", "coordinates": [[127.134317, 35.8394381], [127.1341687, 35.8395691]]}}, {"type": "Feature", "id": "osm-way-1395426125", "properties": {"osm_id": 1395426125, "highway": "residential", "name": "\uae08\uc5545\uae38", "foot": null, "access": null, "surface": null, "source": "OpenStreetMap contributors", "source_layer": "openstreetmap_campus_paths"}, "geometry": {"type": "LineString", "coordinates": [[127.1350997, 35.8403261], [127.1352801, 35.8399291], [127.1355523, 35.8394035]]}}, {"type": "Feature", "id": "osm-way-1395426126", "properties": {"osm_id": 1395426126, "highway": "living_street", "name": "\uae08\uc5545\uae38", "foot": null, "access": null, "surface": null, "source": "OpenStreetMap contributors", "source_layer": "openstreetmap_campus_paths"}, "geometry": {"type": "LineString", "coordinates": [[127.1355523, 35.8394035], [127.1346912, 35.8394233], [127.134317, 35.8394381]]}}, {"type": "Feature", "id": "osm-way-1395426127", "properties": {"osm_id": 1395426127, "highway": "tertiary", "name": "\uc870\uacbd\ub2e8\ub85c", "foot": null, "access": null, "surface": "asphalt", "source": "OpenStreetMap contributors", "source_layer": "openstreetmap_campus_paths"}, "geometry": {"type": "LineString", "coordinates": [[127.138142, 35.8446842], [127.1382082, 35.8445361], [127.1382782, 35.8443798], [127.1385235, 35.8438381], [127.1385554, 35.8437754], [127.1387334, 35.843382], [127.1387679, 35.8433056], [127.1388477, 35.8431391], [127.1388891, 35.8430528], [127.1389253, 35.842908800000004], [127.1389738, 35.8428443], [127.1389627, 35.84278346666667], [127.139049, 35.8426593], [127.1390791, 35.8425382], [127.13906893333335, 35.84241193333333], [127.1391087, 35.8422654], [127.1390972, 35.8421605], [127.1390853, 35.8420515], [127.1390454, 35.8419228], [127.1388808, 35.8413914], [127.1388376, 35.8412302], [127.1387378, 35.8409437], [127.1386988, 35.8408239]]}}, {"type": "Feature", "id": "osm-way-1395426128", "properties": {"osm_id": 1395426128, "highway": "footway", "name": null, "foot": null, "access": null, "surface": null, "source": "OpenStreetMap contributors", "source_layer": "openstreetmap_campus_paths"}, "geometry": {"type": "LineString", "coordinates": [[127.13869512000001, 35.84329032]]}}, {"type": "Feature", "id": "osm-way-1395426129", "properties": {"osm_id": 1395426129, "highway": "footway", "name": null, "foot": null, "access": null, "surface": null, "source": "OpenStreetMap contributors", "source_layer": "openstreetmap_campus_paths"}, "geometry": {"type": "LineString", "coordinates": [[127.1384482, 35.8438077], [127.1384753, 35.8437451]]}}, {"type": "Feature", "id": "osm-way-1395426130", "properties": {"osm_id": 1395426130, "highway": "footway", "name": null, "foot": null, "access": null, "surface": null, "source": "OpenStreetMap contributors", "source_layer": "openstreetmap_campus_paths"}, "geometry": {"type": "LineString", "coordinates": [[127.1386748, 35.8438686], [127.1387125, 35.8438249], [127.1387088, 35.8437789]]}}, {"type": "Feature", "id": "osm-way-1395426131", "properties": {"osm_id": 1395426131, "highway": "footway", "name": null, "foot": null, "access": null, "surface": null, "source": "OpenStreetMap contributors", "source_layer": "openstreetmap_campus_paths"}, "geometry": {"type": "LineString", "coordinates": [[127.1388966, 35.8434049], [127.1389319, 35.8433633], [127.1389449, 35.8433071]]}}, {"type": "Feature", "id": "osm-way-1395426132", "properties": {"osm_id": 1395426132, "highway": "footway", "name": null, "foot": null, "access": null, "surface": null, "source": "OpenStreetMap contributors", "source_layer": "openstreetmap_campus_paths"}, "geometry": {"type": "LineString", "coordinates": [[127.13886756666666, 35.842751566666664], [127.1387634, 35.8427982]]}}, {"type": "Feature", "id": "osm-way-1395426133", "properties": {"osm_id": 1395426133, "highway": "footway", "name": null, "foot": null, "access": null, "surface": null, "source": "OpenStreetMap contributors", "source_layer": "openstreetmap_campus_paths"}, "geometry": {"type": "LineString", "coordinates": [[127.1389744, 35.842346], [127.13894203333332, 35.84232876666667], [127.1389234, 35.8422786]]}}, {"type": "Feature", "id": "osm-way-1395426134", "properties": {"osm_id": 1395426134, "highway": "footway", "name": null, "foot": null, "access": null, "surface": null, "source": "OpenStreetMap contributors", "source_layer": "openstreetmap_campus_paths"}, "geometry": {"type": "LineString", "coordinates": [[127.13934503333333, 35.8424682], [127.139425, 35.842433]]}}, {"type": "Feature", "id": "osm-way-1395426135", "properties": {"osm_id": 1395426135, "highway": "footway", "name": null, "foot": null, "access": null, "surface": null, "source": "OpenStreetMap contributors", "source_layer": "openstreetmap_campus_paths"}, "geometry": {"type": "LineString", "coordinates": [[127.13924670000002, 35.8428897]]}}, {"type": "Feature", "id": "osm-way-1395426136", "properties": {"osm_id": 1395426136, "highway": "footway", "name": null, "foot": null, "access": null, "surface": null, "source": "OpenStreetMap contributors", "source_layer": "openstreetmap_campus_paths"}, "geometry": {"type": "LineString", "coordinates": [[127.13930026666667, 35.84250023333333], [127.1393074, 35.8426033], [127.1392573, 35.8427191], [127.1392413, 35.8427735]]}}, {"type": "Feature", "id": "osm-way-1395426137", "properties": {"osm_id": 1395426137, "highway": "footway", "name": null, "foot": null, "access": null, "surface": null, "source": "OpenStreetMap contributors", "source_layer": "openstreetmap_campus_paths"}, "geometry": {"type": "LineString", "coordinates": [[127.13912413333334, 35.84281753333333], [127.1389627, 35.84278346666667]]}}, {"type": "Feature", "id": "osm-way-1395426138", "properties": {"osm_id": 1395426138, "highway": "footway", "name": null, "foot": null, "access": null, "surface": null, "source": "OpenStreetMap contributors", "source_layer": "openstreetmap_campus_paths"}, "geometry": {"type": "LineString", "coordinates": [[127.1388953, 35.8426843], [127.1389227, 35.8426176], [127.1389698, 35.8425031], [127.13900883333334, 35.842408166666665]]}}, {"type": "Feature", "id": "osm-way-1395426139", "properties": {"osm_id": 1395426139, "highway": "footway", "name": null, "foot": null, "access": null, "surface": null, "source": "OpenStreetMap contributors", "source_layer": "openstreetmap_campus_paths"}, "geometry": {"type": "LineString", "coordinates": [[127.13906893333335, 35.84241193333333], [127.1392064, 35.8424452], [127.13926, 35.8424582]]}}, {"type": "Feature", "id": "osm-way-1395426140", "properties": {"osm_id": 1395426140, "highway": "footway", "name": null, "foot": null, "access": null, "surface": null, "source": "OpenStreetMap contributors", "source_layer": "openstreetmap_campus_paths"}, "geometry": {"type": "LineString", "coordinates": [[127.13906893333335, 35.84241193333333], [127.13900883333334, 35.842408166666665], [127.1389744, 35.842346]]}}, {"type": "Feature", "id": "osm-way-1395426141", "properties": {"osm_id": 1395426141, "highway": "footway", "name": null, "foot": null, "access": null, "surface": null, "source": "OpenStreetMap contributors", "source_layer": "openstreetmap_campus_paths"}, "geometry": {"type": "LineString", "coordinates": [[127.13900883333334, 35.842408166666665]]}}, {"type": "Feature", "id": "osm-way-1395426142", "properties": {"osm_id": 1395426142, "highway": "footway", "name": null, "foot": null, "access": null, "surface": null, "source": "OpenStreetMap contributors", "source_layer": "openstreetmap_campus_paths"}, "geometry": {"type": "LineString", "coordinates": [[127.1389627, 35.84278346666667], [127.1389167, 35.8427387], [127.1388953, 35.8426843]]}}, {"type": "Feature", "id": "osm-way-1395426143", "properties": {"osm_id": 1395426143, "highway": "footway", "name": null, "foot": null, "access": null, "surface": null, "source": "OpenStreetMap contributors", "source_layer": "openstreetmap_campus_paths"}, "geometry": {"type": "LineString", "coordinates": [[127.1389167, 35.8427387], [127.13886756666666, 35.842751566666664]]}}, {"type": "Feature", "id": "osm-way-1395426144", "properties": {"osm_id": 1395426144, "highway": "footway", "name": null, "foot": null, "access": null, "surface": null, "source": "OpenStreetMap contributors", "source_layer": "openstreetmap_campus_paths"}, "geometry": {"type": "LineString", "coordinates": [[127.13912413333334, 35.84281753333333], [127.1391984, 35.8428322], [127.13924670000002, 35.8428897]]}}, {"type": "Feature", "id": "osm-way-1395426145", "properties": {"osm_id": 1395426145, "highway": "footway", "name": null, "foot": null, "access": null, "surface": null, "source": "OpenStreetMap contributors", "source_layer": "openstreetmap_campus_paths"}, "geometry": {"type": "LineString", "coordinates": [[127.1391984, 35.8428322], [127.1392413, 35.8427735]]}}, {"type": "Feature", "id": "osm-way-1395426146", "properties": {"osm_id": 1395426146, "highway": "footway", "name": null, "foot": null, "access": null, "surface": null, "source": "OpenStreetMap contributors", "source_layer": "openstreetmap_campus_paths"}, "geometry": {"type": "LineString", "coordinates": [[127.13930026666667, 35.84250023333333], [127.13926, 35.8424582]]}}, {"type": "Feature", "id": "osm-way-1395426147", "properties": {"osm_id": 1395426147, "highway": "footway", "name": null, "foot": null, "access": null, "surface": null, "source": "OpenStreetMap contributors", "source_layer": "openstreetmap_campus_paths"}, "geometry": {"type": "LineString", "coordinates": [[127.13930026666667, 35.84250023333333], [127.13934503333333, 35.8424682]]}}, {"type": "Feature", "id": "osm-way-1395426148", "properties": {"osm_id": 1395426148, "highway": "footway", "name": null, "foot": null, "access": null, "surface": null, "source": "OpenStreetMap contributors", "source_layer": "openstreetmap_campus_paths"}, "geometry": {"type": "LineString", "coordinates": [[127.13903885541312, 35.841662458227944], [127.1392761, 35.8421495], [127.1393915, 35.8423734], [127.139425, 35.842433], [127.1395336, 35.8425213]]}}, {"type": "Feature", "id": "osm-way-1395426149", "properties": {"osm_id": 1395426149, "highway": "footway", "name": null, "foot": null, "access": null, "surface": null, "source": "OpenStreetMap contributors", "source_layer": "openstreetmap_campus_paths"}, "geometry": {"type": "LineString", "coordinates": [[127.140159822767, 35.84312010587645], [127.1393861, 35.8428909], [127.13924670000002, 35.8428897], [127.1390777, 35.8430213], [127.1389449, 35.8433071]]}}, {"type": "Feature", "id": "osm-way-1395426150", "properties": {"osm_id": 1395426150, "highway": "footway", "name": null, "foot": null, "access": null, "surface": null, "source": "OpenStreetMap contributors", "source_layer": "openstreetmap_campus_paths"}, "geometry": {"type": "LineString", "coordinates": [[127.1388966, 35.8434049], [127.1387088, 35.8437789]]}}, {"type": "Feature", "id": "osm-way-1395426151", "properties": {"osm_id": 1395426151, "highway": "footway", "name": null, "foot": null, "access": null, "surface": null, "source": "OpenStreetMap contributors", "source_layer": "openstreetmap_campus_paths"}, "geometry": {"type": "LineString", "coordinates": [[127.1384753, 35.8437451], [127.13869512000001, 35.84329032]]}}, {"type": "Feature", "id": "osm-way-1395426152", "properties": {"osm_id": 1395426152, "highway": "footway", "name": null, "foot": null, "access": null, "surface": null, "source": "OpenStreetMap contributors", "source_layer": "openstreetmap_campus_paths"}, "geometry": {"type": "LineString", "coordinates": [[127.13885993200635, 35.84145360707981], [127.1389951, 35.8420468], [127.1389118, 35.8421803], [127.13886, 35.8422071], [127.1387207, 35.8422791], [127.1381957777224, 35.84212462939362]]}}, {"type": "Feature", "id": "osm-way-1395426153", "properties": {"osm_id": 1395426153, "highway": "footway", "name": null, "foot": null, "access": null, "surface": null, "source": "OpenStreetMap contributors", "source_layer": "openstreetmap_campus_paths"}, "geometry": {"type": "LineString", "coordinates": [[127.1389234, 35.8422786], [127.13886, 35.8422071]]}}, {"type": "Feature", "id": "osm-way-1395426154", "properties": {"osm_id": 1395426154, "highway": "footway", "name": null, "foot": null, "access": null, "surface": null, "source": "OpenStreetMap contributors", "source_layer": "openstreetmap_campus_paths"}, "geometry": {"type": "LineString", "coordinates": [[127.1379545, 35.8424732], [127.1380634, 35.8425044], [127.1383634, 35.8425906], [127.1384666, 35.8426202], [127.1386394, 35.8426812], [127.1387634, 35.8427982], [127.1388488, 35.842958], [127.13869512000001, 35.84329032]]}}, {"type": "Feature", "id": "osm-way-1395426155", "properties": {"osm_id": 1395426155, "highway": "footway", "name": null, "foot": null, "access": null, "surface": null, "source": "OpenStreetMap contributors", "source_layer": "openstreetmap_campus_paths"}, "geometry": {"type": "LineString", "coordinates": [[127.1379545, 35.8424732], [127.13785293999999, 35.84242972]]}}, {"type": "Feature", "id": "osm-way-1395426156", "properties": {"osm_id": 1395426156, "highway": "footway", "name": null, "foot": null, "access": null, "surface": null, "source": "OpenStreetMap contributors", "source_layer": "openstreetmap_campus_paths"}, "geometry": {"type": "LineString", "coordinates": [[127.13721973333334, 35.842242266666666], [127.13714110000001, 35.8422176], [127.13709290000001, 35.84220246666667]]}}, {"type": "Feature", "id": "osm-way-1395426157", "properties": {"osm_id": 1395426157, "highway": "footway", "name": null, "foot": null, "access": null, "surface": "asphalt", "source": "OpenStreetMap contributors", "source_layer": "openstreetmap_campus_paths"}, "geometry": {"type": "LineString", "coordinates": [[127.13685745, 35.842111675], [127.1365502, 35.8420194], [127.13633453920971, 35.84195465436493], [127.1360952, 35.8418828], [127.1360409, 35.8418665]]}}, {"type": "Feature", "id": "osm-way-1395426158", "properties": {"osm_id": 1395426158, "highway": "footway", "name": null, "foot": null, "access": null, "surface": null, "source": "OpenStreetMap contributors", "source_layer": "openstreetmap_campus_paths"}, "geometry": {"type": "LineString", "coordinates": [[127.1358472, 35.8418258], [127.135782, 35.8418116], [127.1357223, 35.8417984]]}}, {"type": "Feature", "id": "osm-way-1395426159", "properties": {"osm_id": 1395426159, "highway": "footway", "name": null, "foot": null, "access": null, "surface": null, "source": "OpenStreetMap contributors", "source_layer": "openstreetmap_campus_paths"}, "geometry": {"type": "LineString", "coordinates": [[127.13532993333332, 35.8416731], [127.135193, 35.84163086666667]]}}, {"type": "Feature", "id": "osm-way-1395426160", "properties": {"osm_id": 1395426160, "highway": "footway", "name": null, "foot": null, "access": null, "surface": null, "source": "OpenStreetMap contributors", "source_layer": "openstreetmap_campus_paths"}, "geometry": {"type": "LineString", "coordinates": [[127.1346785, 35.8414898], [127.1345692, 35.8414591], [127.1344875, 35.84142397142857]]}}, {"type": "Feature", "id": "osm-way-1395426161", "properties": {"osm_id": 1395426161, "highway": "footway", "name": null, "foot": null, "access": null, "surface": null, "source": "OpenStreetMap contributors", "source_layer": "openstreetmap_campus_paths"}, "geometry": {"type": "LineString", "coordinates": [[127.1346785, 35.8414898], [127.135193, 35.84163086666667]]}}, {"type": "Feature", "id": "osm-way-1395426162", "properties": {"osm_id": 1395426162, "highway": "footway", "name": null, "foot": null, "access": null, "surface": null, "source": "OpenStreetMap contributors", "source_layer": "openstreetmap_campus_paths"}, "geometry": {"type": "LineString", "coordinates": [[127.13532993333332, 35.8416731], [127.1357223, 35.8417984]]}}, {"type": "Feature", "id": "osm-way-1395426163", "properties": {"osm_id": 1395426163, "highway": "footway", "name": null, "foot": null, "access": null, "surface": null, "source": "OpenStreetMap contributors", "source_layer": "openstreetmap_campus_paths"}, "geometry": {"type": "LineString", "coordinates": [[127.1358472, 35.8418258], [127.1360409, 35.8418665]]}}, {"type": "Feature", "id": "osm-way-1395426164", "properties": {"osm_id": 1395426164, "highway": "footway", "name": null, "foot": null, "access": null, "surface": null, "source": "OpenStreetMap contributors", "source_layer": "openstreetmap_campus_paths"}, "geometry": {"type": "LineString", "coordinates": [[127.13685745, 35.842111675], [127.13709290000001, 35.84220246666667]]}}, {"type": "Feature", "id": "osm-way-1395426165", "properties": {"osm_id": 1395426165, "highway": "footway", "name": null, "foot": null, "access": null, "surface": null, "source": "OpenStreetMap contributors", "source_layer": "openstreetmap_campus_paths"}, "geometry": {"type": "LineString", "coordinates": [[127.13721973333334, 35.842242266666666], [127.13785293999999, 35.84242972]]}}, {"type": "Feature", "id": "osm-way-1395426166", "properties": {"osm_id": 1395426166, "highway": "service", "name": null, "foot": null, "access": null, "surface": null, "source": "OpenStreetMap contributors", "source_layer": "openstreetmap_campus_paths"}, "geometry": {"type": "LineString", "coordinates": [[127.1384565, 35.84247593333333], [127.1384072, 35.8425563], [127.1383634, 35.8425906], [127.1382861, 35.8426511], [127.1380923, 35.8425981], [127.1380634, 35.8425044], [127.1380456, 35.8424467], [127.1380848, 35.8423671]]}}, {"type": "Feature", "id": "osm-way-1395426167", "properties": {"osm_id": 1395426167, "highway": "service", "name": null, "foot": null, "access": null, "surface": "asphalt", "source": "OpenStreetMap contributors", "source_layer": "openstreetmap_campus_paths"}, "geometry": {"type": "LineString", "coordinates": [[127.1366535, 35.8418058], [127.1365875, 35.8419283], [127.1365502, 35.8420194], [127.1365325, 35.8420624]]}}, {"type": "Feature", "id": "osm-way-1395426168", "properties": {"osm_id": 1395426168, "highway": "service", "name": null, "foot": null, "access": null, "surface": "asphalt", "source": "OpenStreetMap contributors", "source_layer": "openstreetmap_campus_paths"}, "geometry": {"type": "LineString", "coordinates": [[127.13633453920971, 35.84195465436493], [127.1365325, 35.8420624], [127.1368454, 35.8421476], [127.1367543, 35.8423615], [127.1360538, 35.842159]]}}, {"type": "Feature", "id": "osm-way-1395426169", "properties": {"osm_id": 1395426169, "highway": "service", "name": null, "foot": null, "access": null, "surface": null, "source": "OpenStreetMap contributors", "source_layer": "openstreetmap_campus_paths"}, "geometry": {"type": "LineString", "coordinates": [[127.136133, 35.8417963], [127.1360952, 35.8418828], [127.1360001, 35.8420832], [127.1360538, 35.842159]]}}, {"type": "Feature", "id": "osm-way-1395426170", "properties": {"osm_id": 1395426170, "highway": "cycleway", "name": null, "foot": null, "access": null, "surface": null, "source": "OpenStreetMap contributors", "source_layer": "openstreetmap_campus_paths"}, "geometry": {"type": "LineString", "coordinates": [[127.1344875, 35.84142397142857], [127.1345692, 35.8414591], [127.1346785, 35.8414898]]}}, {"type": "Feature", "id": "osm-way-1395426171", "properties": {"osm_id": 1395426171, "highway": "cycleway", "name": null, "foot": null, "access": null, "surface": null, "source": "OpenStreetMap contributors", "source_layer": "openstreetmap_campus_paths"}, "geometry": {"type": "LineString", "coordinates": [[127.135193, 35.84163086666667], [127.13532993333332, 35.8416731]]}}, {"type": "Feature", "id": "osm-way-1395426172", "properties": {"osm_id": 1395426172, "highway": "cycleway", "name": null, "foot": null, "access": null, "surface": null, "source": "OpenStreetMap contributors", "source_layer": "openstreetmap_campus_paths"}, "geometry": {"type": "LineString", "coordinates": [[127.1357223, 35.8417984], [127.135782, 35.8418116], [127.1358472, 35.8418258]]}}, {"type": "Feature", "id": "osm-way-1395426173", "properties": {"osm_id": 1395426173, "highway": "cycleway", "name": null, "foot": null, "access": null, "surface": "asphalt", "source": "OpenStreetMap contributors", "source_layer": "openstreetmap_campus_paths"}, "geometry": {"type": "LineString", "coordinates": [[127.1360409, 35.8418665], [127.1360952, 35.8418828], [127.1365502, 35.8420194], [127.13685745, 35.842111675]]}}, {"type": "Feature", "id": "osm-way-1395426174", "properties": {"osm_id": 1395426174, "highway": "cycleway", "name": null, "foot": null, "access": null, "surface": null, "source": "OpenStreetMap contributors", "source_layer": "openstreetmap_campus_paths"}, "geometry": {"type": "LineString", "coordinates": [[127.13709290000001, 35.84220246666667], [127.13714110000001, 35.8422176], [127.13721973333334, 35.842242266666666]]}}, {"type": "Feature", "id": "osm-way-1395426175", "properties": {"osm_id": 1395426175, "highway": "cycleway", "name": null, "foot": null, "access": null, "surface": null, "source": "OpenStreetMap contributors", "source_layer": "openstreetmap_campus_paths"}, "geometry": {"type": "LineString", "coordinates": [[127.13785293999999, 35.84242972], [127.1379545, 35.8424732]]}}, {"type": "Feature", "id": "osm-way-1395426176", "properties": {"osm_id": 1395426176, "highway": "cycleway", "name": null, "foot": null, "access": null, "surface": null, "source": "OpenStreetMap contributors", "source_layer": "openstreetmap_campus_paths"}, "geometry": {"type": "LineString", "coordinates": [[127.13785293999999, 35.84242972], [127.13721973333334, 35.842242266666666]]}}, {"type": "Feature", "id": "osm-way-1395426177", "properties": {"osm_id": 1395426177, "highway": "cycleway", "name": null, "foot": null, "access": null, "surface": null, "source": "OpenStreetMap contributors", "source_layer": "openstreetmap_campus_paths"}, "geometry": {"type": "LineString", "coordinates": [[127.13709290000001, 35.84220246666667], [127.13685745, 35.842111675]]}}, {"type": "Feature", "id": "osm-way-1395426178", "properties": {"osm_id": 1395426178, "highway": "cycleway", "name": null, "foot": null, "access": null, "surface": null, "source": "OpenStreetMap contributors", "source_layer": "openstreetmap_campus_paths"}, "geometry": {"type": "LineString", "coordinates": [[127.1360409, 35.8418665], [127.1358472, 35.8418258]]}}, {"type": "Feature", "id": "osm-way-1395426179", "properties": {"osm_id": 1395426179, "highway": "cycleway", "name": null, "foot": null, "access": null, "surface": null, "source": "OpenStreetMap contributors", "source_layer": "openstreetmap_campus_paths"}, "geometry": {"type": "LineString", "coordinates": [[127.1357223, 35.8417984], [127.13532993333332, 35.8416731]]}}, {"type": "Feature", "id": "osm-way-1395426180", "properties": {"osm_id": 1395426180, "highway": "cycleway", "name": null, "foot": null, "access": null, "surface": null, "source": "OpenStreetMap contributors", "source_layer": "openstreetmap_campus_paths"}, "geometry": {"type": "LineString", "coordinates": [[127.135193, 35.84163086666667], [127.1346785, 35.8414898]]}}, {"type": "Feature", "id": "osm-way-1395426181", "properties": {"osm_id": 1395426181, "highway": "footway", "name": null, "foot": null, "access": null, "surface": null, "source": "OpenStreetMap contributors", "source_layer": "openstreetmap_campus_paths"}, "geometry": {"type": "LineString", "coordinates": [[127.1344875, 35.84142397142857], [127.1345336, 35.8413122], [127.1345932761376, 35.841185413158115]]}}, {"type": "Feature", "id": "osm-way-1395426182", "properties": {"osm_id": 1395426182, "highway": "footway", "name": null, "foot": null, "access": null, "surface": null, "source": "OpenStreetMap contributors", "source_layer": "openstreetmap_campus_paths"}, "geometry": {"type": "LineString", "coordinates": [[127.13685745, 35.842111675], [127.1368902, 35.8420163], [127.13695125628436, 35.8418954034554]]}}, {"type": "Feature", "id": "osm-way-1395426195", "properties": {"osm_id": 1395426195, "highway": "footway", "name": null, "foot": null, "access": null, "surface": null, "source": "OpenStreetMap contributors", "source_layer": "openstreetmap_campus_paths"}, "geometry": {"type": "LineString", "coordinates": [[127.1320509, 35.8406763], [127.1319848, 35.8406573], [127.1319241, 35.8406399], [127.1318435, 35.8406168], [127.1317666, 35.8405947]]}}, {"type": "Feature", "id": "osm-way-1395426196", "properties": {"osm_id": 1395426196, "highway": "footway", "name": null, "foot": null, "access": null, "surface": null, "source": "OpenStreetMap contributors", "source_layer": "openstreetmap_campus_paths"}, "geometry": {"type": "LineString", "coordinates": [[127.1321156, 35.8407105], [127.1321458, 35.8405768], [127.1322099, 35.8404714], [127.1322811, 35.8403511]]}}, {"type": "Feature", "id": "osm-way-1395426197", "properties": {"osm_id": 1395426197, "highway": "footway", "name": null, "foot": null, "access": null, "surface": null, "source": "OpenStreetMap contributors", "source_layer": "openstreetmap_campus_paths"}, "geometry": {"type": "LineString", "coordinates": [[127.1322811, 35.8403511], [127.1321591, 35.8403158], [127.132056, 35.8402764]]}}, {"type": "Feature", "id": "osm-way-1395426198", "properties": {"osm_id": 1395426198, "highway": "footway", "name": null, "foot": null, "access": null, "surface": null, "source": "OpenStreetMap contributors", "source_layer": "openstreetmap_campus_paths"}, "geometry": {"type": "LineString", "coordinates": [[127.1317404, 35.8405411], [127.131766, 35.8404751], [127.1318137, 35.8403519], [127.131866, 35.8402169]]}}, {"type": "Feature", "id": "osm-way-1395428828", "properties": {"osm_id": 1395428828, "highway": "tertiary", "name": "\uc0ac\ud3c9\ub85c", "foot": null, "access": null, "surface": null, "source": "OpenStreetMap contributors", "source_layer": "openstreetmap_campus_paths"}, "geometry": {"type": "LineString", "coordinates": [[127.123341025, 35.84314175], [127.12241164127191, 35.84232811754626], [127.1215196, 35.8414757], [127.1210574, 35.8410847], [127.12061673582419, 35.840607774945525]]}}, {"type": "Feature", "id": "osm-way-1395428829", "properties": {"osm_id": 1395428829, "highway": "tertiary", "name": "\uc0ac\ud3c9\ub85c", "foot": null, "access": null, "surface": "asphalt", "source": "OpenStreetMap contributors", "source_layer": "openstreetmap_campus_paths"}, "geometry": {"type": "LineString", "coordinates": [[127.123341025, 35.84314175], [127.1235259916114, 35.84329169744502], [127.1236997, 35.843470275], [127.1238709, 35.8435748], [127.1239187, 35.8436127], [127.1240107, 35.8436708]]}}, {"type": "Feature", "id": "osm-way-1395428830", "properties": {"osm_id": 1395428830, "highway": "tertiary", "name": "\uc0ac\ud3c9\ub85c", "foot": null, "access": null, "surface": null, "source": "OpenStreetMap contributors", "source_layer": "openstreetmap_campus_paths"}, "geometry": {"type": "LineString", "coordinates": [[127.1240931, 35.8436083], [127.1239187, 35.8436127], [127.1238183, 35.8436153], [127.1236997, 35.843470275], [127.1235259916114, 35.84329169744502], [127.123341025, 35.84314175]]}}, {"type": "Feature", "id": "osm-way-1395428831", "properties": {"osm_id": 1395428831, "highway": "tertiary", "name": null, "foot": null, "access": null, "surface": null, "source": "OpenStreetMap contributors", "source_layer": "openstreetmap_campus_paths"}, "geometry": {"type": "LineString", "coordinates": [[127.1238709, 35.8435748], [127.1240931, 35.8436083]]}}, {"type": "Feature", "id": "osm-way-1396136959", "properties": {"osm_id": 1396136959, "highway": "footway", "name": null, "foot": null, "access": null, "surface": null, "source": "OpenStreetMap contributors", "source_layer": "openstreetmap_campus_paths"}, "geometry": {"type": "LineString", "coordinates": [[127.12808957372656, 35.84986684206666], [127.1280484, 35.8499606], [127.1280197, 35.85006065]]}}, {"type": "Feature", "id": "osm-way-1396136960", "properties": {"osm_id": 1396136960, "highway": "footway", "name": null, "foot": null, "access": null, "surface": null, "source": "OpenStreetMap contributors", "source_layer": "openstreetmap_campus_paths"}, "geometry": {"type": "LineString", "coordinates": [[127.1280197, 35.85006065], [127.1280931, 35.8500662], [127.1281765, 35.8500916]]}}, {"type": "Feature", "id": "osm-way-1396136961", "properties": {"osm_id": 1396136961, "highway": "footway", "name": null, "foot": null, "access": null, "surface": null, "source": "OpenStreetMap contributors", "source_layer": "openstreetmap_campus_paths"}, "geometry": {"type": "LineString", "coordinates": [[127.1293764, 35.847612], [127.1294314, 35.8475191]]}}, {"type": "Feature", "id": "osm-way-1396136962", "properties": {"osm_id": 1396136962, "highway": "footway", "name": null, "foot": null, "access": null, "surface": null, "source": "OpenStreetMap contributors", "source_layer": "openstreetmap_campus_paths"}, "geometry": {"type": "LineString", "coordinates": [[127.130186775, 35.847856725], [127.1303767, 35.8482707], [127.130514225, 35.848456025000004]]}}, {"type": "Feature", "id": "osm-way-1396136963", "properties": {"osm_id": 1396136963, "highway": "footway", "name": null, "foot": null, "access": null, "surface": null, "source": "OpenStreetMap contributors", "source_layer": "openstreetmap_campus_paths"}, "geometry": {"type": "LineString", "coordinates": [[127.130514225, 35.848456025000004]]}}, {"type": "Feature", "id": "osm-way-1396136964", "properties": {"osm_id": 1396136964, "highway": "footway", "name": null, "foot": null, "access": null, "surface": null, "source": "OpenStreetMap contributors", "source_layer": "openstreetmap_campus_paths"}, "geometry": {"type": "LineString", "coordinates": [[127.13065574918582, 35.84886237169455]]}}, {"type": "Feature", "id": "osm-way-1396136965", "properties": {"osm_id": 1396136965, "highway": "footway", "name": null, "foot": null, "access": null, "surface": null, "source": "OpenStreetMap contributors", "source_layer": "openstreetmap_campus_paths"}, "geometry": {"type": "LineString", "coordinates": [[127.13065574918582, 35.84886237169455], [127.1304997, 35.8485666]]}}, {"type": "Feature", "id": "osm-way-1396136966", "properties": {"osm_id": 1396136966, "highway": "footway", "name": null, "foot": null, "access": null, "surface": null, "source": "OpenStreetMap contributors", "source_layer": "openstreetmap_campus_paths"}, "geometry": {"type": "LineString", "coordinates": [[127.1304997, 35.8485666], [127.13050153333334, 35.8485217], [127.130514225, 35.848456025000004]]}}, {"type": "Feature", "id": "osm-way-1396136969", "properties": {"osm_id": 1396136969, "highway": "footway", "name": null, "foot": null, "access": null, "surface": null, "source": "OpenStreetMap contributors", "source_layer": "openstreetmap_campus_paths"}, "geometry": {"type": "LineString", "coordinates": [[127.13164285, 35.848021375], [127.131918, 35.8480204], [127.13200713147266, 35.84803721446639], [127.1324032, 35.8480545], [127.1323908, 35.8483572], [127.1324861, 35.8483601]]}}, {"type": "Feature", "id": "osm-way-1396136970", "properties": {"osm_id": 1396136970, "highway": "footway", "name": null, "foot": null, "access": null, "surface": null, "source": "OpenStreetMap contributors", "source_layer": "openstreetmap_campus_paths"}, "geometry": {"type": "LineString", "coordinates": [[127.1323908, 35.8483572]]}}, {"type": "Feature", "id": "osm-way-1396136971", "properties": {"osm_id": 1396136971, "highway": "steps", "name": null, "foot": null, "access": null, "surface": null, "source": "OpenStreetMap contributors", "source_layer": "openstreetmap_campus_paths"}, "geometry": {"type": "LineString", "coordinates": [[127.1320127, 35.8479661], [127.13200713147266, 35.84803721446639]]}}, {"type": "Feature", "id": "osm-way-1396136972", "properties": {"osm_id": 1396136972, "highway": "footway", "name": null, "foot": null, "access": null, "surface": null, "source": "OpenStreetMap contributors", "source_layer": "openstreetmap_campus_paths"}, "geometry": {"type": "LineString", "coordinates": [[127.13200713147266, 35.84803721446639]]}}, {"type": "Feature", "id": "osm-way-1396136973", "properties": {"osm_id": 1396136973, "highway": "footway", "name": null, "foot": null, "access": null, "surface": null, "source": "OpenStreetMap contributors", "source_layer": "openstreetmap_campus_paths"}, "geometry": {"type": "LineString", "coordinates": [[127.13164285, 35.848021375], [127.13164493718662, 35.84832025926032], [127.131634375, 35.848543275]]}}, {"type": "Feature", "id": "osm-way-1396136974", "properties": {"osm_id": 1396136974, "highway": "footway", "name": null, "foot": null, "access": null, "surface": null, "source": "OpenStreetMap contributors", "source_layer": "openstreetmap_campus_paths"}, "geometry": {"type": "LineString", "coordinates": [[127.13164493718662, 35.84832025926032]]}}, {"type": "Feature", "id": "osm-way-1396136975", "properties": {"osm_id": 1396136975, "highway": "footway", "name": null, "foot": null, "access": null, "surface": null, "source": "OpenStreetMap contributors", "source_layer": "openstreetmap_campus_paths"}, "geometry": {"type": "LineString", "coordinates": [[127.1320127, 35.8479661], [127.131926, 35.8479622], [127.131918, 35.8480204], [127.1318368, 35.8480105], [127.131918, 35.8480204]]}}, {"type": "Feature", "id": "osm-way-1396136976", "properties": {"osm_id": 1396136976, "highway": "footway", "name": null, "foot": null, "access": null, "surface": null, "source": "OpenStreetMap contributors", "source_layer": "openstreetmap_campus_paths"}, "geometry": {"type": "LineString", "coordinates": [[127.1331029, 35.8477012], [127.1331357, 35.847648], [127.1332677, 35.84765]]}}, {"type": "Feature", "id": "osm-way-1396136977", "properties": {"osm_id": 1396136977, "highway": "steps", "name": null, "foot": null, "access": null, "surface": null, "source": "OpenStreetMap contributors", "source_layer": "openstreetmap_campus_paths"}, "geometry": {"type": "LineString", "coordinates": [[127.13177803970818, 35.84730810326708], [127.1317912, 35.8473879]]}}, {"type": "Feature", "id": "osm-way-1396136978", "properties": {"osm_id": 1396136978, "highway": "footway", "name": null, "foot": null, "access": null, "surface": null, "source": "OpenStreetMap contributors", "source_layer": "openstreetmap_campus_paths"}, "geometry": {"type": "LineString", "coordinates": [[127.1317912, 35.8473879], [127.1317793, 35.8475755], [127.13177416, 35.84769072]]}}, {"type": "Feature", "id": "osm-way-1396136979", "properties": {"osm_id": 1396136979, "highway": "service", "name": null, "foot": null, "access": null, "surface": null, "source": "OpenStreetMap contributors", "source_layer": "openstreetmap_campus_paths"}, "geometry": {"type": "LineString", "coordinates": [[127.1317133, 35.8476609], [127.1317121, 35.8477285], [127.1317007, 35.8477801]]}}, {"type": "Feature", "id": "osm-way-1396136980", "properties": {"osm_id": 1396136980, "highway": "footway", "name": null, "foot": null, "access": null, "surface": null, "source": "OpenStreetMap contributors", "source_layer": "openstreetmap_campus_paths"}, "geometry": {"type": "LineString", "coordinates": [[127.12948783333333, 35.8468859]]}}, {"type": "Feature", "id": "osm-way-1396136981", "properties": {"osm_id": 1396136981, "highway": "footway", "name": null, "foot": null, "access": null, "surface": null, "source": "OpenStreetMap contributors", "source_layer": "openstreetmap_campus_paths"}, "geometry": {"type": "LineString", "coordinates": [[127.1278604, 35.845598725], [127.12793745, 35.84559935], [127.12844993333333, 35.84563563333334], [127.1284889, 35.845705], [127.12856733333335, 35.8457839], [127.12871107124094, 35.845956858946046]]}}, {"type": "Feature", "id": "osm-way-1396136982", "properties": {"osm_id": 1396136982, "highway": "steps", "name": null, "foot": null, "access": null, "surface": null, "source": "OpenStreetMap contributors", "source_layer": "openstreetmap_campus_paths"}, "geometry": {"type": "LineString", "coordinates": [[127.12844993333333, 35.84563563333334]]}}, {"type": "Feature", "id": "osm-way-1396136985", "properties": {"osm_id": 1396136985, "highway": "track", "name": null, "foot": null, "access": null, "surface": null, "source": "OpenStreetMap contributors", "source_layer": "openstreetmap_campus_paths"}, "geometry": {"type": "LineString", "coordinates": [[127.1337157, 35.8505068], [127.1339312, 35.8499764], [127.1342268, 35.8492487]]}}, {"type": "Feature", "id": "osm-way-1396136986", "properties": {"osm_id": 1396136986, "highway": "track", "name": null, "foot": null, "access": null, "surface": null, "source": "OpenStreetMap contributors", "source_layer": "openstreetmap_campus_paths"}, "geometry": {"type": "LineString", "coordinates": [[127.1335094, 35.8502698], [127.1337157, 35.8505068]]}}, {"type": "Feature", "id": "osm-way-1396136987", "properties": {"osm_id": 1396136987, "highway": "track", "name": null, "foot": null, "access": null, "surface": null, "source": "OpenStreetMap contributors", "source_layer": "openstreetmap_campus_paths"}, "geometry": {"type": "LineString", "coordinates": [[127.1336545, 35.8499112], [127.1339312, 35.8499764], [127.1342919, 35.8500424]]}}, {"type": "Feature", "id": "osm-way-1396136988", "properties": {"osm_id": 1396136988, "highway": "service", "name": null, "foot": null, "access": null, "surface": null, "source": "OpenStreetMap contributors", "source_layer": "openstreetmap_campus_paths"}, "geometry": {"type": "LineString", "coordinates": [[127.1345559, 35.849458], [127.1348269, 35.8490655], [127.1352138, 35.8489661], [127.1351381, 35.8486764], [127.1352809, 35.8486539], [127.1351667, 35.8483471], [127.1350717, 35.8480847]]}}, {"type": "Feature", "id": "osm-way-1396136990", "properties": {"osm_id": 1396136990, "highway": "footway", "name": null, "foot": null, "access": null, "surface": null, "source": "OpenStreetMap contributors", "source_layer": "openstreetmap_campus_paths"}, "geometry": {"type": "LineString", "coordinates": [[127.1265181, 35.8500382], [127.1265169, 35.8501022], [127.1265203, 35.850167150000004]]}}, {"type": "Feature", "id": "osm-way-1396136991", "properties": {"osm_id": 1396136991, "highway": "footway", "name": null, "foot": null, "access": null, "surface": null, "source": "OpenStreetMap contributors", "source_layer": "openstreetmap_campus_paths"}, "geometry": {"type": "LineString", "coordinates": [[127.1281765, 35.8500916], [127.1284796, 35.8503658], [127.1288899, 35.8507419]]}}, {"type": "Feature", "id": "osm-way-1396136992", "properties": {"osm_id": 1396136992, "highway": "footway", "name": null, "foot": null, "access": null, "surface": null, "source": "OpenStreetMap contributors", "source_layer": "openstreetmap_campus_paths"}, "geometry": {"type": "LineString", "coordinates": [[127.1288899, 35.8507419], [127.1289658, 35.8508142], [127.1290214, 35.8508397]]}}, {"type": "Feature", "id": "osm-way-1396136993", "properties": {"osm_id": 1396136993, "highway": "footway", "name": null, "foot": null, "access": null, "surface": null, "source": "OpenStreetMap contributors", "source_layer": "openstreetmap_campus_paths"}, "geometry": {"type": "LineString", "coordinates": [[127.1290214, 35.8508397], [127.1295655, 35.8513887], [127.1298149, 35.8515692], [127.1301341, 35.85173], [127.13018590000001, 35.851862866666664], [127.1301475, 35.8519431], [127.1294823, 35.8521518], [127.1294207, 35.8521888], [127.1286026, 35.8524301], [127.1285382, 35.8524322], [127.128061, 35.8525967]]}}, {"type": "Feature", "id": "osm-way-1396136995", "properties": {"osm_id": 1396136995, "highway": "residential", "name": null, "foot": null, "access": null, "surface": null, "source": "OpenStreetMap contributors", "source_layer": "openstreetmap_campus_paths"}, "geometry": {"type": "LineString", "coordinates": [[127.1277827, 35.8527507], [127.1277831, 35.85268095], [127.1278516, 35.8526714], [127.12789219996334, 35.852609824900746], [127.12790025000001, 35.85254865], [127.1279734, 35.8524859]]}}, {"type": "Feature", "id": "osm-way-1396136996", "properties": {"osm_id": 1396136996, "highway": "footway", "name": null, "foot": null, "access": null, "surface": null, "source": "OpenStreetMap contributors", "source_layer": "openstreetmap_campus_paths"}, "geometry": {"type": "LineString", "coordinates": [[127.12792189019456, 35.85038510860245], [127.1280197, 35.85006065]]}}, {"type": "Feature", "id": "osm-way-1396136997", "properties": {"osm_id": 1396136997, "highway": "footway", "name": null, "foot": null, "access": null, "surface": null, "source": "OpenStreetMap contributors", "source_layer": "openstreetmap_campus_paths"}, "geometry": {"type": "LineString", "coordinates": [[127.1265203, 35.850167150000004], [127.12660822535852, 35.850428764878]]}}, {"type": "Feature", "id": "osm-way-1396136998", "properties": {"osm_id": 1396136998, "highway": "footway", "name": null, "foot": null, "access": null, "surface": null, "source": "OpenStreetMap contributors", "source_layer": "openstreetmap_campus_paths"}, "geometry": {"type": "LineString", "coordinates": [[127.1265203, 35.850167150000004], [127.12532850000001, 35.85009156666666]]}}, {"type": "Feature", "id": "osm-way-1396136999", "properties": {"osm_id": 1396136999, "highway": "residential", "name": "\ucc3d\ud3ec\uae38", "foot": null, "access": null, "surface": "asphalt", "source": "OpenStreetMap contributors", "source_layer": "openstreetmap_campus_paths"}, "geometry": {"type": "LineString", "coordinates": [[127.1233541, 35.8503093], [127.1235528, 35.8502744], [127.1237972, 35.8502186], [127.1240833, 35.8501622], [127.1242429, 35.8501078], [127.1243847, 35.8500826], [127.1245178, 35.8500622], [127.1246408, 35.850059], [127.1251133, 35.8500616], [127.12525763333333, 35.85008023333334], [127.12532850000001, 35.85009156666666]]}}, {"type": "Feature", "id": "osm-way-1396137000", "properties": {"osm_id": 1396137000, "highway": "footway", "name": null, "foot": null, "access": null, "surface": null, "source": "OpenStreetMap contributors", "source_layer": "openstreetmap_campus_paths"}, "geometry": {"type": "LineString", "coordinates": [[127.12532850000001, 35.85009156666666], [127.12525763333333, 35.85008023333334], [127.1251885, 35.8501063]]}}, {"type": "Feature", "id": "osm-way-1396137001", "properties": {"osm_id": 1396137001, "highway": "footway", "name": null, "foot": null, "access": null, "surface": null, "source": "OpenStreetMap contributors", "source_layer": "openstreetmap_campus_paths"}, "geometry": {"type": "LineString", "coordinates": [[127.1251885, 35.8501063], [127.1252109, 35.8502562], [127.1255505, 35.8510034], [127.1257389, 35.8513393], [127.1259729, 35.8516279]]}}, {"type": "Feature", "id": "osm-way-1396137002", "properties": {"osm_id": 1396137002, "highway": "footway", "name": null, "foot": null, "access": null, "surface": null, "source": "OpenStreetMap contributors", "source_layer": "openstreetmap_campus_paths"}, "geometry": {"type": "LineString", "coordinates": [[127.1260694, 35.8517389], [127.12634385, 35.85201565], [127.1265047, 35.8521183], [127.1270932, 35.8522366], [127.1277193, 35.8523849], [127.1278753, 35.8524885], [127.12790025000001, 35.85254865], [127.12789219996334, 35.852609824900746], [127.1277831, 35.85268095], [127.1276075, 35.8526963], [127.1274835, 35.8527474], [127.1273202, 35.8527638], [127.126648, 35.8527655], [127.1262476, 35.852698], [127.1260626, 35.8526288], [127.1257638, 35.8525711], [127.1256477, 35.852552349999996], [127.1255199, 35.8525668], [127.1254333, 35.8525472], [127.12493879996777, 35.85242114744632], [127.1245907, 35.852342725], [127.12415455, 35.852234100000004], [127.1237416881584, 35.85206514190149], [127.1236985, 35.8520274], [127.1234884, 35.851866], [127.1231273, 35.8516106]]}}, {"type": "Feature", "id": "osm-way-1396137005", "properties": {"osm_id": 1396137005, "highway": "footway", "name": null, "foot": null, "access": null, "surface": null, "source": "OpenStreetMap contributors", "source_layer": "openstreetmap_campus_paths"}, "geometry": {"type": "LineString", "coordinates": [[127.1231273, 35.8516106], [127.12279004119888, 35.85144651114529]]}}, {"type": "Feature", "id": "osm-way-1396137010", "properties": {"osm_id": 1396137010, "highway": "footway", "name": null, "foot": null, "access": null, "surface": null, "source": "OpenStreetMap contributors", "source_layer": "openstreetmap_campus_paths"}, "geometry": {"type": "LineString", "coordinates": [[127.12809092172733, 35.85342602072653], [127.1279065, 35.8534015], [127.1280041, 35.85288175], [127.12796535, 35.85282525], [127.1276077, 35.8529287], [127.1269471, 35.8529649], [127.1262844, 35.8529007], [127.1261177, 35.8528842], [127.125636, 35.8527804], [127.1255628, 35.8527392], [127.1253796, 35.8526963], [127.1244956, 35.852497], [127.1242415, 35.8524212], [127.1238146, 35.8522532], [127.1232698, 35.851955], [127.12304719137835, 35.85170666333925]]}}, {"type": "Feature", "id": "osm-way-1396137015", "properties": {"osm_id": 1396137015, "highway": "service", "name": null, "foot": null, "access": null, "surface": null, "source": "OpenStreetMap contributors", "source_layer": "openstreetmap_campus_paths"}, "geometry": {"type": "LineString", "coordinates": [[127.1240397, 35.85124], [127.1239453, 35.8514587], [127.12380678305198, 35.85160517727708], [127.1237655, 35.8517262], [127.1236904, 35.8518045], [127.1234884, 35.851866], [127.1234483, 35.8519015]]}}, {"type": "Feature", "id": "osm-way-1396137016", "properties": {"osm_id": 1396137016, "highway": "service", "name": null, "foot": null, "access": null, "surface": null, "source": "OpenStreetMap contributors", "source_layer": "openstreetmap_campus_paths"}, "geometry": {"type": "LineString", "coordinates": [[127.1243951, 35.8513558], [127.1244596, 35.8511232]]}}, {"type": "Feature", "id": "osm-way-1396137017", "properties": {"osm_id": 1396137017, "highway": "service", "name": null, "foot": null, "access": null, "surface": null, "source": "OpenStreetMap contributors", "source_layer": "openstreetmap_campus_paths"}, "geometry": {"type": "LineString", "coordinates": [[127.1249434, 35.851582050000005], [127.1247991, 35.8519885], [127.1247278, 35.8520058], [127.12471, 35.8522981]]}}, {"type": "Feature", "id": "osm-way-1396137018", "properties": {"osm_id": 1396137018, "highway": "service", "name": null, "foot": null, "access": null, "surface": null, "source": "OpenStreetMap contributors", "source_layer": "openstreetmap_campus_paths"}, "geometry": {"type": "LineString", "coordinates": [[127.1245907, 35.852342725], [127.1246473, 35.8523037], [127.12471, 35.8522981], [127.12483251501457, 35.85231922816802], [127.12493879996777, 35.85242114744632]]}}, {"type": "Feature", "id": "osm-way-1396137019", "properties": {"osm_id": 1396137019, "highway": "service", "name": null, "foot": null, "access": null, "surface": null, "source": "OpenStreetMap contributors", "source_layer": "openstreetmap_campus_paths"}, "geometry": {"type": "LineString", "coordinates": [[127.1246799, 35.8505149], [127.1246071, 35.8505362], [127.1243383, 35.8504022]]}}, {"type": "Feature", "id": "osm-way-1396137020", "properties": {"osm_id": 1396137020, "highway": "service", "name": null, "foot": null, "access": null, "surface": null, "source": "OpenStreetMap contributors", "source_layer": "openstreetmap_campus_paths"}, "geometry": {"type": "LineString", "coordinates": [[127.1243394, 35.8505816], [127.1243383, 35.8504022], [127.1242429, 35.8501078]]}}, {"type": "Feature", "id": "osm-way-1396137021", "properties": {"osm_id": 1396137021, "highway": "footway", "name": null, "foot": null, "access": null, "surface": null, "source": "OpenStreetMap contributors", "source_layer": "openstreetmap_campus_paths"}, "geometry": {"type": "LineString", "coordinates": [[127.1259729, 35.8516279], [127.12603276666665, 35.851653733333336], [127.1260694, 35.8517389]]}}, {"type": "Feature", "id": "osm-way-1396137022", "properties": {"osm_id": 1396137022, "highway": "service", "name": null, "foot": null, "access": null, "surface": null, "source": "OpenStreetMap contributors", "source_layer": "openstreetmap_campus_paths"}, "geometry": {"type": "LineString", "coordinates": [[127.1255761, 35.8518448], [127.1256054, 35.8519194], [127.1256712, 35.8520033], [127.1256861, 35.8522322], [127.1257917, 35.8525026], [127.1256477, 35.852552349999996], [127.1255512, 35.8525211], [127.1255199, 35.8525668]]}}, {"type": "Feature", "id": "osm-way-1396137023", "properties": {"osm_id": 1396137023, "highway": "footway", "name": null, "foot": null, "access": null, "surface": null, "source": "OpenStreetMap contributors", "source_layer": "openstreetmap_campus_paths"}, "geometry": {"type": "LineString", "coordinates": [[127.1279065, 35.8534015], [127.12809092172733, 35.85342602072653], [127.1281361, 35.8532028], [127.1282003, 35.8528859], [127.12825, 35.8527985], [127.1283649, 35.852745], [127.1288906, 35.8525863], [127.1290301, 35.8525058], [127.1293533, 35.8524212], [127.1295987, 35.8523428], [127.1298294, 35.8523189], [127.130706875, 35.85203995]]}}, {"type": "Feature", "id": "osm-way-1396137033", "properties": {"osm_id": 1396137033, "highway": "service", "name": "\uc608\uc220\ub85c", "foot": null, "access": null, "surface": null, "source": "OpenStreetMap contributors", "source_layer": "openstreetmap_campus_paths"}, "geometry": {"type": "LineString", "coordinates": [[127.1281108, 35.8499884], [127.1281481, 35.8498917], [127.1281836, 35.8497824], [127.12823303333333, 35.84964086666667], [127.12832312884339, 35.84950395493778], [127.12852495784207, 35.84911827119566], [127.1285543, 35.8490622]]}}, {"type": "Feature", "id": "osm-way-1396137034", "properties": {"osm_id": 1396137034, "highway": "service", "name": "\uc608\uc220\ub85c", "foot": null, "access": null, "surface": null, "source": "OpenStreetMap contributors", "source_layer": "openstreetmap_campus_paths"}, "geometry": {"type": "LineString", "coordinates": [[127.1285543, 35.8490622], [127.1285695, 35.8489946], [127.1285963, 35.8489295], [127.1286509, 35.8488285], [127.1287092, 35.8487718]]}}, {"type": "Feature", "id": "osm-way-1396137035", "properties": {"osm_id": 1396137035, "highway": "service", "name": "\uc608\uc220\ub85c", "foot": null, "access": null, "surface": null, "source": "OpenStreetMap contributors", "source_layer": "openstreetmap_campus_paths"}, "geometry": {"type": "LineString", "coordinates": [[127.1287092, 35.8487718], [127.1287064, 35.8488415], [127.1286518, 35.8489425], [127.128625, 35.8490076], [127.1285543, 35.8490622]]}}, {"type": "Feature", "id": "osm-way-1396137036", "properties": {"osm_id": 1396137036, "highway": "footway", "name": null, "foot": null, "access": null, "surface": null, "source": "OpenStreetMap contributors", "source_layer": "openstreetmap_campus_paths"}, "geometry": {"type": "LineString", "coordinates": [[127.1282184, 35.8499079], [127.1282068, 35.849976], [127.1282014, 35.8500432], [127.1281765, 35.8500916]]}}, {"type": "Feature", "id": "osm-way-1396137037", "properties": {"osm_id": 1396137037, "highway": "residential", "name": "\ucc3d\ud3ec\uae38", "foot": null, "access": null, "surface": "asphalt", "source": "OpenStreetMap contributors", "source_layer": "openstreetmap_campus_paths"}, "geometry": {"type": "LineString", "coordinates": [[127.12532850000001, 35.85009156666666], [127.1265169, 35.8501022], [127.1266057, 35.8501146], [127.1267722, 35.8501098], [127.1269197, 35.8500712], [127.1274159, 35.8499232], [127.1276461, 35.8498892], [127.1278826, 35.8499306], [127.1280484, 35.8499606], [127.1281108, 35.8499884]]}}, {"type": "Feature", "id": "osm-way-1396137038", "properties": {"osm_id": 1396137038, "highway": "residential", "name": "\ucc3d\ud3ec\uae38", "foot": null, "access": null, "surface": "asphalt", "source": "OpenStreetMap contributors", "source_layer": "openstreetmap_campus_paths"}, "geometry": {"type": "LineString", "coordinates": [[127.1300158, 35.851606200000006], [127.13022169999999, 35.8516941], [127.1305099, 35.851835], [127.1306452, 35.8519013]]}}, {"type": "Feature", "id": "osm-way-1396137039", "properties": {"osm_id": 1396137039, "highway": "residential", "name": "\ucc3d\ud3ec\uae38", "foot": null, "access": null, "surface": "asphalt", "source": "OpenStreetMap contributors", "source_layer": "openstreetmap_campus_paths"}, "geometry": {"type": "LineString", "coordinates": [[127.1300158, 35.851606200000006], [127.1298283, 35.851485], [127.1295985, 35.8513442], [127.1290288, 35.8507396], [127.1282679, 35.8500906], [127.1282014, 35.8500432], [127.1281108, 35.8499884]]}}, {"type": "Feature", "id": "osm-way-1396137054", "properties": {"osm_id": 1396137054, "highway": "footway", "name": null, "foot": null, "access": null, "surface": null, "source": "OpenStreetMap contributors", "source_layer": "openstreetmap_campus_paths"}, "geometry": {"type": "LineString", "coordinates": [[127.1309618, 35.8519599], [127.130922, 35.8518976], [127.13087943333335, 35.851818699999995]]}}, {"type": "Feature", "id": "osm-way-1396137055", "properties": {"osm_id": 1396137055, "highway": "footway", "name": null, "foot": null, "access": null, "surface": null, "source": "OpenStreetMap contributors", "source_layer": "openstreetmap_campus_paths"}, "geometry": {"type": "LineString", "coordinates": [[127.1309094, 35.8519775], [127.13080515, 35.85202115], [127.130706875, 35.85203995]]}}, {"type": "Feature", "id": "osm-way-1396137056", "properties": {"osm_id": 1396137056, "highway": "footway", "name": null, "foot": null, "access": null, "surface": null, "source": "OpenStreetMap contributors", "source_layer": "openstreetmap_campus_paths"}, "geometry": {"type": "LineString", "coordinates": [[127.1329798, 35.8514154], [127.1329092, 35.8514349], [127.1328081, 35.8514589]]}}, {"type": "Feature", "id": "osm-way-1396137057", "properties": {"osm_id": 1396137057, "highway": "footway", "name": null, "foot": null, "access": null, "surface": null, "source": "OpenStreetMap contributors", "source_layer": "openstreetmap_campus_paths"}, "geometry": {"type": "LineString", "coordinates": [[127.13269526666666, 35.851404699999996], [127.1326531, 35.8513074], [127.1326311, 35.8512566]]}}, {"type": "Feature", "id": "osm-way-1396137058", "properties": {"osm_id": 1396137058, "highway": "footway", "name": null, "foot": null, "access": null, "surface": null, "source": "OpenStreetMap contributors", "source_layer": "openstreetmap_campus_paths"}, "geometry": {"type": "LineString", "coordinates": [[127.130597, 35.851815], [127.1305099, 35.851835], [127.1303952, 35.8518724]]}}, {"type": "Feature", "id": "osm-way-1396137059", "properties": {"osm_id": 1396137059, "highway": "footway", "name": null, "foot": null, "access": null, "surface": null, "source": "OpenStreetMap contributors", "source_layer": "openstreetmap_campus_paths"}, "geometry": {"type": "LineString", "coordinates": [[127.1303952, 35.8518724], [127.1303444, 35.8518905], [127.1302626, 35.8518913]]}}, {"type": "Feature", "id": "osm-way-1396137060", "properties": {"osm_id": 1396137060, "highway": "footway", "name": null, "foot": null, "access": null, "surface": null, "source": "OpenStreetMap contributors", "source_layer": "openstreetmap_campus_paths"}, "geometry": {"type": "LineString", "coordinates": [[127.1302626, 35.8518913], [127.13018590000001, 35.851862866666664]]}}, {"type": "Feature", "id": "osm-way-1420672007", "properties": {"osm_id": 1420672007, "highway": "footway", "name": null, "foot": null, "access": null, "surface": "concrete", "source": "OpenStreetMap contributors", "source_layer": "openstreetmap_campus_paths"}, "geometry": {"type": "LineString", "coordinates": [[127.125276, 35.8489688], [127.1251915, 35.8489722]]}}, {"type": "Feature", "id": "osm-way-1420673300", "properties": {"osm_id": 1420673300, "highway": "steps", "name": null, "foot": null, "access": null, "surface": "paving_stones", "source": "OpenStreetMap contributors", "source_layer": "openstreetmap_campus_paths"}, "geometry": {"type": "LineString", "coordinates": [[127.1238653, 35.8493406], [127.1239527, 35.8494443]]}}, {"type": "Feature", "id": "osm-way-1427026317", "properties": {"osm_id": 1427026317, "highway": "service", "name": null, "foot": null, "access": null, "surface": null, "source": "OpenStreetMap contributors", "source_layer": "openstreetmap_campus_paths"}, "geometry": {"type": "LineString", "coordinates": [[127.13160105341177, 35.84731060673409], [127.13138809555757, 35.847287150383984]]}}, {"type": "Feature", "id": "osm-way-1427026318", "properties": {"osm_id": 1427026318, "highway": "footway", "name": null, "foot": null, "access": null, "surface": null, "source": "OpenStreetMap contributors", "source_layer": "openstreetmap_campus_paths"}, "geometry": {"type": "LineString", "coordinates": [[127.13138809555757, 35.847287150383984], [127.1312372, 35.8473132], [127.1311334, 35.847261], [127.131043, 35.847187], [127.1309584111111, 35.8471557]]}}, {"type": "Feature", "id": "osm-way-1432764334", "properties": {"osm_id": 1432764334, "highway": "service", "name": null, "foot": null, "access": null, "surface": null, "source": "OpenStreetMap contributors", "source_layer": "openstreetmap_campus_paths"}, "geometry": {"type": "LineString", "coordinates": [[127.12889, 35.8460435], [127.1288306, 35.846061175], [127.128582, 35.8461959], [127.1283172, 35.8461749], [127.12828916666666, 35.84645336666667], [127.1285584, 35.8464913], [127.128582, 35.8461959]]}}, {"type": "Feature", "id": "osm-way-1432764335", "properties": {"osm_id": 1432764335, "highway": "service", "name": null, "foot": null, "access": null, "surface": null, "source": "OpenStreetMap contributors", "source_layer": "openstreetmap_campus_paths"}, "geometry": {"type": "LineString", "coordinates": [[127.12828916666666, 35.84645336666667], [127.12826876, 35.846594859999996]]}}, {"type": "Feature", "id": "osm-way-1432764336", "properties": {"osm_id": 1432764336, "highway": "steps", "name": null, "foot": null, "access": null, "surface": null, "source": "OpenStreetMap contributors", "source_layer": "openstreetmap_campus_paths"}, "geometry": {"type": "LineString", "coordinates": [[127.12856733333335, 35.8457839]]}}, {"type": "Feature", "id": "osm-way-1432764337", "properties": {"osm_id": 1432764337, "highway": "footway", "name": null, "foot": null, "access": null, "surface": null, "source": "OpenStreetMap contributors", "source_layer": "openstreetmap_campus_paths"}, "geometry": {"type": "LineString", "coordinates": [[127.12856733333335, 35.8457839], [127.1284889, 35.845705]]}}, {"type": "Feature", "id": "osm-way-1432764338", "properties": {"osm_id": 1432764338, "highway": "footway", "name": null, "foot": null, "access": null, "surface": null, "source": "OpenStreetMap contributors", "source_layer": "openstreetmap_campus_paths"}, "geometry": {"type": "LineString", "coordinates": [[127.1274241, 35.8461997], [127.12737341639838, 35.846444524180015]]}}, {"type": "Feature", "id": "osm-way-1432764339", "properties": {"osm_id": 1432764339, "highway": "service", "name": null, "foot": null, "access": null, "surface": null, "source": "OpenStreetMap contributors", "source_layer": "openstreetmap_campus_paths"}, "geometry": {"type": "LineString", "coordinates": [[127.12721381549221, 35.84616083491686], [127.1274241, 35.8461997], [127.12754851824772, 35.846219202178766], [127.1276442, 35.8462342]]}}, {"type": "Feature", "id": "osm-way-1432764340", "properties": {"osm_id": 1432764340, "highway": "service", "name": "\uc774\uc138\uc885\ub85c", "foot": null, "access": null, "surface": null, "source": "OpenStreetMap contributors", "source_layer": "openstreetmap_campus_paths"}, "geometry": {"type": "LineString", "coordinates": [[127.1284386, 35.8454291], [127.12829205, 35.8453938], [127.12826895, 35.8454475], [127.12799664, 35.84553212666666], [127.12793745, 35.84559935], [127.1278604, 35.845598725]]}}, {"type": "Feature", "id": "osm-way-1432764341", "properties": {"osm_id": 1432764341, "highway": "footway", "name": null, "foot": null, "access": null, "surface": null, "source": "OpenStreetMap contributors", "source_layer": "openstreetmap_campus_paths"}, "geometry": {"type": "LineString", "coordinates": [[127.1287595, 35.84536], [127.12851273515001, 35.84538790913089], [127.12837940000001, 35.845357666666665], [127.12829205, 35.8453938], [127.12799664, 35.84553212666666]]}}, {"type": "Feature", "id": "osm-way-1432764342", "properties": {"osm_id": 1432764342, "highway": "footway", "name": null, "foot": null, "access": null, "surface": null, "source": "OpenStreetMap contributors", "source_layer": "openstreetmap_campus_paths"}, "geometry": {"type": "LineString", "coordinates": [[127.12799664, 35.84553212666666]]}}, {"type": "Feature", "id": "osm-way-1432764343", "properties": {"osm_id": 1432764343, "highway": "footway", "name": null, "foot": null, "access": null, "surface": null, "source": "OpenStreetMap contributors", "source_layer": "openstreetmap_campus_paths"}, "geometry": {"type": "LineString", "coordinates": [[127.12793745, 35.84559935], [127.12799664, 35.84553212666666], [127.12826895, 35.8454475], [127.1283411, 35.8454627]]}}, {"type": "Feature", "id": "osm-way-1432764344", "properties": {"osm_id": 1432764344, "highway": "footway", "name": null, "foot": null, "access": null, "surface": null, "source": "OpenStreetMap contributors", "source_layer": "openstreetmap_campus_paths"}, "geometry": {"type": "LineString", "coordinates": [[127.12842625, 35.84553725], [127.1283411, 35.8454627]]}}, {"type": "Feature", "id": "osm-way-1432764399", "properties": {"osm_id": 1432764399, "highway": "steps", "name": null, "foot": null, "access": null, "surface": null, "source": "OpenStreetMap contributors", "source_layer": "openstreetmap_campus_paths"}, "geometry": {"type": "LineString", "coordinates": [[127.1317793, 35.8475755], [127.1317126, 35.8475718]]}}, {"type": "Feature", "id": "osm-way-1432764400", "properties": {"osm_id": 1432764400, "highway": "footway", "name": null, "foot": null, "access": null, "surface": null, "source": "OpenStreetMap contributors", "source_layer": "openstreetmap_campus_paths"}, "geometry": {"type": "LineString", "coordinates": [[127.13252825555556, 35.84768], [127.13177416, 35.84769072]]}}, {"type": "Feature", "id": "osm-way-1435426317", "properties": {"osm_id": 1435426317, "highway": "living_street", "name": "\ub4e4\uc0ac\ud3c95\uae38", "foot": null, "access": null, "surface": null, "source": "OpenStreetMap contributors", "source_layer": "openstreetmap_campus_paths"}, "geometry": {"type": "LineString", "coordinates": [[127.123341025, 35.84314175], [127.1239523, 35.8426965], [127.1245143, 35.8422817]]}}, {"type": "Feature", "id": "osm-way-1435426318", "properties": {"osm_id": 1435426318, "highway": "living_street", "name": "\ub4e4\uc0ac\ud3c94\uae38", "foot": null, "access": null, "surface": null, "source": "OpenStreetMap contributors", "source_layer": "openstreetmap_campus_paths"}, "geometry": {"type": "LineString", "coordinates": [[127.1224485, 35.8422744], [127.12254070631546, 35.842212561486285], [127.1230588, 35.8418651], [127.123608, 35.8414601]]}}, {"type": "Feature", "id": "osm-way-1448173465", "properties": {"osm_id": 1448173465, "highway": "footway", "name": null, "foot": null, "access": null, "surface": null, "source": "OpenStreetMap contributors", "source_layer": "openstreetmap_campus_paths"}, "geometry": {"type": "LineString", "coordinates": [[127.12799664, 35.84553212666666]]}}, {"type": "Feature", "id": "osm-way-1448173466", "properties": {"osm_id": 1448173466, "highway": "footway", "name": null, "foot": null, "access": null, "surface": null, "source": "OpenStreetMap contributors", "source_layer": "openstreetmap_campus_paths"}, "geometry": {"type": "LineString", "coordinates": [[127.12799664, 35.84553212666666]]}}, {"type": "Feature", "id": "osm-way-1448173467", "properties": {"osm_id": 1448173467, "highway": "footway", "name": null, "foot": null, "access": null, "surface": null, "source": "OpenStreetMap contributors", "source_layer": "openstreetmap_campus_paths"}, "geometry": {"type": "LineString", "coordinates": [[127.12826876, 35.846594859999996], [127.1281826, 35.8465871], [127.12811505, 35.8466136], [127.12787897999999, 35.84654604]]}}, {"type": "Feature", "id": "osm-way-1448173468", "properties": {"osm_id": 1448173468, "highway": "footway", "name": null, "foot": null, "access": null, "surface": null, "source": "OpenStreetMap contributors", "source_layer": "openstreetmap_campus_paths"}, "geometry": {"type": "LineString", "coordinates": [[127.12826876, 35.846594859999996]]}}, {"type": "Feature", "id": "osm-way-1448173469", "properties": {"osm_id": 1448173469, "highway": "footway", "name": null, "foot": null, "access": null, "surface": null, "source": "OpenStreetMap contributors", "source_layer": "openstreetmap_campus_paths"}, "geometry": {"type": "LineString", "coordinates": [[127.1288529, 35.8461063], [127.1290047, 35.846311]]}}, {"type": "Feature", "id": "osm-way-1448173470", "properties": {"osm_id": 1448173470, "highway": "footway", "name": null, "foot": null, "access": null, "surface": null, "source": "OpenStreetMap contributors", "source_layer": "openstreetmap_campus_paths"}, "geometry": {"type": "LineString", "coordinates": [[127.1288306, 35.846061175], [127.1288529, 35.8461063]]}}, {"type": "Feature", "id": "osm-way-1448173471", "properties": {"osm_id": 1448173471, "highway": "service", "name": null, "foot": null, "access": null, "surface": null, "source": "OpenStreetMap contributors", "source_layer": "openstreetmap_campus_paths"}, "geometry": {"type": "LineString", "coordinates": [[127.12828916666666, 35.84645336666667], [127.12820652, 35.846419839999996], [127.12810186666667, 35.846416000000005]]}}, {"type": "Feature", "id": "osm-way-1448173472", "properties": {"osm_id": 1448173472, "highway": "footway", "name": null, "foot": null, "access": null, "surface": null, "source": "OpenStreetMap contributors", "source_layer": "openstreetmap_campus_paths"}, "geometry": {"type": "LineString", "coordinates": [[127.12820652, 35.846419839999996], [127.12822185581403, 35.84631228729777], [127.1282575, 35.8460627]]}}, {"type": "Feature", "id": "osm-way-1448173473", "properties": {"osm_id": 1448173473, "highway": "footway", "name": null, "foot": null, "access": null, "surface": null, "source": "OpenStreetMap contributors", "source_layer": "openstreetmap_campus_paths"}, "geometry": {"type": "LineString", "coordinates": [[127.1281826, 35.8465871], [127.12820652, 35.846419839999996]]}}, {"type": "Feature", "id": "osm-way-1448173474", "properties": {"osm_id": 1448173474, "highway": "footway", "name": null, "foot": null, "access": null, "surface": null, "source": "OpenStreetMap contributors", "source_layer": "openstreetmap_campus_paths"}, "geometry": {"type": "LineString", "coordinates": [[127.12820652, 35.846419839999996]]}}, {"type": "Feature", "id": "osm-way-1448173475", "properties": {"osm_id": 1448173475, "highway": "service", "name": null, "foot": null, "access": null, "surface": null, "source": "OpenStreetMap contributors", "source_layer": "openstreetmap_campus_paths"}, "geometry": {"type": "LineString", "coordinates": [[127.1360197, 35.8470002], [127.1360439, 35.8469268], [127.1361518, 35.8466003]]}}, {"type": "Feature", "id": "osm-way-1463869551", "properties": {"osm_id": 1463869551, "highway": "service", "name": "\uc911\ub3c4\ub85c", "foot": null, "access": null, "surface": null, "source": "OpenStreetMap contributors", "source_layer": "openstreetmap_campus_paths"}, "geometry": {"type": "LineString", "coordinates": [[127.1301824, 35.8477295], [127.12996435, 35.84737355]]}}, {"type": "Feature", "id": "osm-way-1463869552", "properties": {"osm_id": 1463869552, "highway": "footway", "name": null, "foot": null, "access": null, "surface": null, "source": "OpenStreetMap contributors", "source_layer": "openstreetmap_campus_paths"}, "geometry": {"type": "LineString", "coordinates": [[127.128857, 35.8483301], [127.1289303, 35.8483512], [127.1289959, 35.848373]]}}, {"type": "Feature", "id": "osm-way-1463869553", "properties": {"osm_id": 1463869553, "highway": "footway", "name": null, "foot": null, "access": null, "surface": null, "source": "OpenStreetMap contributors", "source_layer": "openstreetmap_campus_paths"}, "geometry": {"type": "LineString", "coordinates": [[127.1290706, 35.8482263], [127.1290532, 35.8482693], [127.1290317, 35.8483222]]}}, {"type": "Feature", "id": "osm-way-1463869554", "properties": {"osm_id": 1463869554, "highway": "footway", "name": null, "foot": null, "access": null, "surface": null, "source": "OpenStreetMap contributors", "source_layer": "openstreetmap_campus_paths"}, "geometry": {"type": "LineString", "coordinates": [[127.12755329999999, 35.84855605], [127.1274837, 35.8485477], [127.1274146, 35.8485327]]}}, {"type": "Feature", "id": "osm-way-1463869555", "properties": {"osm_id": 1463869555, "highway": "footway", "name": null, "foot": null, "access": null, "surface": null, "source": "OpenStreetMap contributors", "source_layer": "openstreetmap_campus_paths"}, "geometry": {"type": "LineString", "coordinates": [[127.1272185, 35.8492446], [127.127312275, 35.84926525]]}}, {"type": "Feature", "id": "osm-way-1463869556", "properties": {"osm_id": 1463869556, "highway": "footway", "name": null, "foot": null, "access": null, "surface": null, "source": "OpenStreetMap contributors", "source_layer": "openstreetmap_campus_paths"}, "geometry": {"type": "LineString", "coordinates": [[127.127312275, 35.84926525], [127.1282867, 35.8494589]]}}, {"type": "Feature", "id": "osm-way-1463869557", "properties": {"osm_id": 1463869557, "highway": "cycleway", "name": null, "foot": "designated", "access": null, "surface": null, "source": "OpenStreetMap contributors", "source_layer": "openstreetmap_campus_paths"}, "geometry": {"type": "LineString", "coordinates": [[127.12709566666666, 35.84977823333333], [127.1265976, 35.849871500000006], [127.1265285, 35.8498859], [127.1264736, 35.8498727]]}}, {"type": "Feature", "id": "osm-way-1463876539", "properties": {"osm_id": 1463876539, "highway": "service", "name": "\ucc3d\uc870\ub85c", "foot": null, "access": null, "surface": null, "source": "OpenStreetMap contributors", "source_layer": "openstreetmap_campus_paths"}, "geometry": {"type": "LineString", "coordinates": [[127.1325513, 35.8435558], [127.1321418, 35.8435547], [127.13204163333334, 35.8435703], [127.1314619, 35.843638], [127.1313397, 35.8436491], [127.1312676, 35.8436557], [127.1310131, 35.8436788], [127.1308931, 35.8436897], [127.1308005, 35.8437396]]}}, {"type": "Feature", "id": "osm-way-1463876540", "properties": {"osm_id": 1463876540, "highway": "service", "name": "\uac74\uc9c0\ub300\ub85c", "foot": null, "access": null, "surface": null, "source": "OpenStreetMap contributors", "source_layer": "openstreetmap_campus_paths"}, "geometry": {"type": "LineString", "coordinates": [[127.1308005, 35.8437396], [127.1308581, 35.8435277], [127.1308866, 35.8434228]]}}, {"type": "Feature", "id": "osm-way-1463876541", "properties": {"osm_id": 1463876541, "highway": "service", "name": null, "foot": null, "access": null, "surface": null, "source": "OpenStreetMap contributors", "source_layer": "openstreetmap_campus_paths"}, "geometry": {"type": "LineString", "coordinates": [[127.1308005, 35.8437396], [127.1306829, 35.8437355], [127.130578, 35.8437318], [127.130493, 35.84376635]]}}, {"type": "Feature", "id": "osm-way-1463876542", "properties": {"osm_id": 1463876542, "highway": "service", "name": "\uacf5\ud559\ub85c", "foot": null, "access": null, "surface": null, "source": "OpenStreetMap contributors", "source_layer": "openstreetmap_campus_paths"}, "geometry": {"type": "LineString", "coordinates": [[127.1319801, 35.8456685], [127.1318837, 35.845653]]}}, {"type": "Feature", "id": "osm-way-1463876543", "properties": {"osm_id": 1463876543, "highway": "service", "name": "\uc774\uc138\uc885\ub85c", "foot": null, "access": null, "surface": null, "source": "OpenStreetMap contributors", "source_layer": "openstreetmap_campus_paths"}, "geometry": {"type": "LineString", "coordinates": [[127.1278604, 35.845598725], [127.12751387308842, 35.84557374348467], [127.12769655362038, 35.845581008467676], [127.12742772173462, 35.8455432210184], [127.127288, 35.8455647], [127.1268596, 35.8455304]]}}, {"type": "Feature", "id": "osm-way-1465102809", "properties": {"osm_id": 1465102809, "highway": "service", "name": "\uacf5\ud559\ub85c", "foot": null, "access": null, "surface": null, "source": "OpenStreetMap contributors", "source_layer": "openstreetmap_campus_paths"}, "geometry": {"type": "LineString", "coordinates": [[127.1333562, 35.8464728], [127.13352976974102, 35.84647904173588], [127.1338901, 35.8464931]]}}, {"type": "Feature", "id": "osm-way-1465102810", "properties": {"osm_id": 1465102810, "highway": "footway", "name": null, "foot": null, "access": null, "surface": null, "source": "OpenStreetMap contributors", "source_layer": "openstreetmap_campus_paths"}, "geometry": {"type": "LineString", "coordinates": [[127.12755329999999, 35.84855605], [127.127312275, 35.84926525]]}}, {"type": "Feature", "id": "osm-way-1465102811", "properties": {"osm_id": 1465102811, "highway": "footway", "name": null, "foot": null, "access": null, "surface": null, "source": "OpenStreetMap contributors", "source_layer": "openstreetmap_campus_paths"}, "geometry": {"type": "LineString", "coordinates": [[127.1278224, 35.8484907], [127.12797732134085, 35.84874201045907]]}}, {"type": "Feature", "id": "osm-way-1465102812", "properties": {"osm_id": 1465102812, "highway": "footway", "name": null, "foot": null, "access": null, "surface": null, "source": "OpenStreetMap contributors", "source_layer": "openstreetmap_campus_paths"}, "geometry": {"type": "LineString", "coordinates": [[127.1281496, 35.849082], [127.1283115, 35.849411]]}}, {"type": "Feature", "id": "osm-way-1465102813", "properties": {"osm_id": 1465102813, "highway": "footway", "name": null, "foot": null, "access": null, "surface": null, "source": "OpenStreetMap contributors", "source_layer": "openstreetmap_campus_paths"}, "geometry": {"type": "LineString", "coordinates": [[127.12797732134085, 35.84874201045907], [127.1282512, 35.8486602], [127.1283135, 35.8484034]]}}, {"type": "Feature", "id": "osm-way-1465102814", "properties": {"osm_id": 1465102814, "highway": "footway", "name": null, "foot": null, "access": null, "surface": null, "source": "OpenStreetMap contributors", "source_layer": "openstreetmap_campus_paths"}, "geometry": {"type": "LineString", "coordinates": [[127.13013376666667, 35.847912433333335], [127.130186775, 35.847856725]]}}, {"type": "Feature", "id": "osm-way-1465102815", "properties": {"osm_id": 1465102815, "highway": "footway", "name": null, "foot": null, "access": null, "surface": null, "source": "OpenStreetMap contributors", "source_layer": "openstreetmap_campus_paths"}, "geometry": {"type": "LineString", "coordinates": [[127.13013376666667, 35.847912433333335], [127.13012067619047, 35.84821495714286]]}}, {"type": "Feature", "id": "osm-way-1465102816", "properties": {"osm_id": 1465102816, "highway": "footway", "name": null, "foot": null, "access": null, "surface": null, "source": "OpenStreetMap contributors", "source_layer": "openstreetmap_campus_paths"}, "geometry": {"type": "LineString", "coordinates": [[127.13012067619047, 35.84821495714286], [127.13020060000001, 35.84826373333333], [127.13017496666667, 35.848343899999996], [127.1300731, 35.84834482], [127.130050375, 35.848247799999996], [127.13012067619047, 35.84821495714286]]}}, {"type": "Feature", "id": "osm-way-1465102817", "properties": {"osm_id": 1465102817, "highway": "footway", "name": null, "foot": null, "access": null, "surface": null, "source": "OpenStreetMap contributors", "source_layer": "openstreetmap_campus_paths"}, "geometry": {"type": "LineString", "coordinates": [[127.13020060000001, 35.84826373333333], [127.1303767, 35.8482707]]}}, {"type": "Feature", "id": "osm-way-1465102818", "properties": {"osm_id": 1465102818, "highway": "footway", "name": null, "foot": null, "access": null, "surface": null, "source": "OpenStreetMap contributors", "source_layer": "openstreetmap_campus_paths"}, "geometry": {"type": "LineString", "coordinates": [[127.134459, 35.8478563], [127.13445678291794, 35.84793136738579], [127.13445031250001, 35.8479940875]]}}, {"type": "Feature", "id": "osm-way-1465102819", "properties": {"osm_id": 1465102819, "highway": "footway", "name": null, "foot": null, "access": null, "surface": null, "source": "OpenStreetMap contributors", "source_layer": "openstreetmap_campus_paths"}, "geometry": {"type": "LineString", "coordinates": [[127.13445031250001, 35.8479940875], [127.134466675, 35.848143575], [127.1345209, 35.8482699]]}}, {"type": "Feature", "id": "osm-way-1465102820", "properties": {"osm_id": 1465102820, "highway": "footway", "name": null, "foot": null, "access": null, "surface": null, "source": "OpenStreetMap contributors", "source_layer": "openstreetmap_campus_paths"}, "geometry": {"type": "LineString", "coordinates": [[127.1340016, 35.8478298], [127.13393570000001, 35.8478294]]}}, {"type": "Feature", "id": "osm-way-1465102821", "properties": {"osm_id": 1465102821, "highway": "footway", "name": null, "foot": null, "access": null, "surface": null, "source": "OpenStreetMap contributors", "source_layer": "openstreetmap_campus_paths"}, "geometry": {"type": "LineString", "coordinates": [[127.1340522, 35.84748406666667], [127.133931175, 35.8474775]]}}, {"type": "Feature", "id": "osm-way-1465102822", "properties": {"osm_id": 1465102822, "highway": "footway", "name": null, "foot": null, "access": null, "surface": null, "source": "OpenStreetMap contributors", "source_layer": "openstreetmap_campus_paths"}, "geometry": {"type": "LineString", "coordinates": [[127.1349816857143, 35.847248209523805], [127.1349656, 35.8473823], [127.1348718, 35.8474641], [127.1348486, 35.8475221]]}}, {"type": "Feature", "id": "osm-way-1471953860", "properties": {"osm_id": 1471953860, "highway": "footway", "name": null, "foot": null, "access": null, "surface": null, "source": "OpenStreetMap contributors", "source_layer": "openstreetmap_campus_paths"}, "geometry": {"type": "LineString", "coordinates": [[127.1265285, 35.8498859], [127.1265181, 35.8500382]]}}, {"type": "Feature", "id": "osm-way-1471953862", "properties": {"osm_id": 1471953862, "highway": "track", "name": null, "foot": null, "access": null, "surface": null, "source": "OpenStreetMap contributors", "source_layer": "openstreetmap_campus_paths"}, "geometry": {"type": "LineString", "coordinates": [[127.1265643, 35.8520962], [127.1267674, 35.851856], [127.1267078, 35.8515255]]}}, {"type": "Feature", "id": "osm-way-1495468707", "properties": {"osm_id": 1495468707, "highway": "footway", "name": null, "foot": null, "access": null, "surface": null, "source": "OpenStreetMap contributors", "source_layer": "openstreetmap_campus_paths"}, "geometry": {"type": "LineString", "coordinates": [[127.13054923333334, 35.8421021], [127.1303216, 35.8422458], [127.1301553, 35.8423545]]}}, {"type": "Feature", "id": "osm-way-1495468708", "properties": {"osm_id": 1495468708, "highway": "footway", "name": null, "foot": null, "access": null, "surface": null, "source": "OpenStreetMap contributors", "source_layer": "openstreetmap_campus_paths"}, "geometry": {"type": "LineString", "coordinates": [[127.1301553, 35.8423545], [127.1300966, 35.8424019]]}}, {"type": "Feature", "id": "osm-way-1495468709", "properties": {"osm_id": 1495468709, "highway": "footway", "name": null, "foot": null, "access": null, "surface": null, "source": "OpenStreetMap contributors", "source_layer": "openstreetmap_campus_paths"}, "geometry": {"type": "LineString", "coordinates": [[127.1300966, 35.8424019], [127.1299925, 35.8424858], [127.1297436, 35.8426959], [127.12912, 35.8431536], [127.1290729, 35.8431974], [127.1289148, 35.8432938], [127.1288504, 35.8432754]]}}, {"type": "Feature", "id": "osm-way-1495468710", "properties": {"osm_id": 1495468710, "highway": "footway", "name": null, "foot": null, "access": null, "surface": null, "source": "OpenStreetMap contributors", "source_layer": "openstreetmap_campus_paths"}, "geometry": {"type": "LineString", "coordinates": [[127.1288504, 35.8432754], [127.1287711, 35.8432022], [127.1286921, 35.8431434]]}}, {"type": "Feature", "id": "osm-way-1495468711", "properties": {"osm_id": 1495468711, "highway": "footway", "name": null, "foot": null, "access": null, "surface": null, "source": "OpenStreetMap contributors", "source_layer": "openstreetmap_campus_paths"}, "geometry": {"type": "LineString", "coordinates": [[127.1288504, 35.8432754], [127.12872236303352, 35.84337995613872], [127.12859070056581, 35.84347504462713], [127.1284927, 35.8435445]]}}, {"type": "Feature", "id": "osm-way-1495468712", "properties": {"osm_id": 1495468712, "highway": "footway", "name": null, "foot": null, "access": null, "surface": null, "source": "OpenStreetMap contributors", "source_layer": "openstreetmap_campus_paths"}, "geometry": {"type": "LineString", "coordinates": [[127.1284927, 35.8435445], [127.1284463, 35.8435893], [127.128386, 35.8436173]]}}, {"type": "Feature", "id": "osm-way-1495468713", "properties": {"osm_id": 1495468713, "highway": "service", "name": null, "foot": null, "access": null, "surface": null, "source": "OpenStreetMap contributors", "source_layer": "openstreetmap_campus_paths"}, "geometry": {"type": "LineString", "coordinates": [[127.1283561, 35.8435184], [127.1284463, 35.8435893]]}}, {"type": "Feature", "id": "osm-way-1495468714", "properties": {"osm_id": 1495468714, "highway": "service", "name": null, "foot": null, "access": null, "surface": null, "source": "OpenStreetMap contributors", "source_layer": "openstreetmap_campus_paths"}, "geometry": {"type": "LineString", "coordinates": [[127.1284463, 35.8435893], [127.128527, 35.8436155], [127.1286011, 35.843672], [127.12868375, 35.843746249999995]]}}, {"type": "Feature", "id": "osm-way-1495468715", "properties": {"osm_id": 1495468715, "highway": "footway", "name": null, "foot": null, "access": null, "surface": null, "source": "OpenStreetMap contributors", "source_layer": "openstreetmap_campus_paths"}, "geometry": {"type": "LineString", "coordinates": [[127.1285606, 35.8432405], [127.1286115, 35.843201], [127.1286921, 35.8431434]]}}, {"type": "Feature", "id": "osm-way-1495468716", "properties": {"osm_id": 1495468716, "highway": "footway", "name": null, "foot": null, "access": null, "surface": null, "source": "OpenStreetMap contributors", "source_layer": "openstreetmap_campus_paths"}, "geometry": {"type": "LineString", "coordinates": [[127.1286921, 35.8431434], [127.12976123333334, 35.84232703333333], [127.1305691, 35.8417402]]}}, {"type": "Feature", "id": "osm-way-1495468717", "properties": {"osm_id": 1495468717, "highway": "footway", "name": null, "foot": null, "access": null, "surface": null, "source": "OpenStreetMap contributors", "source_layer": "openstreetmap_campus_paths"}, "geometry": {"type": "LineString", "coordinates": [[127.1305691, 35.8417402], [127.1306234, 35.8417037]]}}, {"type": "Feature", "id": "osm-way-1495468718", "properties": {"osm_id": 1495468718, "highway": "footway", "name": null, "foot": null, "access": null, "surface": null, "source": "OpenStreetMap contributors", "source_layer": "openstreetmap_campus_paths"}, "geometry": {"type": "LineString", "coordinates": [[127.1306234, 35.8417037], [127.1306621, 35.8416704], [127.1309611, 35.8414131], [127.1312033, 35.841163]]}}, {"type": "Feature", "id": "osm-way-1495468719", "properties": {"osm_id": 1495468719, "highway": "footway", "name": null, "foot": null, "access": null, "surface": null, "source": "OpenStreetMap contributors", "source_layer": "openstreetmap_campus_paths"}, "geometry": {"type": "LineString", "coordinates": [[127.1306621, 35.8416704], [127.1307228, 35.8417131], [127.1307775, 35.8417514]]}}, {"type": "Feature", "id": "osm-way-1495468720", "properties": {"osm_id": 1495468720, "highway": "footway", "name": null, "foot": null, "access": null, "surface": null, "source": "OpenStreetMap contributors", "source_layer": "openstreetmap_campus_paths"}, "geometry": {"type": "LineString", "coordinates": [[127.1307775, 35.8417514], [127.1308757, 35.8418378]]}}, {"type": "Feature", "id": "osm-way-1495468721", "properties": {"osm_id": 1495468721, "highway": "footway", "name": null, "foot": null, "access": null, "surface": null, "source": "OpenStreetMap contributors", "source_layer": "openstreetmap_campus_paths"}, "geometry": {"type": "LineString", "coordinates": [[127.12976123333334, 35.84232703333333], [127.1298547, 35.8423774], [127.129933, 35.8424346]]}}, {"type": "Feature", "id": "osm-way-1495468722", "properties": {"osm_id": 1495468722, "highway": "footway", "name": null, "foot": null, "access": null, "surface": null, "source": "OpenStreetMap contributors", "source_layer": "openstreetmap_campus_paths"}, "geometry": {"type": "LineString", "coordinates": [[127.129933, 35.8424346], [127.1299925, 35.8424858]]}}, {"type": "Feature", "id": "osm-way-1495468723", "properties": {"osm_id": 1495468723, "highway": "cycleway", "name": null, "foot": null, "access": null, "surface": null, "source": "OpenStreetMap contributors", "source_layer": "openstreetmap_campus_paths"}, "geometry": {"type": "LineString", "coordinates": [[127.1290047, 35.846311], [127.1288306, 35.846061175], [127.12842625, 35.84553725]]}}, {"type": "Feature", "id": "osm-way-1495468724", "properties": {"osm_id": 1495468724, "highway": "footway", "name": null, "foot": null, "access": null, "surface": null, "source": "OpenStreetMap contributors", "source_layer": "openstreetmap_campus_paths"}, "geometry": {"type": "LineString", "coordinates": [[127.13006636875, 35.846838968750006], [127.13021, 35.8469334], [127.130952, 35.8468769], [127.1309624, 35.8469329], [127.130944175, 35.847106575], [127.1309584111111, 35.8471557]]}}, {"type": "Feature", "id": "osm-way-1495468725", "properties": {"osm_id": 1495468725, "highway": "footway", "name": null, "foot": null, "access": null, "surface": null, "source": "OpenStreetMap contributors", "source_layer": "openstreetmap_campus_paths"}, "geometry": {"type": "LineString", "coordinates": [[127.13005095, 35.84729055], [127.1301913, 35.847282625], [127.1302079, 35.84734885], [127.130566, 35.847358650000004], [127.13063486325656, 35.847224681511214]]}}, {"type": "Feature", "id": "osm-way-1495468727", "properties": {"osm_id": 1495468727, "highway": "steps", "name": null, "foot": null, "access": null, "surface": null, "source": "OpenStreetMap contributors", "source_layer": "openstreetmap_campus_paths"}, "geometry": {"type": "LineString", "coordinates": [[127.13052905, 35.845258025], [127.13065475, 35.845219875]]}}, {"type": "Feature", "id": "osm-way-1495468728", "properties": {"osm_id": 1495468728, "highway": "steps", "name": null, "foot": null, "access": null, "surface": null, "source": "OpenStreetMap contributors", "source_layer": "openstreetmap_campus_paths"}, "geometry": {"type": "LineString", "coordinates": [[127.130549875, 35.8451721], [127.1306409, 35.8451566]]}}, {"type": "Feature", "id": "osm-way-1495468729", "properties": {"osm_id": 1495468729, "highway": "footway", "name": null, "foot": null, "access": null, "surface": null, "source": "OpenStreetMap contributors", "source_layer": "openstreetmap_campus_paths"}, "geometry": {"type": "LineString", "coordinates": [[127.1306409, 35.8451566], [127.13065475, 35.845219875]]}}, {"type": "Feature", "id": "osm-way-1541330229", "properties": {"osm_id": 1541330229, "highway": "footway", "name": null, "foot": null, "access": null, "surface": null, "source": "OpenStreetMap contributors", "source_layer": "openstreetmap_campus_paths"}, "geometry": {"type": "LineString", "coordinates": [[127.1275404, 35.8444008], [127.1272595, 35.8445572]]}}, {"type": "Feature", "id": "osm-way-1541330231", "properties": {"osm_id": 1541330231, "highway": "footway", "name": null, "foot": null, "access": null, "surface": null, "source": "OpenStreetMap contributors", "source_layer": "openstreetmap_campus_paths"}, "geometry": {"type": "LineString", "coordinates": [[127.13019589999999, 35.84644635], [127.1301643, 35.8465285], [127.1301006, 35.8466906], [127.13006636875, 35.846838968750006]]}}, {"type": "Feature", "id": "osm-way-1541330232", "properties": {"osm_id": 1541330232, "highway": "footway", "name": null, "foot": null, "access": null, "surface": null, "source": "OpenStreetMap contributors", "source_layer": "openstreetmap_campus_paths"}, "geometry": {"type": "LineString", "coordinates": [[127.13006636875, 35.846838968750006], [127.1299787, 35.8470844]]}}, {"type": "Feature", "id": "osm-way-1541330233", "properties": {"osm_id": 1541330233, "highway": "footway", "name": null, "foot": null, "access": null, "surface": null, "source": "OpenStreetMap contributors", "source_layer": "openstreetmap_campus_paths"}, "geometry": {"type": "LineString", "coordinates": [[127.1298572, 35.8473845], [127.1297566, 35.8473325], [127.129643425, 35.84728195], [127.12953428, 35.847321640000004]]}}, {"type": "Feature", "id": "osm-way-1541330236", "properties": {"osm_id": 1541330236, "highway": "footway", "name": null, "foot": null, "access": null, "surface": null, "source": "OpenStreetMap contributors", "source_layer": "openstreetmap_campus_paths"}, "geometry": {"type": "LineString", "coordinates": [[127.1253268, 35.8492727], [127.1254877, 35.8492904]]}}, {"type": "Feature", "id": "osm-way-1541330237", "properties": {"osm_id": 1541330237, "highway": "footway", "name": null, "foot": null, "access": null, "surface": null, "source": "OpenStreetMap contributors", "source_layer": "openstreetmap_campus_paths"}, "geometry": {"type": "LineString", "coordinates": [[127.1255621, 35.8494214], [127.12547260000001, 35.8494016]]}}, {"type": "Feature", "id": "osm-way-1541330238", "properties": {"osm_id": 1541330238, "highway": "steps", "name": null, "foot": null, "access": null, "surface": null, "source": "OpenStreetMap contributors", "source_layer": "openstreetmap_campus_paths"}, "geometry": {"type": "LineString", "coordinates": [[127.1255621, 35.8494214], [127.12565439999999, 35.8494353]]}}, {"type": "Feature", "id": "osm-way-1541330239", "properties": {"osm_id": 1541330239, "highway": "footway", "name": null, "foot": null, "access": null, "surface": null, "source": "OpenStreetMap contributors", "source_layer": "openstreetmap_campus_paths"}, "geometry": {"type": "LineString", "coordinates": [[127.12565439999999, 35.8494353]]}}, {"type": "Feature", "id": "osm-way-1541330240", "properties": {"osm_id": 1541330240, "highway": "footway", "name": null, "foot": null, "access": null, "surface": null, "source": "OpenStreetMap contributors", "source_layer": "openstreetmap_campus_paths"}, "geometry": {"type": "LineString", "coordinates": [[127.1253815, 35.8476085], [127.1254024, 35.8476778], [127.1254449, 35.8477667], [127.1254365, 35.8478129]]}}, {"type": "Feature", "id": "osm-way-1541330241", "properties": {"osm_id": 1541330241, "highway": "steps", "name": null, "foot": null, "access": null, "surface": null, "source": "OpenStreetMap contributors", "source_layer": "openstreetmap_campus_paths"}, "geometry": {"type": "LineString", "coordinates": [[127.1254365, 35.8478129], [127.1254143, 35.84790098333333]]}}, {"type": "Feature", "id": "osm-way-1541330242", "properties": {"osm_id": 1541330242, "highway": "footway", "name": null, "foot": null, "access": null, "surface": null, "source": "OpenStreetMap contributors", "source_layer": "openstreetmap_campus_paths"}, "geometry": {"type": "LineString", "coordinates": [[127.1254143, 35.84790098333333]]}}, {"type": "Feature", "id": "osm-way-1548870092", "properties": {"osm_id": 1548870092, "highway": "service", "name": null, "foot": null, "access": null, "surface": null, "source": "OpenStreetMap contributors", "source_layer": "openstreetmap_campus_paths"}, "geometry": {"type": "LineString", "coordinates": [[127.1271995, 35.8408289], [127.1270118, 35.8406972], [127.1268875, 35.8405475]]}}, {"type": "Feature", "id": "osm-way-1548870093", "properties": {"osm_id": 1548870093, "highway": "service", "name": null, "foot": null, "access": null, "surface": null, "source": "OpenStreetMap contributors", "source_layer": "openstreetmap_campus_paths"}, "geometry": {"type": "LineString", "coordinates": [[127.1268875, 35.8405475]]}}, {"type": "Feature", "id": "osm-way-1548870094", "properties": {"osm_id": 1548870094, "highway": "service", "name": null, "foot": null, "access": null, "surface": null, "source": "OpenStreetMap contributors", "source_layer": "openstreetmap_campus_paths"}, "geometry": {"type": "LineString", "coordinates": [[127.12867689999999, 35.8398557], [127.127501, 35.840722099999994], [127.12745415, 35.84075755], [127.12742945, 35.84081865], [127.1273596, 35.84079825], [127.1273105, 35.84079555], [127.1272427, 35.84075983333333], [127.12720755000001, 35.840719], [127.1271929, 35.84067535], [127.12717570000001, 35.840625700000004], [127.12713706666666, 35.840584], [127.1270392, 35.8405866]]}}, {"type": "Feature", "id": "osm-way-1548870095", "properties": {"osm_id": 1548870095, "highway": "service", "name": null, "foot": null, "access": null, "surface": null, "source": "OpenStreetMap contributors", "source_layer": "openstreetmap_campus_paths"}, "geometry": {"type": "LineString", "coordinates": [[127.1268875, 35.8405475], [127.12695310000001, 35.8405276], [127.1270323, 35.8405129], [127.1270797, 35.8405253], [127.1271334, 35.8405497], [127.12713706666666, 35.840584], [127.12717570000001, 35.840625700000004], [127.1271929, 35.84067535], [127.12720755000001, 35.840719], [127.1272427, 35.84075983333333], [127.1273105, 35.84079555], [127.1273596, 35.84079825], [127.1273944, 35.8407651], [127.12745415, 35.84075755], [127.127501, 35.840722099999994]]}}, {"type": "Feature", "id": "osm-way-1548870096", "properties": {"osm_id": 1548870096, "highway": "service", "name": null, "foot": null, "access": null, "surface": null, "source": "OpenStreetMap contributors", "source_layer": "openstreetmap_campus_paths"}, "geometry": {"type": "LineString", "coordinates": [[127.1268875, 35.8405475], [127.12695310000001, 35.8405276], [127.1270392, 35.8405866]]}}, {"type": "Feature", "id": "osm-way-1548870097", "properties": {"osm_id": 1548870097, "highway": "service", "name": null, "foot": null, "access": null, "surface": null, "source": "OpenStreetMap contributors", "source_layer": "openstreetmap_campus_paths"}, "geometry": {"type": "LineString", "coordinates": [[127.1270392, 35.8405866], [127.1270768, 35.8406685], [127.127319, 35.8408576]]}}, {"type": "Feature", "id": "osm-way-1548870098", "properties": {"osm_id": 1548870098, "highway": "service", "name": null, "foot": null, "access": null, "surface": null, "source": "OpenStreetMap contributors", "source_layer": "openstreetmap_campus_paths"}, "geometry": {"type": "LineString", "coordinates": [[127.1268875, 35.8405475], [127.1265616, 35.840336], [127.1265153, 35.8403107], [127.1264347, 35.840273249999996], [127.1263278, 35.8402939], [127.1262533, 35.8402862], [127.126096, 35.840248], [127.1259103, 35.8401877], [127.1257224, 35.8400865], [127.12554474999999, 35.8399807], [127.1254015, 35.8398658], [127.1253226, 35.8397808], [127.1254015, 35.8398658], [127.1254647, 35.8399028], [127.12554474999999, 35.8399807], [127.1256286, 35.8400097], [127.1257224, 35.8400865], [127.1258953, 35.8401296], [127.1260102, 35.8401625], [127.1261638, 35.8402037], [127.1263325, 35.8402412], [127.1264347, 35.840273249999996], [127.1265417, 35.8402564], [127.1266368, 35.840274], [127.1267028, 35.840303], [127.1267857, 35.8403702], [127.1268875, 35.8405475]]}}, {"type": "Feature", "id": "osm-way-1548870099", "properties": {"osm_id": 1548870099, "highway": "unclassified", "name": "\ub4e4\uc0ac\ud3c9\ub85c", "foot": null, "access": null, "surface": null, "source": "OpenStreetMap contributors", "source_layer": "openstreetmap_campus_paths"}, "geometry": {"type": "LineString", "coordinates": [[127.1265659, 35.8414969], [127.1266524, 35.8415544]]}}, {"type": "Feature", "id": "osm-way-1548870100", "properties": {"osm_id": 1548870100, "highway": "service", "name": null, "foot": null, "access": null, "surface": null, "source": "OpenStreetMap contributors", "source_layer": "openstreetmap_campus_paths"}, "geometry": {"type": "LineString", "coordinates": [[127.1265275, 35.8413459], [127.12663175, 35.84141905], [127.127276, 35.8408879]]}}, {"type": "Feature", "id": "osm-way-1548870101", "properties": {"osm_id": 1548870101, "highway": "service", "name": null, "foot": null, "access": null, "surface": null, "source": "OpenStreetMap contributors", "source_layer": "openstreetmap_campus_paths"}, "geometry": {"type": "LineString", "coordinates": [[127.1274098, 35.8409922], [127.1273249, 35.8409254]]}}, {"type": "Feature", "id": "osm-way-1548870102", "properties": {"osm_id": 1548870102, "highway": "footway", "name": null, "foot": null, "access": null, "surface": null, "source": "OpenStreetMap contributors", "source_layer": "openstreetmap_campus_paths"}, "geometry": {"type": "LineString", "coordinates": [[127.1273249, 35.8409254], [127.1272486, 35.840984]]}}, {"type": "Feature", "geometry": {"type": "LineString", "coordinates": [[127.13252509, 35.84778197], [127.13252825555556, 35.84768], [127.1331029, 35.8477012]], "mantle_properties": {"strokeColor": "#2563EB", "strokeOpacity": 0.95, "strokeWeight": 5, "strokeStyle": "solid", "strokeLineCap": "butt", "strokeLineJoin": "miter", "visible": true, "clickable": true, "zIndex": 0, "overlayType": "Polyline"}}, "properties": {"strokeColor": "#2563EB", "strokeOpacity": 0.95, "strokeWeight": 5, "strokeStyle": "solid", "strokeLineCap": "butt", "strokeLineJoin": "miter", "visible": true, "clickable": true, "zIndex": 0, "overlayType": "Polyline", "id": "jbnu-osm-correction-115952728-46de33", "kind": "walkway", "name": "OSM 115952728 \uc704\uce58 \ubcf4\uc815", "walkable": true, "bidirectional": true, "status": "active", "access": "unknown", "stairs": false, "wheelchair": false, "surface": "unknown", "opening_hours": "24/7", "access_time_start": null, "access_time_end": null, "access_timezone": "Asia/Seoul", "source": "OpenStreetMap contributors; user_correction", "verified_at": null, "evidence": "OSM \uc6d0\ubcf8 115952728\uc758 \uc704\uce58 \ubcf4\uc815\ubcf8", "category": null, "description": null, "source_id": "osm-way-115952728", "replaces_source_id": "osm-way-115952728", "source_status": "superseded_by_local_correction", "source_highway": "service"}, "id": "jbnu-osm-correction-115952728-46de33"}, {"type": "Feature", "geometry": {"type": "LineString", "coordinates": [[127.13181963333334, 35.84641462222223], [127.13178935, 35.846795125], [127.13178332500001, 35.846876050000006], [127.13177803970818, 35.84730810326708], [127.133285525, 35.847369225]], "mantle_properties": {"strokeColor": "#2563EB", "strokeOpacity": 0.95, "strokeWeight": 5, "strokeStyle": "solid", "strokeLineCap": "butt", "strokeLineJoin": "miter", "visible": true, "clickable": true, "zIndex": 0, "overlayType": "Polyline"}}, "properties": {"strokeColor": "#2563EB", "strokeOpacity": 0.95, "strokeWeight": 5, "strokeStyle": "solid", "strokeLineCap": "butt", "strokeLineJoin": "miter", "visible": true, "clickable": true, "zIndex": 0, "overlayType": "Polyline", "id": "jbnu-osm-correction-115952694-2458d5", "kind": "walkway", "name": "OSM 115952694 \uc704\uce58 \ubcf4\uc815", "walkable": true, "bidirectional": true, "status": "active", "access": "unknown", "stairs": false, "wheelchair": false, "surface": "unknown", "opening_hours": "24/7", "access_time_start": null, "access_time_end": null, "access_timezone": "Asia/Seoul", "source": "OpenStreetMap contributors; user_correction", "verified_at": null, "evidence": "OSM \uc6d0\ubcf8 115952694\uc758 \uc704\uce58 \ubcf4\uc815\ubcf8", "category": null, "description": null, "source_id": "osm-way-115952694", "replaces_source_id": "osm-way-115952694", "source_status": "superseded_by_local_correction", "source_highway": "service"}, "id": "jbnu-osm-correction-115952694-2458d5"}, {"type": "Feature", "geometry": {"type": "LineString", "coordinates": [[127.13252825555556, 35.84768], [127.13254808604074, 35.84733808559357]], "mantle_properties": {"strokeColor": "#2563EB", "strokeOpacity": 0.95, "strokeWeight": 5, "strokeStyle": "solid", "strokeLineCap": "butt", "strokeLineJoin": "miter", "visible": true, "clickable": true, "zIndex": 0, "overlayType": "Polyline"}}, "properties": {"strokeColor": "#2563EB", "strokeOpacity": 0.95, "strokeWeight": 5, "strokeStyle": "solid", "strokeLineCap": "butt", "strokeLineJoin": "miter", "visible": true, "clickable": true, "zIndex": 0, "overlayType": "Polyline", "id": "jbnu-walkway-23e3208a", "kind": "walkway", "name": "", "walkable": true, "bidirectional": true, "status": "active", "access": "unknown", "stairs": false, "wheelchair": false, "surface": "unknown", "opening_hours": "24/7", "access_time_start": null, "access_time_end": null, "access_timezone": "Asia/Seoul", "source": "field_survey", "verified_at": null, "evidence": null, "category": null, "description": null, "source_highway": "footway"}, "id": "jbnu-walkway-23e3208a"}, {"type": "Feature", "geometry": {"type": "LineString", "coordinates": [[127.13277317142857, 35.84639182857143], [127.132650775, 35.846437525], [127.13257078888888, 35.846446944444445], [127.13249414999999, 35.846436275], [127.13242040833332, 35.84639561666666]], "mantle_properties": {"strokeColor": "#2563EB", "strokeOpacity": 0.95, "strokeWeight": 5, "strokeStyle": "solid", "strokeLineCap": "butt", "strokeLineJoin": "miter", "visible": true, "clickable": true, "zIndex": 0, "overlayType": "Polyline"}}, "properties": {"strokeColor": "#2563EB", "strokeOpacity": 0.95, "strokeWeight": 5, "strokeStyle": "solid", "strokeLineCap": "butt", "strokeLineJoin": "miter", "visible": true, "clickable": true, "zIndex": 0, "overlayType": "Polyline", "id": "jbnu-osm-correction-1328178456-cc0ddd", "kind": "walkway", "name": "OSM 1328178456 \uc704\uce58 \ubcf4\uc815", "walkable": true, "bidirectional": true, "status": "active", "access": "unknown", "stairs": false, "wheelchair": false, "surface": "unknown", "opening_hours": "24/7", "access_time_start": null, "access_time_end": null, "access_timezone": "Asia/Seoul", "source": "OpenStreetMap contributors; user_correction", "verified_at": null, "evidence": "OSM \uc6d0\ubcf8 1328178456\uc758 \uc704\uce58 \ubcf4\uc815\ubcf8", "category": null, "description": null, "source_id": "osm-way-1328178456", "replaces_source_id": "osm-way-1328178456", "source_status": "superseded_by_local_correction", "source_highway": "service"}, "id": "jbnu-osm-correction-1328178456-cc0ddd"}, {"type": "Feature", "geometry": {"type": "LineString", "coordinates": [[127.13240941111111, 35.847328922222225], [127.1324327, 35.846964308333334], [127.13268852499999, 35.8469716], [127.1327009, 35.8467752], [127.1325587, 35.84677018888889], [127.13259696, 35.8466513], [127.13261317999999, 35.84653756], [127.13257078888888, 35.846446944444445]], "mantle_properties": {"strokeColor": "#2563EB", "strokeOpacity": 0.95, "strokeWeight": 5, "strokeStyle": "solid", "strokeLineCap": "butt", "strokeLineJoin": "miter", "visible": true, "clickable": true, "zIndex": 0, "overlayType": "Polyline"}}, "properties": {"strokeColor": "#2563EB", "strokeOpacity": 0.95, "strokeWeight": 5, "strokeStyle": "solid", "strokeLineCap": "butt", "strokeLineJoin": "miter", "visible": true, "clickable": true, "zIndex": 0, "overlayType": "Polyline", "id": "jbnu-walkway-f0bd1cdc", "kind": "walkway", "name": "", "walkable": true, "bidirectional": true, "status": "active", "access": "unknown", "stairs": false, "wheelchair": false, "surface": "unknown", "opening_hours": "24/7", "access_time_start": null, "access_time_end": null, "access_timezone": "Asia/Seoul", "source": "field_survey", "verified_at": null, "evidence": null, "category": null, "description": null, "source_highway": "footway"}, "id": "jbnu-walkway-f0bd1cdc"}, {"type": "Feature", "geometry": {"type": "LineString", "coordinates": [[127.1325587, 35.84677018888889], [127.13240422499999, 35.846769025], [127.1324327, 35.846964308333334]], "mantle_properties": {"strokeColor": "#2563EB", "strokeOpacity": 0.95, "strokeWeight": 5, "strokeStyle": "solid", "strokeLineCap": "butt", "strokeLineJoin": "miter", "visible": true, "clickable": true, "zIndex": 0, "overlayType": "Polyline"}}, "properties": {"strokeColor": "#2563EB", "strokeOpacity": 0.95, "strokeWeight": 5, "strokeStyle": "solid", "strokeLineCap": "butt", "strokeLineJoin": "miter", "visible": true, "clickable": true, "zIndex": 0, "overlayType": "Polyline", "id": "jbnu-walkway-102eeb23", "kind": "walkway", "name": "", "walkable": true, "bidirectional": true, "status": "active", "access": "unknown", "stairs": false, "wheelchair": false, "surface": "unknown", "opening_hours": "24/7", "access_time_start": null, "access_time_end": null, "access_timezone": "Asia/Seoul", "source": "field_survey", "verified_at": null, "evidence": null, "category": null, "description": null, "source_highway": "footway"}, "id": "jbnu-walkway-102eeb23"}, {"type": "Feature", "geometry": {"type": "LineString", "coordinates": [[127.13247825, 35.8462967], [127.132605825, 35.8463048], [127.1326963, 35.846353775000004], [127.13277317142857, 35.84639182857143], [127.13288643348568, 35.846441902340786], [127.1333562, 35.8464728]], "mantle_properties": {"strokeColor": "#2563EB", "strokeOpacity": 0.95, "strokeWeight": 5, "strokeStyle": "solid", "strokeLineCap": "butt", "strokeLineJoin": "miter", "visible": true, "clickable": true, "zIndex": 0, "overlayType": "Polyline"}}, "properties": {"strokeColor": "#2563EB", "strokeOpacity": 0.95, "strokeWeight": 5, "strokeStyle": "solid", "strokeLineCap": "butt", "strokeLineJoin": "miter", "visible": true, "clickable": true, "zIndex": 0, "overlayType": "Polyline", "id": "jbnu-osm-correction-1280489680-b9fa27", "kind": "walkway", "name": "\uacf5\ud559\ub85c", "walkable": true, "bidirectional": true, "status": "active", "access": "unknown", "stairs": false, "wheelchair": false, "surface": "unknown", "opening_hours": "24/7", "access_time_start": null, "access_time_end": null, "access_timezone": "Asia/Seoul", "source": "OpenStreetMap contributors; user_correction", "verified_at": null, "evidence": "OSM \uc6d0\ubcf8 1280489680\uc758 \uc704\uce58 \ubcf4\uc815\ubcf8", "category": null, "description": null, "source_id": "osm-way-1280489680", "replaces_source_id": "osm-way-1280489680", "source_status": "superseded_by_local_correction", "source_highway": "service"}, "id": "jbnu-osm-correction-1280489680-b9fa27"}, {"type": "Feature", "geometry": {"type": "LineString", "coordinates": [[127.13261317999999, 35.84653756], [127.1328539, 35.84655], [127.13288643348568, 35.846441902340786]], "mantle_properties": {"strokeColor": "#2563EB", "strokeOpacity": 0.95, "strokeWeight": 5, "strokeStyle": "solid", "strokeLineCap": "butt", "strokeLineJoin": "miter", "visible": true, "clickable": true, "zIndex": 0, "overlayType": "Polyline"}}, "properties": {"strokeColor": "#2563EB", "strokeOpacity": 0.95, "strokeWeight": 5, "strokeStyle": "solid", "strokeLineCap": "butt", "strokeLineJoin": "miter", "visible": true, "clickable": true, "zIndex": 0, "overlayType": "Polyline", "id": "jbnu-walkway-a0dc7e42", "kind": "walkway", "name": "", "walkable": true, "bidirectional": true, "status": "active", "access": "unknown", "stairs": false, "wheelchair": false, "surface": "unknown", "opening_hours": "24/7", "access_time_start": null, "access_time_end": null, "access_timezone": "Asia/Seoul", "source": "field_survey", "verified_at": null, "evidence": null, "category": null, "description": null, "source_highway": "footway"}, "id": "jbnu-walkway-a0dc7e42"}, {"type": "Feature", "geometry": {"type": "LineString", "coordinates": [[127.13259696, 35.8466513], [127.13334085893433, 35.84666410811276]], "mantle_properties": {"strokeColor": "#2563EB", "strokeOpacity": 0.95, "strokeWeight": 5, "strokeStyle": "solid", "strokeLineCap": "butt", "strokeLineJoin": "miter", "visible": true, "clickable": true, "zIndex": 0, "overlayType": "Polyline"}}, "properties": {"strokeColor": "#2563EB", "strokeOpacity": 0.95, "strokeWeight": 5, "strokeStyle": "solid", "strokeLineCap": "butt", "strokeLineJoin": "miter", "visible": true, "clickable": true, "zIndex": 0, "overlayType": "Polyline", "id": "jbnu-walkway-ed8dd579", "kind": "walkway", "name": "", "walkable": true, "bidirectional": true, "status": "active", "access": "unknown", "stairs": false, "wheelchair": false, "surface": "unknown", "opening_hours": "24/7", "access_time_start": null, "access_time_end": null, "access_timezone": "Asia/Seoul", "source": "field_survey", "verified_at": null, "evidence": null, "category": null, "description": null, "source_highway": "footway"}, "id": "jbnu-walkway-ed8dd579"}, {"type": "Feature", "geometry": {"type": "LineString", "coordinates": [[127.1344490888889, 35.84692796666666], [127.13447663496852, 35.84711099360998]], "mantle_properties": {"strokeColor": "#2563EB", "strokeOpacity": 0.95, "strokeWeight": 5, "strokeStyle": "solid", "strokeLineCap": "butt", "strokeLineJoin": "miter", "visible": true, "clickable": true, "zIndex": 0, "overlayType": "Polyline"}}, "properties": {"strokeColor": "#2563EB", "strokeOpacity": 0.95, "strokeWeight": 5, "strokeStyle": "solid", "strokeLineCap": "butt", "strokeLineJoin": "miter", "visible": true, "clickable": true, "zIndex": 0, "overlayType": "Polyline", "id": "jbnu-walkway-78604737", "kind": "walkway", "name": "", "walkable": true, "bidirectional": true, "status": "active", "access": "unknown", "stairs": false, "wheelchair": false, "surface": "unknown", "opening_hours": "24/7", "access_time_start": null, "access_time_end": null, "access_timezone": "Asia/Seoul", "source": "field_survey", "verified_at": null, "evidence": null, "category": null, "description": null, "source_highway": "footway"}, "id": "jbnu-walkway-78604737"}, {"type": "Feature", "geometry": {"type": "LineString", "coordinates": [[127.13441724779003, 35.847504937488324], [127.13442754444445, 35.847222688888884]], "mantle_properties": {"strokeColor": "#2563EB", "strokeOpacity": 0.95, "strokeWeight": 5, "strokeStyle": "solid", "strokeLineCap": "butt", "strokeLineJoin": "miter", "visible": true, "clickable": true, "zIndex": 0, "overlayType": "Polyline"}}, "properties": {"strokeColor": "#2563EB", "strokeOpacity": 0.95, "strokeWeight": 5, "strokeStyle": "solid", "strokeLineCap": "butt", "strokeLineJoin": "miter", "visible": true, "clickable": true, "zIndex": 0, "overlayType": "Polyline", "id": "jbnu-walkway-baba85f8", "kind": "walkway", "name": "", "walkable": true, "bidirectional": true, "status": "active", "access": "unknown", "stairs": false, "wheelchair": false, "surface": "unknown", "opening_hours": "24/7", "access_time_start": null, "access_time_end": null, "access_timezone": "Asia/Seoul", "source": "field_survey", "verified_at": null, "evidence": null, "category": null, "description": null, "source_highway": "footway"}, "id": "jbnu-walkway-baba85f8"}, {"type": "Feature", "geometry": {"type": "LineString", "coordinates": [[127.133865125, 35.847107449999996], [127.13432438333332, 35.847129333333335], [127.134320425, 35.8472159], [127.13442754444445, 35.847222688888884], [127.1349816857143, 35.847248209523805], [127.13518165, 35.84725843333333]], "mantle_properties": {"strokeColor": "#2563EB", "strokeOpacity": 0.95, "strokeWeight": 5, "strokeStyle": "solid", "strokeLineCap": "butt", "strokeLineJoin": "miter", "visible": true, "clickable": true, "zIndex": 0, "overlayType": "Polyline"}}, "properties": {"strokeColor": "#2563EB", "strokeOpacity": 0.95, "strokeWeight": 5, "strokeStyle": "solid", "strokeLineCap": "butt", "strokeLineJoin": "miter", "visible": true, "clickable": true, "zIndex": 0, "overlayType": "Polyline", "id": "jbnu-osm-correction-1389446814-6c5e8f", "kind": "walkway", "name": "OSM 1389446814 \uc704\uce58 \ubcf4\uc815", "walkable": true, "bidirectional": true, "status": "active", "access": "unknown", "stairs": false, "wheelchair": false, "surface": "unknown", "opening_hours": "24/7", "access_time_start": null, "access_time_end": null, "access_timezone": "Asia/Seoul", "source": "OpenStreetMap contributors; user_correction", "verified_at": null, "evidence": "OSM \uc6d0\ubcf8 1389446814\uc758 \uc704\uce58 \ubcf4\uc815\ubcf8", "category": null, "description": null, "source_id": "osm-way-1389446814", "replaces_source_id": "osm-way-1389446814", "source_status": "superseded_by_local_correction", "source_highway": "service"}, "id": "jbnu-osm-correction-1389446814-6c5e8f"}, {"type": "Feature", "geometry": {"type": "LineString", "coordinates": [[127.1343736857143, 35.84711677142857], [127.13432438333332, 35.847129333333335]], "mantle_properties": {"strokeColor": "#2563EB", "strokeOpacity": 0.95, "strokeWeight": 5, "strokeStyle": "solid", "strokeLineCap": "butt", "strokeLineJoin": "miter", "visible": true, "clickable": true, "zIndex": 0, "overlayType": "Polyline"}}, "properties": {"strokeColor": "#2563EB", "strokeOpacity": 0.95, "strokeWeight": 5, "strokeStyle": "solid", "strokeLineCap": "butt", "strokeLineJoin": "miter", "visible": true, "clickable": true, "zIndex": 0, "overlayType": "Polyline", "id": "jbnu-walkway-19cfa351", "kind": "walkway", "name": "", "walkable": true, "bidirectional": true, "status": "active", "access": "unknown", "stairs": false, "wheelchair": false, "surface": "unknown", "opening_hours": "24/7", "access_time_start": null, "access_time_end": null, "access_timezone": "Asia/Seoul", "source": "field_survey", "verified_at": null, "evidence": null, "category": null, "description": null, "source_highway": "footway"}, "id": "jbnu-walkway-19cfa351"}, {"type": "Feature", "geometry": {"type": "LineString", "coordinates": [[127.1343736857143, 35.84711677142857], [127.13447663496852, 35.84711099360998]], "mantle_properties": {"strokeColor": "#2563EB", "strokeOpacity": 0.95, "strokeWeight": 5, "strokeStyle": "solid", "strokeLineCap": "butt", "strokeLineJoin": "miter", "visible": true, "clickable": true, "zIndex": 0, "overlayType": "Polyline"}}, "properties": {"strokeColor": "#2563EB", "strokeOpacity": 0.95, "strokeWeight": 5, "strokeStyle": "solid", "strokeLineCap": "butt", "strokeLineJoin": "miter", "visible": true, "clickable": true, "zIndex": 0, "overlayType": "Polyline", "id": "jbnu-osm-correction-1389446836-512c28", "kind": "walkway", "name": "OSM 1389446836 \uc704\uce58 \ubcf4\uc815", "walkable": true, "bidirectional": true, "status": "active", "access": "unknown", "stairs": false, "wheelchair": false, "surface": "unknown", "opening_hours": "24/7", "access_time_start": null, "access_time_end": null, "access_timezone": "Asia/Seoul", "source": "OpenStreetMap contributors; user_correction", "verified_at": null, "evidence": "OSM \uc6d0\ubcf8 1389446836\uc758 \uc704\uce58 \ubcf4\uc815\ubcf8", "category": null, "description": null, "source_id": "osm-way-1389446836", "replaces_source_id": "osm-way-1389446836", "source_status": "superseded_by_local_correction", "source_highway": "service"}, "id": "jbnu-osm-correction-1389446836-512c28"}, {"type": "Feature", "geometry": {"type": "LineString", "coordinates": [[127.134461125, 35.846090625], [127.13447956666666, 35.845917166666666]], "mantle_properties": {"strokeColor": "#F59E0B", "strokeOpacity": 0.95, "strokeWeight": 5, "strokeStyle": "shortdash", "strokeLineCap": "butt", "strokeLineJoin": "miter", "visible": true, "clickable": true, "zIndex": 0, "overlayType": "Polyline"}}, "properties": {"strokeColor": "#F59E0B", "strokeOpacity": 0.95, "strokeWeight": 5, "strokeStyle": "shortdash", "strokeLineCap": "butt", "strokeLineJoin": "miter", "visible": true, "clickable": true, "zIndex": 0, "overlayType": "Polyline", "id": "jbnu-walkway-358dea35", "kind": "walkway", "name": "", "walkable": true, "bidirectional": true, "status": "candidate", "access": "unknown", "stairs": false, "wheelchair": false, "surface": "unknown", "opening_hours": "unknown", "access_time_start": null, "access_time_end": null, "access_timezone": "Asia/Seoul", "source": "field_survey", "verified_at": null, "evidence": null, "category": null, "description": null, "source_highway": "footway"}, "id": "jbnu-walkway-358dea35"}, {"type": "Feature", "geometry": {"type": "LineString", "coordinates": [[127.13430545, 35.8468668], [127.13436164999999, 35.846806775000005], [127.13437007499999, 35.846716375], [127.13441523333334, 35.84663123333333]], "mantle_properties": {"strokeColor": "#2563EB", "strokeOpacity": 0.95, "strokeWeight": 5, "strokeStyle": "solid", "strokeLineCap": "butt", "strokeLineJoin": "miter", "visible": true, "clickable": true, "zIndex": 0, "overlayType": "Polyline"}}, "properties": {"strokeColor": "#2563EB", "strokeOpacity": 0.95, "strokeWeight": 5, "strokeStyle": "solid", "strokeLineCap": "butt", "strokeLineJoin": "miter", "visible": true, "clickable": true, "zIndex": 0, "overlayType": "Polyline", "id": "jbnu-walkway-ad379e42", "kind": "walkway", "name": "", "walkable": true, "bidirectional": true, "status": "active", "access": "unknown", "stairs": false, "wheelchair": false, "surface": "unknown", "opening_hours": "24/7", "access_time_start": null, "access_time_end": null, "access_timezone": "Asia/Seoul", "source": "field_survey", "verified_at": null, "evidence": null, "category": null, "description": null, "source_highway": "footway"}, "id": "jbnu-walkway-ad379e42"}, {"type": "Feature", "geometry": {"type": "LineString", "coordinates": [[127.133609775, 35.84749755], [127.13361332753598, 35.84765501559701], [127.13361186926981, 35.84759634734957], [127.13361561111111, 35.84774142222222]], "mantle_properties": {"strokeColor": "#2563EB", "strokeOpacity": 0.95, "strokeWeight": 5, "strokeStyle": "solid", "strokeLineCap": "butt", "strokeLineJoin": "miter", "visible": true, "clickable": true, "zIndex": 0, "overlayType": "Polyline"}}, "properties": {"strokeColor": "#2563EB", "strokeOpacity": 0.95, "strokeWeight": 5, "strokeStyle": "solid", "strokeLineCap": "butt", "strokeLineJoin": "miter", "visible": true, "clickable": true, "zIndex": 0, "overlayType": "Polyline", "id": "jbnu-walkway-c4059f09", "kind": "walkway", "name": "", "walkable": true, "bidirectional": true, "status": "active", "access": "unknown", "stairs": false, "wheelchair": false, "surface": "unknown", "opening_hours": "24/7", "access_time_start": null, "access_time_end": null, "access_timezone": "Asia/Seoul", "source": "field_survey", "verified_at": null, "evidence": null, "category": null, "description": null, "source_highway": "footway"}, "id": "jbnu-walkway-c4059f09"}, {"type": "Feature", "geometry": {"type": "LineString", "coordinates": [[127.13361096, 35.847815589999996], [127.13361561111111, 35.84774142222222]], "mantle_properties": {"strokeColor": "#2563EB", "strokeOpacity": 0.95, "strokeWeight": 5, "strokeStyle": "solid", "strokeLineCap": "butt", "strokeLineJoin": "miter", "visible": true, "clickable": true, "zIndex": 0, "overlayType": "Polyline"}}, "properties": {"strokeColor": "#2563EB", "strokeOpacity": 0.95, "strokeWeight": 5, "strokeStyle": "solid", "strokeLineCap": "butt", "strokeLineJoin": "miter", "visible": true, "clickable": true, "zIndex": 0, "overlayType": "Polyline", "id": "jbnu-osm-correction-1293436255-b9631a", "kind": "walkway", "name": "OSM 1293436255 \uc704\uce58 \ubcf4\uc815", "walkable": true, "bidirectional": true, "status": "active", "access": "unknown", "stairs": false, "wheelchair": false, "surface": "unknown", "opening_hours": "24/7", "access_time_start": null, "access_time_end": null, "access_timezone": "Asia/Seoul", "source": "OpenStreetMap contributors; user_correction", "verified_at": null, "evidence": "OSM \uc6d0\ubcf8 1293436255\uc758 \uc704\uce58 \ubcf4\uc815\ubcf8", "category": null, "description": null, "source_id": "osm-way-1293436255", "replaces_source_id": "osm-way-1293436255", "source_status": "superseded_by_local_correction", "source_highway": "footway"}, "id": "jbnu-osm-correction-1293436255-b9631a"}, {"type": "Feature", "geometry": {"type": "LineString", "coordinates": [[127.1288741530726, 35.845873621676006], [127.12898105, 35.84576735], [127.12903745, 35.845739425000005], [127.129109675, 35.845686275], [127.12922295, 35.845632425000005], [127.129314, 35.84559845], [127.12935842499999, 35.8455762], [127.129415075, 35.84552855], [127.12944995, 35.845478875], [127.12945516666667, 35.845411266666666]], "mantle_properties": {"strokeColor": "#2563EB", "strokeOpacity": 0.95, "strokeWeight": 5, "strokeStyle": "solid", "strokeLineCap": "butt", "strokeLineJoin": "miter", "visible": true, "clickable": true, "zIndex": 0, "overlayType": "Polyline"}}, "properties": {"strokeColor": "#2563EB", "strokeOpacity": 0.95, "strokeWeight": 5, "strokeStyle": "solid", "strokeLineCap": "butt", "strokeLineJoin": "miter", "visible": true, "clickable": true, "zIndex": 0, "overlayType": "Polyline", "id": "jbnu-walkway-bbfa7e96", "kind": "walkway", "name": "", "walkable": true, "bidirectional": true, "status": "active", "access": "unknown", "stairs": false, "wheelchair": false, "surface": "unknown", "opening_hours": "24/7", "access_time_start": null, "access_time_end": null, "access_timezone": "Asia/Seoul", "source": "field_survey", "verified_at": null, "evidence": null, "category": null, "description": null, "source_highway": "footway"}, "id": "jbnu-walkway-bbfa7e96"}, {"type": "Feature", "geometry": {"type": "LineString", "coordinates": [[127.13138809555757, 35.847287150383984], [127.131286475, 35.84727875], [127.131258225, 35.84719522499999], [127.13122472500001, 35.8471378], [127.131157575, 35.847095249999995], [127.1310035, 35.84704574444444]], "mantle_properties": {"strokeColor": "#2563EB", "strokeOpacity": 0.95, "strokeWeight": 5, "strokeStyle": "solid", "strokeLineCap": "butt", "strokeLineJoin": "miter", "visible": true, "clickable": true, "zIndex": 0, "overlayType": "Polyline"}}, "properties": {"strokeColor": "#2563EB", "strokeOpacity": 0.95, "strokeWeight": 5, "strokeStyle": "solid", "strokeLineCap": "butt", "strokeLineJoin": "miter", "visible": true, "clickable": true, "zIndex": 0, "overlayType": "Polyline", "id": "jbnu-osm-correction-1427026318-0a12bb", "kind": "walkway", "name": "OSM 1427026318 \uc704\uce58 \ubcf4\uc815", "walkable": true, "bidirectional": true, "status": "active", "access": "unknown", "stairs": false, "wheelchair": false, "surface": "unknown", "opening_hours": "24/7", "access_time_start": null, "access_time_end": null, "access_timezone": "Asia/Seoul", "source": "OpenStreetMap contributors; user_correction", "verified_at": null, "evidence": "OSM \uc6d0\ubcf8 1427026318\uc758 \uc704\uce58 \ubcf4\uc815\ubcf8", "category": null, "description": null, "source_id": "osm-way-1427026318", "replaces_source_id": "osm-way-1427026318", "source_status": "superseded_by_local_correction", "source_highway": "footway"}, "id": "jbnu-osm-correction-1427026318-0a12bb"}, {"type": "Feature", "geometry": {"type": "LineString", "coordinates": [[127.13005095, 35.84729055], [127.1301913, 35.847282625], [127.1302079, 35.84734885], [127.130566, 35.847358650000004], [127.13063486325656, 35.847224681511214]], "mantle_properties": {"strokeColor": "#2563EB", "strokeOpacity": 0.95, "strokeWeight": 5, "strokeStyle": "solid", "strokeLineCap": "butt", "strokeLineJoin": "miter", "visible": true, "clickable": true, "zIndex": 0, "overlayType": "Polyline"}}, "properties": {"strokeColor": "#2563EB", "strokeOpacity": 0.95, "strokeWeight": 5, "strokeStyle": "solid", "strokeLineCap": "butt", "strokeLineJoin": "miter", "visible": true, "clickable": true, "zIndex": 0, "overlayType": "Polyline", "id": "jbnu-osm-correction-1495468725-9f2968", "kind": "walkway", "name": "OSM 1495468725 \uc704\uce58 \ubcf4\uc815", "walkable": true, "bidirectional": true, "status": "active", "access": "unknown", "stairs": false, "wheelchair": false, "surface": "unknown", "opening_hours": "24/7", "access_time_start": null, "access_time_end": null, "access_timezone": "Asia/Seoul", "source": "OpenStreetMap contributors; user_correction", "verified_at": null, "evidence": "OSM \uc6d0\ubcf8 1495468725\uc758 \uc704\uce58 \ubcf4\uc815\ubcf8", "category": null, "description": null, "source_id": "osm-way-1495468725", "replaces_source_id": "osm-way-1495468725", "source_status": "superseded_by_local_correction", "source_highway": "footway"}, "id": "jbnu-osm-correction-1495468725-9f2968"}, {"type": "Feature", "geometry": {"type": "LineString", "coordinates": [[127.13002756666667, 35.846923], [127.13016125, 35.846956275], [127.13075814999999, 35.846915725], [127.13094285, 35.8469774], [127.130944175, 35.847106575], [127.1309584111111, 35.8471557]], "mantle_properties": {"strokeColor": "#2563EB", "strokeOpacity": 0.95, "strokeWeight": 5, "strokeStyle": "solid", "strokeLineCap": "butt", "strokeLineJoin": "miter", "visible": true, "clickable": true, "zIndex": 0, "overlayType": "Polyline"}}, "properties": {"strokeColor": "#2563EB", "strokeOpacity": 0.95, "strokeWeight": 5, "strokeStyle": "solid", "strokeLineCap": "butt", "strokeLineJoin": "miter", "visible": true, "clickable": true, "zIndex": 0, "overlayType": "Polyline", "id": "jbnu-osm-correction-1495468724-d55b97", "kind": "walkway", "name": "OSM 1495468724 \uc704\uce58 \ubcf4\uc815", "walkable": true, "bidirectional": true, "status": "active", "access": "unknown", "stairs": false, "wheelchair": false, "surface": "unknown", "opening_hours": "24/7", "access_time_start": null, "access_time_end": null, "access_timezone": "Asia/Seoul", "source": "OpenStreetMap contributors; user_correction", "verified_at": null, "evidence": "OSM \uc6d0\ubcf8 1495468724\uc758 \uc704\uce58 \ubcf4\uc815\ubcf8", "category": null, "description": null, "source_id": "osm-way-1495468724", "replaces_source_id": "osm-way-1495468724", "source_status": "superseded_by_local_correction", "source_highway": "footway"}, "id": "jbnu-osm-correction-1495468724-d55b97"}, {"type": "Feature", "geometry": {"type": "LineString", "coordinates": [[127.1332724, 35.8475808], [127.13337628726195, 35.84758552769395], [127.13361186926981, 35.84759634734957]], "mantle_properties": {"strokeColor": "#2563EB", "strokeOpacity": 0.95, "strokeWeight": 5, "strokeStyle": "solid", "strokeLineCap": "butt", "strokeLineJoin": "miter", "visible": true, "clickable": true, "zIndex": 0, "overlayType": "Polyline"}}, "properties": {"strokeColor": "#2563EB", "strokeOpacity": 0.95, "strokeWeight": 5, "strokeStyle": "solid", "strokeLineCap": "butt", "strokeLineJoin": "miter", "visible": true, "clickable": true, "zIndex": 0, "overlayType": "Polyline", "id": "jbnu-osm-correction-1293436258-f9a22b", "kind": "walkway", "name": "OSM 1293436258 \uc704\uce58 \ubcf4\uc815", "walkable": true, "bidirectional": true, "status": "active", "access": "unknown", "stairs": false, "wheelchair": false, "surface": "unknown", "opening_hours": "24/7", "access_time_start": null, "access_time_end": null, "access_timezone": "Asia/Seoul", "source": "OpenStreetMap contributors; user_correction", "verified_at": null, "evidence": "OSM \uc6d0\ubcf8 1293436258\uc758 \uc704\uce58 \ubcf4\uc815\ubcf8", "category": null, "description": null, "source_id": "osm-way-1293436258", "replaces_source_id": "osm-way-1293436258", "source_status": "superseded_by_local_correction", "source_highway": "footway"}, "id": "jbnu-osm-correction-1293436258-f9a22b"}, {"type": "Feature", "geometry": {"type": "LineString", "coordinates": [[127.13388892304124, 35.84766050079363], [127.13361332753598, 35.84765501559701]], "mantle_properties": {"strokeColor": "#2563EB", "strokeOpacity": 0.95, "strokeWeight": 5, "strokeStyle": "solid", "strokeLineCap": "butt", "strokeLineJoin": "miter", "visible": true, "clickable": true, "zIndex": 0, "overlayType": "Polyline"}}, "properties": {"strokeColor": "#2563EB", "strokeOpacity": 0.95, "strokeWeight": 5, "strokeStyle": "solid", "strokeLineCap": "butt", "strokeLineJoin": "miter", "visible": true, "clickable": true, "zIndex": 0, "overlayType": "Polyline", "id": "jbnu-osm-correction-1293436256-6859bc", "kind": "walkway", "name": "OSM 1293436256 \uc704\uce58 \ubcf4\uc815", "walkable": true, "bidirectional": true, "status": "active", "access": "unknown", "stairs": false, "wheelchair": false, "surface": "unknown", "opening_hours": "24/7", "access_time_start": null, "access_time_end": null, "access_timezone": "Asia/Seoul", "source": "OpenStreetMap contributors; user_correction", "verified_at": null, "evidence": "OSM \uc6d0\ubcf8 1293436256\uc758 \uc704\uce58 \ubcf4\uc815\ubcf8", "category": null, "description": null, "source_id": "osm-way-1293436256", "replaces_source_id": "osm-way-1293436256", "source_status": "superseded_by_local_correction", "source_highway": "footway"}, "id": "jbnu-osm-correction-1293436256-6859bc"}, {"type": "Feature", "geometry": {"type": "LineString", "coordinates": [[127.13164285, 35.848021375], [127.13164493718662, 35.84832025926032], [127.131634375, 35.848543275]], "mantle_properties": {"strokeColor": "#2563EB", "strokeOpacity": 0.95, "strokeWeight": 5, "strokeStyle": "solid", "strokeLineCap": "butt", "strokeLineJoin": "miter", "visible": true, "clickable": true, "zIndex": 0, "overlayType": "Polyline"}}, "properties": {"strokeColor": "#2563EB", "strokeOpacity": 0.95, "strokeWeight": 5, "strokeStyle": "solid", "strokeLineCap": "butt", "strokeLineJoin": "miter", "visible": true, "clickable": true, "zIndex": 0, "overlayType": "Polyline", "id": "jbnu-osm-correction-1396136973-940d6f", "kind": "walkway", "name": "OSM 1396136973 \uc704\uce58 \ubcf4\uc815", "walkable": true, "bidirectional": true, "status": "active", "access": "unknown", "stairs": false, "wheelchair": false, "surface": "unknown", "opening_hours": "24/7", "access_time_start": null, "access_time_end": null, "access_timezone": "Asia/Seoul", "source": "OpenStreetMap contributors; user_correction", "verified_at": null, "evidence": "OSM \uc6d0\ubcf8 1396136973\uc758 \uc704\uce58 \ubcf4\uc815\ubcf8", "category": null, "description": null, "source_id": "osm-way-1396136973", "replaces_source_id": "osm-way-1396136973", "source_status": "superseded_by_local_correction", "source_highway": "footway"}, "id": "jbnu-osm-correction-1396136973-940d6f"}, {"type": "Feature", "geometry": {"type": "LineString", "coordinates": [[127.13160105341177, 35.84731060673409], [127.1315867181413, 35.84743758469887]], "mantle_properties": {"strokeColor": "#2563EB", "strokeOpacity": 0.95, "strokeWeight": 5, "strokeStyle": "solid", "strokeLineCap": "butt", "strokeLineJoin": "miter", "visible": true, "clickable": true, "zIndex": 0, "overlayType": "Polyline"}}, "properties": {"strokeColor": "#2563EB", "strokeOpacity": 0.95, "strokeWeight": 5, "strokeStyle": "solid", "strokeLineCap": "butt", "strokeLineJoin": "miter", "visible": true, "clickable": true, "zIndex": 0, "overlayType": "Polyline", "id": "jbnu-osm-correction-743824981-228a82", "kind": "walkway", "name": "OSM 743824981 \uc704\uce58 \ubcf4\uc815", "walkable": true, "bidirectional": true, "status": "active", "access": "unknown", "stairs": false, "wheelchair": false, "surface": "unknown", "opening_hours": "24/7", "access_time_start": null, "access_time_end": null, "access_timezone": "Asia/Seoul", "source": "OpenStreetMap contributors; user_correction", "verified_at": null, "evidence": "OSM \uc6d0\ubcf8 743824981\uc758 \uc704\uce58 \ubcf4\uc815\ubcf8", "category": null, "description": null, "source_id": "osm-way-743824981", "replaces_source_id": "osm-way-743824981", "source_status": "superseded_by_local_correction", "source_highway": "footway"}, "id": "jbnu-osm-correction-743824981-228a82"}, {"type": "Feature", "geometry": {"type": "LineString", "coordinates": [[127.13160105341177, 35.84731060673409], [127.13138809555757, 35.847287150383984]], "mantle_properties": {"strokeColor": "#2563EB", "strokeOpacity": 0.95, "strokeWeight": 5, "strokeStyle": "solid", "strokeLineCap": "butt", "strokeLineJoin": "miter", "visible": true, "clickable": true, "zIndex": 0, "overlayType": "Polyline"}}, "properties": {"strokeColor": "#2563EB", "strokeOpacity": 0.95, "strokeWeight": 5, "strokeStyle": "solid", "strokeLineCap": "butt", "strokeLineJoin": "miter", "visible": true, "clickable": true, "zIndex": 0, "overlayType": "Polyline", "id": "jbnu-osm-correction-1427026317-adc891", "kind": "walkway", "name": "OSM 1427026317 \uc704\uce58 \ubcf4\uc815", "walkable": true, "bidirectional": true, "status": "active", "access": "unknown", "stairs": false, "wheelchair": false, "surface": "unknown", "opening_hours": "24/7", "access_time_start": null, "access_time_end": null, "access_timezone": "Asia/Seoul", "source": "OpenStreetMap contributors; user_correction", "verified_at": null, "evidence": "OSM \uc6d0\ubcf8 1427026317\uc758 \uc704\uce58 \ubcf4\uc815\ubcf8", "category": null, "description": null, "source_id": "osm-way-1427026317", "replaces_source_id": "osm-way-1427026317", "source_status": "superseded_by_local_correction", "source_highway": "service"}, "id": "jbnu-osm-correction-1427026317-adc891"}, {"type": "Feature", "geometry": {"type": "LineString", "coordinates": [[127.12840630625, 35.847187725], [127.12748923586781, 35.84732591230745], [127.1273668, 35.8473469], [127.1272193, 35.8474338], [127.1271683, 35.8474969], [127.1271147, 35.8475664], [127.1270852, 35.8476491], [127.1270744, 35.8477339], [127.1270771, 35.8478208], [127.127104, 35.8478904], [127.1271361, 35.8479513], [127.1271978, 35.8480208], [127.127281, 35.8480817], [127.1273856, 35.8481187], [127.1275519, 35.8481556], [127.12764916684371, 35.848138046062395], [127.1286012539456, 35.84799545079935], [127.1287481, 35.8479404], [127.1288367, 35.8478708], [127.1288903, 35.8478143], [127.1289279, 35.8477513], [127.128952, 35.8476708], [127.12896, 35.8476034], [127.1289466, 35.8475317], [127.1288983, 35.8474317], [127.1287991, 35.8473338], [127.1287079, 35.8472773], [127.1285899, 35.8472164], [127.1284799, 35.8471968], [127.12840630625, 35.847187725]], "mantle_properties": {"strokeColor": "#2563EB", "strokeOpacity": 0.95, "strokeWeight": 5, "strokeStyle": "solid", "strokeLineCap": "butt", "strokeLineJoin": "miter", "visible": true, "clickable": true, "zIndex": 0, "overlayType": "Polyline"}}, "properties": {"strokeColor": "#2563EB", "strokeOpacity": 0.95, "strokeWeight": 5, "strokeStyle": "solid", "strokeLineCap": "butt", "strokeLineJoin": "miter", "visible": true, "clickable": true, "zIndex": 0, "overlayType": "Polyline", "id": "jbnu-walkway-ff4eacc9", "kind": "walkway", "name": "", "walkable": true, "bidirectional": true, "status": "active", "access": "unknown", "stairs": false, "wheelchair": false, "surface": "unknown", "opening_hours": "24/7", "access_time_start": null, "access_time_end": null, "access_timezone": "Asia/Seoul", "source": "field_survey", "verified_at": null, "evidence": null, "category": null, "description": null, "source_highway": "footway"}, "id": "jbnu-walkway-ff4eacc9"}, {"type": "Feature", "geometry": {"type": "LineString", "coordinates": [[127.12878440000001, 35.84692135], [127.12839878888889, 35.84695684444444], [127.12840587371451, 35.847127120252765], [127.12840630625, 35.847187725]], "mantle_properties": {"strokeColor": "#2563EB", "strokeOpacity": 0.95, "strokeWeight": 5, "strokeStyle": "solid", "strokeLineCap": "butt", "strokeLineJoin": "miter", "visible": true, "clickable": true, "zIndex": 0, "overlayType": "Polyline"}}, "properties": {"strokeColor": "#2563EB", "strokeOpacity": 0.95, "strokeWeight": 5, "strokeStyle": "solid", "strokeLineCap": "butt", "strokeLineJoin": "miter", "visible": true, "clickable": true, "zIndex": 0, "overlayType": "Polyline", "id": "jbnu-osm-correction-1327522085-3911dc", "kind": "walkway", "name": "OSM 1327522085 \uc704\uce58 \ubcf4\uc815", "walkable": true, "bidirectional": true, "status": "active", "access": "unknown", "stairs": false, "wheelchair": false, "surface": "unknown", "opening_hours": "24/7", "access_time_start": null, "access_time_end": null, "access_timezone": "Asia/Seoul", "source": "OpenStreetMap contributors; user_correction", "verified_at": null, "evidence": "OSM \uc6d0\ubcf8 1327522085\uc758 \uc704\uce58 \ubcf4\uc815\ubcf8", "category": null, "description": null, "source_id": "osm-way-1327522085", "replaces_source_id": "osm-way-1327522085", "source_status": "superseded_by_local_correction", "source_highway": "footway"}, "id": "jbnu-osm-correction-1327522085-3911dc"}, {"type": "Feature", "geometry": {"type": "LineString", "coordinates": [[127.12715402500001, 35.846683575], [127.12727287499999, 35.847137075], [127.12740907777777, 35.8471131], [127.12746871784037, 35.847270979573395], [127.12748923586781, 35.84732591230745]], "mantle_properties": {"strokeColor": "#2563EB", "strokeOpacity": 0.95, "strokeWeight": 5, "strokeStyle": "solid", "strokeLineCap": "butt", "strokeLineJoin": "miter", "visible": true, "clickable": true, "zIndex": 0, "overlayType": "Polyline"}}, "properties": {"strokeColor": "#2563EB", "strokeOpacity": 0.95, "strokeWeight": 5, "strokeStyle": "solid", "strokeLineCap": "butt", "strokeLineJoin": "miter", "visible": true, "clickable": true, "zIndex": 0, "overlayType": "Polyline", "id": "jbnu-osm-correction-1327522087-026652", "kind": "walkway", "name": "OSM 1327522087 \uc704\uce58 \ubcf4\uc815", "walkable": true, "bidirectional": true, "status": "active", "access": "unknown", "stairs": false, "wheelchair": false, "surface": "unknown", "opening_hours": "24/7", "access_time_start": null, "access_time_end": null, "access_timezone": "Asia/Seoul", "source": "OpenStreetMap contributors; user_correction", "verified_at": null, "evidence": "OSM \uc6d0\ubcf8 1327522087\uc758 \uc704\uce58 \ubcf4\uc815\ubcf8", "category": null, "description": null, "source_id": "osm-way-1327522087", "replaces_source_id": "osm-way-1327522087", "source_status": "superseded_by_local_correction", "source_highway": "footway"}, "id": "jbnu-osm-correction-1327522087-026652"}, {"type": "Feature", "geometry": {"type": "LineString", "coordinates": [[127.12869994185213, 35.84830857872299], [127.1286012539456, 35.84799545079935]], "mantle_properties": {"strokeColor": "#2563EB", "strokeOpacity": 0.95, "strokeWeight": 5, "strokeStyle": "solid", "strokeLineCap": "butt", "strokeLineJoin": "miter", "visible": true, "clickable": true, "zIndex": 0, "overlayType": "Polyline"}}, "properties": {"strokeColor": "#2563EB", "strokeOpacity": 0.95, "strokeWeight": 5, "strokeStyle": "solid", "strokeLineCap": "butt", "strokeLineJoin": "miter", "visible": true, "clickable": true, "zIndex": 0, "overlayType": "Polyline", "id": "jbnu-walkway-5f12f605", "kind": "walkway", "name": "", "walkable": true, "bidirectional": true, "status": "active", "access": "unknown", "stairs": false, "wheelchair": false, "surface": "unknown", "opening_hours": "24/7", "access_time_start": null, "access_time_end": null, "access_timezone": "Asia/Seoul", "source": "field_survey", "verified_at": null, "evidence": null, "category": null, "description": null, "source_highway": "footway"}, "id": "jbnu-walkway-5f12f605"}, {"type": "Feature", "geometry": {"type": "LineString", "coordinates": [[127.12764916684371, 35.848138046062395], [127.12768198597858, 35.84846594012377]], "mantle_properties": {"strokeColor": "#2563EB", "strokeOpacity": 0.95, "strokeWeight": 5, "strokeStyle": "solid", "strokeLineCap": "butt", "strokeLineJoin": "miter", "visible": true, "clickable": true, "zIndex": 0, "overlayType": "Polyline"}}, "properties": {"strokeColor": "#2563EB", "strokeOpacity": 0.95, "strokeWeight": 5, "strokeStyle": "solid", "strokeLineCap": "butt", "strokeLineJoin": "miter", "visible": true, "clickable": true, "zIndex": 0, "overlayType": "Polyline", "id": "jbnu-walkway-21acba0b", "kind": "walkway", "name": "", "walkable": true, "bidirectional": true, "status": "active", "access": "unknown", "stairs": false, "wheelchair": false, "surface": "unknown", "opening_hours": "24/7", "access_time_start": null, "access_time_end": null, "access_timezone": "Asia/Seoul", "source": "field_survey", "verified_at": null, "evidence": null, "category": null, "description": null, "source_highway": "footway"}, "id": "jbnu-walkway-21acba0b"}, {"type": "Feature", "geometry": {"type": "LineString", "coordinates": [[127.126408, 35.8484534], [127.126515375, 35.848514124999994], [127.1272775, 35.848665925000006], [127.127410475, 35.848664924999994]], "mantle_properties": {"strokeColor": "#2563EB", "strokeOpacity": 0.95, "strokeWeight": 5, "strokeStyle": "solid", "strokeLineCap": "butt", "strokeLineJoin": "miter", "visible": true, "clickable": true, "zIndex": 0, "overlayType": "Polyline"}}, "properties": {"strokeColor": "#2563EB", "strokeOpacity": 0.95, "strokeWeight": 5, "strokeStyle": "solid", "strokeLineCap": "butt", "strokeLineJoin": "miter", "visible": true, "clickable": true, "zIndex": 0, "overlayType": "Polyline", "id": "jbnu-walkway-61a0ad07", "kind": "walkway", "name": "", "walkable": true, "bidirectional": true, "status": "active", "access": "unknown", "stairs": false, "wheelchair": false, "surface": "unknown", "opening_hours": "24/7", "access_time_start": null, "access_time_end": null, "access_timezone": "Asia/Seoul", "source": "field_survey", "verified_at": null, "evidence": null, "category": null, "description": null, "source_highway": "footway"}, "id": "jbnu-walkway-61a0ad07"}, {"type": "Feature", "geometry": {"type": "LineString", "coordinates": [[127.12981403271641, 35.84840698130052], [127.1300395, 35.848399625], [127.1300731, 35.84834482]], "mantle_properties": {"strokeColor": "#2563EB", "strokeOpacity": 0.95, "strokeWeight": 5, "strokeStyle": "solid", "strokeLineCap": "butt", "strokeLineJoin": "miter", "visible": true, "clickable": true, "zIndex": 0, "overlayType": "Polyline"}}, "properties": {"strokeColor": "#2563EB", "strokeOpacity": 0.95, "strokeWeight": 5, "strokeStyle": "solid", "strokeLineCap": "butt", "strokeLineJoin": "miter", "visible": true, "clickable": true, "zIndex": 0, "overlayType": "Polyline", "id": "jbnu-walkway-5a7d3e1a", "kind": "walkway", "name": "", "walkable": true, "bidirectional": true, "status": "active", "access": "unknown", "stairs": false, "wheelchair": false, "surface": "unknown", "opening_hours": "24/7", "access_time_start": null, "access_time_end": null, "access_timezone": "Asia/Seoul", "source": "field_survey", "verified_at": null, "evidence": null, "category": null, "description": null, "source_highway": "footway"}, "id": "jbnu-walkway-5a7d3e1a"}, {"type": "Feature", "geometry": {"type": "LineString", "coordinates": [[127.1338215, 35.8490068], [127.1338473, 35.8493706], [127.1325527, 35.8494676], [127.13252623333334, 35.849110700000004], [127.133137, 35.8490861]], "mantle_properties": {"strokeColor": "#2563EB", "strokeOpacity": 0.95, "strokeWeight": 5, "strokeStyle": "solid", "strokeLineCap": "butt", "strokeLineJoin": "miter", "visible": true, "clickable": true, "zIndex": 0, "overlayType": "Polyline"}}, "properties": {"strokeColor": "#2563EB", "strokeOpacity": 0.95, "strokeWeight": 5, "strokeStyle": "solid", "strokeLineCap": "butt", "strokeLineJoin": "miter", "visible": true, "clickable": true, "zIndex": 0, "overlayType": "Polyline", "id": "jbnu-osm-correction-36963737-97e71b", "kind": "walkway", "name": "OSM 36963737 \uc704\uce58 \ubcf4\uc815", "walkable": true, "bidirectional": true, "status": "active", "access": "unknown", "stairs": false, "wheelchair": false, "surface": "unknown", "opening_hours": "24/7", "access_time_start": null, "access_time_end": null, "access_timezone": "Asia/Seoul", "source": "OpenStreetMap contributors; user_correction", "verified_at": null, "evidence": "OSM \uc6d0\ubcf8 36963737\uc758 \uc704\uce58 \ubcf4\uc815\ubcf8", "category": null, "description": null, "source_id": "osm-way-36963737", "replaces_source_id": "osm-way-36963737", "source_status": "superseded_by_local_correction", "source_highway": "service"}, "id": "jbnu-osm-correction-36963737-97e71b"}, {"type": "Feature", "geometry": {"type": "LineString", "coordinates": [[127.1323162160507, 35.84873192955699], [127.13233789468838, 35.84882116863202], [127.1324234, 35.8491101], [127.13252623333334, 35.849110700000004], [127.13261667331807, 35.84912590213455]], "mantle_properties": {"strokeColor": "#2563EB", "strokeOpacity": 0.95, "strokeWeight": 5, "strokeStyle": "solid", "strokeLineCap": "butt", "strokeLineJoin": "miter", "visible": true, "clickable": true, "zIndex": 0, "overlayType": "Polyline"}}, "properties": {"strokeColor": "#2563EB", "strokeOpacity": 0.95, "strokeWeight": 5, "strokeStyle": "solid", "strokeLineCap": "butt", "strokeLineJoin": "miter", "visible": true, "clickable": true, "zIndex": 0, "overlayType": "Polyline", "id": "jbnu-walkway-0ea94c82", "kind": "walkway", "name": "", "walkable": true, "bidirectional": true, "status": "active", "access": "unknown", "stairs": false, "wheelchair": false, "surface": "unknown", "opening_hours": "24/7", "access_time_start": null, "access_time_end": null, "access_timezone": "Asia/Seoul", "source": "field_survey", "verified_at": null, "evidence": null, "category": null, "description": null, "source_highway": "footway"}, "id": "jbnu-walkway-0ea94c82"}, {"type": "Feature", "geometry": {"type": "LineString", "coordinates": [[127.13178279648169, 35.84877131956918], [127.13180342, 35.84891624], [127.13233789468838, 35.84882116863202]], "mantle_properties": {"strokeColor": "#2563EB", "strokeOpacity": 0.95, "strokeWeight": 5, "strokeStyle": "solid", "strokeLineCap": "butt", "strokeLineJoin": "miter", "visible": true, "clickable": true, "zIndex": 0, "overlayType": "Polyline"}}, "properties": {"strokeColor": "#2563EB", "strokeOpacity": 0.95, "strokeWeight": 5, "strokeStyle": "solid", "strokeLineCap": "butt", "strokeLineJoin": "miter", "visible": true, "clickable": true, "zIndex": 0, "overlayType": "Polyline", "id": "jbnu-osm-correction-115952682-73fd42", "kind": "walkway", "name": "OSM 115952682 \uc704\uce58 \ubcf4\uc815", "walkable": true, "bidirectional": true, "status": "active", "access": "unknown", "stairs": false, "wheelchair": false, "surface": "unknown", "opening_hours": "24/7", "access_time_start": null, "access_time_end": null, "access_timezone": "Asia/Seoul", "source": "OpenStreetMap contributors; user_correction", "verified_at": null, "evidence": "OSM \uc6d0\ubcf8 115952682\uc758 \uc704\uce58 \ubcf4\uc815\ubcf8", "category": null, "description": null, "source_id": "osm-way-115952682", "replaces_source_id": "osm-way-115952682", "source_status": "superseded_by_local_correction", "source_highway": "service"}, "id": "jbnu-osm-correction-115952682-73fd42"}, {"type": "Feature", "geometry": {"type": "LineString", "coordinates": [[127.13180342, 35.84891624], [127.13135425555555, 35.849005455555556], [127.13132, 35.8489646], [127.1312433, 35.8488578]], "mantle_properties": {"strokeColor": "#2563EB", "strokeOpacity": 0.95, "strokeWeight": 5, "strokeStyle": "solid", "strokeLineCap": "butt", "strokeLineJoin": "miter", "visible": true, "clickable": true, "zIndex": 0, "overlayType": "Polyline"}}, "properties": {"strokeColor": "#2563EB", "strokeOpacity": 0.95, "strokeWeight": 5, "strokeStyle": "solid", "strokeLineCap": "butt", "strokeLineJoin": "miter", "visible": true, "clickable": true, "zIndex": 0, "overlayType": "Polyline", "id": "jbnu-osm-correction-115952686-7390ac", "kind": "walkway", "name": "OSM 115952686 \uc704\uce58 \ubcf4\uc815", "walkable": true, "bidirectional": true, "status": "active", "access": "unknown", "stairs": false, "wheelchair": false, "surface": "unknown", "opening_hours": "24/7", "access_time_start": null, "access_time_end": null, "access_timezone": "Asia/Seoul", "source": "OpenStreetMap contributors; user_correction", "verified_at": null, "evidence": "OSM \uc6d0\ubcf8 115952686\uc758 \uc704\uce58 \ubcf4\uc815\ubcf8", "category": null, "description": null, "source_id": "osm-way-115952686", "replaces_source_id": "osm-way-115952686", "source_status": "superseded_by_local_correction", "source_highway": "service"}, "id": "jbnu-osm-correction-115952686-7390ac"}, {"type": "Feature", "geometry": {"type": "LineString", "coordinates": [[127.13135425555555, 35.849005455555556], [127.1314103, 35.8491974], [127.1314461, 35.8493085]], "mantle_properties": {"strokeColor": "#2563EB", "strokeOpacity": 0.95, "strokeWeight": 5, "strokeStyle": "solid", "strokeLineCap": "butt", "strokeLineJoin": "miter", "visible": true, "clickable": true, "zIndex": 0, "overlayType": "Polyline"}}, "properties": {"strokeColor": "#2563EB", "strokeOpacity": 0.95, "strokeWeight": 5, "strokeStyle": "solid", "strokeLineCap": "butt", "strokeLineJoin": "miter", "visible": true, "clickable": true, "zIndex": 0, "overlayType": "Polyline", "id": "jbnu-osm-correction-115952740-a38f79", "kind": "walkway", "name": "OSM 115952740 \uc704\uce58 \ubcf4\uc815", "walkable": true, "bidirectional": true, "status": "active", "access": "unknown", "stairs": false, "wheelchair": false, "surface": "unknown", "opening_hours": "24/7", "access_time_start": null, "access_time_end": null, "access_timezone": "Asia/Seoul", "source": "OpenStreetMap contributors; user_correction", "verified_at": null, "evidence": "OSM \uc6d0\ubcf8 115952740\uc758 \uc704\uce58 \ubcf4\uc815\ubcf8", "category": null, "description": null, "source_id": "osm-way-115952740", "replaces_source_id": "osm-way-115952740", "source_status": "superseded_by_local_correction", "source_highway": "service"}, "id": "jbnu-osm-correction-115952740-a38f79"}, {"type": "Feature", "geometry": {"type": "LineString", "coordinates": [[127.12883218333333, 35.84701848333333], [127.12887965, 35.847074], [127.12894795, 35.84713375], [127.1290439, 35.84719571111111], [127.12910965, 35.8472267], [127.12918877499999, 35.8472577], [127.12922462857144, 35.8472975]], "mantle_properties": {"strokeColor": "#2563EB", "strokeOpacity": 0.95, "strokeWeight": 5, "strokeStyle": "solid", "strokeLineCap": "butt", "strokeLineJoin": "miter", "visible": true, "clickable": true, "zIndex": 0, "overlayType": "Polyline"}}, "properties": {"strokeColor": "#2563EB", "strokeOpacity": 0.95, "strokeWeight": 5, "strokeStyle": "solid", "strokeLineCap": "butt", "strokeLineJoin": "miter", "visible": true, "clickable": true, "zIndex": 0, "overlayType": "Polyline", "id": "jbnu-osm-correction-1070844336-d73e05", "kind": "walkway", "name": "OSM 1070844336 \uc704\uce58 \ubcf4\uc815", "walkable": true, "bidirectional": true, "status": "active", "access": "unknown", "stairs": false, "wheelchair": false, "surface": "unknown", "opening_hours": "24/7", "access_time_start": null, "access_time_end": null, "access_timezone": "Asia/Seoul", "source": "OpenStreetMap contributors; user_correction", "verified_at": null, "evidence": "OSM \uc6d0\ubcf8 1070844336\uc758 \uc704\uce58 \ubcf4\uc815\ubcf8", "category": null, "description": null, "source_id": "osm-way-1070844336", "replaces_source_id": "osm-way-1070844336", "source_status": "superseded_by_local_correction", "source_highway": "footway"}, "id": "jbnu-osm-correction-1070844336-d73e05"}, {"type": "Feature", "geometry": {"type": "LineString", "coordinates": [[127.1290439, 35.84719571111111], [127.12916286666666, 35.84734876666667], [127.1292236, 35.8474654], [127.12925265555555, 35.84760798888889]], "mantle_properties": {"strokeColor": "#2563EB", "strokeOpacity": 0.95, "strokeWeight": 5, "strokeStyle": "solid", "strokeLineCap": "butt", "strokeLineJoin": "miter", "visible": true, "clickable": true, "zIndex": 0, "overlayType": "Polyline"}}, "properties": {"strokeColor": "#2563EB", "strokeOpacity": 0.95, "strokeWeight": 5, "strokeStyle": "solid", "strokeLineCap": "butt", "strokeLineJoin": "miter", "visible": true, "clickable": true, "zIndex": 0, "overlayType": "Polyline", "id": "jbnu-walkway-221ca53f", "kind": "walkway", "name": "", "walkable": true, "bidirectional": true, "status": "active", "access": "unknown", "stairs": false, "wheelchair": false, "surface": "unknown", "opening_hours": "24/7", "access_time_start": null, "access_time_end": null, "access_timezone": "Asia/Seoul", "source": "field_survey", "verified_at": null, "evidence": null, "category": null, "description": null, "source_highway": "footway"}, "id": "jbnu-walkway-221ca53f"}, {"type": "Feature", "geometry": {"type": "LineString", "coordinates": [[127.12922462857144, 35.8472975], [127.12916286666666, 35.84734876666667]], "mantle_properties": {"strokeColor": "#2563EB", "strokeOpacity": 0.95, "strokeWeight": 5, "strokeStyle": "solid", "strokeLineCap": "butt", "strokeLineJoin": "miter", "visible": true, "clickable": true, "zIndex": 0, "overlayType": "Polyline"}}, "properties": {"strokeColor": "#2563EB", "strokeOpacity": 0.95, "strokeWeight": 5, "strokeStyle": "solid", "strokeLineCap": "butt", "strokeLineJoin": "miter", "visible": true, "clickable": true, "zIndex": 0, "overlayType": "Polyline", "id": "jbnu-walkway-5e1a9e97", "kind": "walkway", "name": "", "walkable": true, "bidirectional": true, "status": "active", "access": "unknown", "stairs": false, "wheelchair": false, "surface": "unknown", "opening_hours": "24/7", "access_time_start": null, "access_time_end": null, "access_timezone": "Asia/Seoul", "source": "field_survey", "verified_at": null, "evidence": null, "category": null, "description": null, "source_highway": "footway"}, "id": "jbnu-walkway-5e1a9e97"}, {"type": "Feature", "geometry": {"type": "LineString", "coordinates": [[127.12740907777777, 35.8471131], [127.12839878888889, 35.84695684444444]], "mantle_properties": {"strokeColor": "#2563EB", "strokeOpacity": 0.95, "strokeWeight": 5, "strokeStyle": "solid", "strokeLineCap": "butt", "strokeLineJoin": "miter", "visible": true, "clickable": true, "zIndex": 0, "overlayType": "Polyline"}}, "properties": {"strokeColor": "#2563EB", "strokeOpacity": 0.95, "strokeWeight": 5, "strokeStyle": "solid", "strokeLineCap": "butt", "strokeLineJoin": "miter", "visible": true, "clickable": true, "zIndex": 0, "overlayType": "Polyline", "id": "jbnu-walkway-9e926a6d", "kind": "walkway", "name": "", "walkable": true, "bidirectional": true, "status": "active", "access": "unknown", "stairs": false, "wheelchair": false, "surface": "unknown", "opening_hours": "24/7", "access_time_start": null, "access_time_end": null, "access_timezone": "Asia/Seoul", "source": "field_survey", "verified_at": null, "evidence": null, "category": null, "description": null, "source_highway": "footway"}, "id": "jbnu-walkway-9e926a6d"}, {"type": "Feature", "geometry": {"type": "LineString", "coordinates": [[127.12560260000001, 35.8454847], [127.12560357500001, 35.8455493], [127.12559910000002, 35.84560825], [127.12558247499999, 35.8456779], [127.1255795022252, 35.84582068606329], [127.12559024999999, 35.84592], [127.1256141, 35.84602162499999], [127.12566394999999, 35.846090825000005], [127.12579475000001, 35.8461791], [127.12588952256165, 35.846207855981824], [127.1259941, 35.84620683333333], [127.12724452500001, 35.846497525000004]], "mantle_properties": {"strokeColor": "#2563EB", "strokeOpacity": 0.95, "strokeWeight": 5, "strokeStyle": "solid", "strokeLineCap": "butt", "strokeLineJoin": "miter", "visible": true, "clickable": true, "zIndex": 0, "overlayType": "Polyline"}}, "properties": {"strokeColor": "#2563EB", "strokeOpacity": 0.95, "strokeWeight": 5, "strokeStyle": "solid", "strokeLineCap": "butt", "strokeLineJoin": "miter", "visible": true, "clickable": true, "zIndex": 0, "overlayType": "Polyline", "id": "jbnu-osm-correction-1367280846-c4d0dc", "kind": "walkway", "name": "OSM 1367280846 \uc704\uce58 \ubcf4\uc815", "walkable": true, "bidirectional": true, "status": "active", "access": "unknown", "stairs": false, "wheelchair": false, "surface": "unknown", "opening_hours": "24/7", "access_time_start": null, "access_time_end": null, "access_timezone": "Asia/Seoul", "source": "OpenStreetMap contributors; user_correction", "verified_at": null, "evidence": "OSM \uc6d0\ubcf8 1367280846\uc758 \uc704\uce58 \ubcf4\uc815\ubcf8", "category": null, "description": null, "source_id": "osm-way-1367280846", "replaces_source_id": "osm-way-1367280846", "source_status": "superseded_by_local_correction", "source_highway": "footway"}, "id": "jbnu-osm-correction-1367280846-c4d0dc"}, {"type": "Feature", "geometry": {"type": "LineString", "coordinates": [[127.1257097, 35.845821075], [127.12594164444444, 35.84588032222222]], "mantle_properties": {"strokeColor": "#2563EB", "strokeOpacity": 0.95, "strokeWeight": 5, "strokeStyle": "solid", "strokeLineCap": "butt", "strokeLineJoin": "miter", "visible": true, "clickable": true, "zIndex": 0, "overlayType": "Polyline"}}, "properties": {"strokeColor": "#2563EB", "strokeOpacity": 0.95, "strokeWeight": 5, "strokeStyle": "solid", "strokeLineCap": "butt", "strokeLineJoin": "miter", "visible": true, "clickable": true, "zIndex": 0, "overlayType": "Polyline", "id": "jbnu-walkway-0e30cbb5", "kind": "walkway", "name": "", "walkable": true, "bidirectional": true, "status": "active", "access": "unknown", "stairs": false, "wheelchair": false, "surface": "unknown", "opening_hours": "24/7", "access_time_start": null, "access_time_end": null, "access_timezone": "Asia/Seoul", "source": "field_survey", "verified_at": null, "evidence": null, "category": null, "description": null, "source_highway": "footway"}, "id": "jbnu-walkway-0e30cbb5"}, {"type": "Feature", "geometry": {"type": "LineString", "coordinates": [[127.12607380000001, 35.84591206666666], [127.12594164444444, 35.84588032222222], [127.1258634518092, 35.846042240645886], [127.12582111761033, 35.846096925551066]], "mantle_properties": {"strokeColor": "#2563EB", "strokeOpacity": 0.95, "strokeWeight": 5, "strokeStyle": "solid", "strokeLineCap": "butt", "strokeLineJoin": "miter", "visible": true, "clickable": true, "zIndex": 0, "overlayType": "Polyline"}}, "properties": {"strokeColor": "#2563EB", "strokeOpacity": 0.95, "strokeWeight": 5, "strokeStyle": "solid", "strokeLineCap": "butt", "strokeLineJoin": "miter", "visible": true, "clickable": true, "zIndex": 0, "overlayType": "Polyline", "id": "jbnu-osm-correction-968143661-ee23d1", "kind": "walkway", "name": "OSM 968143661 \uc704\uce58 \ubcf4\uc815", "walkable": true, "bidirectional": true, "status": "active", "access": "unknown", "stairs": false, "wheelchair": false, "surface": "unknown", "opening_hours": "24/7", "access_time_start": null, "access_time_end": null, "access_timezone": "Asia/Seoul", "source": "OpenStreetMap contributors; user_correction", "verified_at": null, "evidence": "OSM \uc6d0\ubcf8 968143661\uc758 \uc704\uce58 \ubcf4\uc815\ubcf8", "category": null, "description": null, "source_id": "osm-way-968143661", "replaces_source_id": "osm-way-968143661", "source_status": "superseded_by_local_correction", "source_highway": "service"}, "id": "jbnu-osm-correction-968143661-ee23d1"}, {"type": "Feature", "geometry": {"type": "LineString", "coordinates": [[127.1268596, 35.8455304], [127.1267342, 35.8460626], [127.12607380000001, 35.84591206666666], [127.1259916, 35.8461376], [127.1259941, 35.84620683333333]], "mantle_properties": {"strokeColor": "#2563EB", "strokeOpacity": 0.95, "strokeWeight": 5, "strokeStyle": "solid", "strokeLineCap": "butt", "strokeLineJoin": "miter", "visible": true, "clickable": true, "zIndex": 0, "overlayType": "Polyline"}}, "properties": {"strokeColor": "#2563EB", "strokeOpacity": 0.95, "strokeWeight": 5, "strokeStyle": "solid", "strokeLineCap": "butt", "strokeLineJoin": "miter", "visible": true, "clickable": true, "zIndex": 0, "overlayType": "Polyline", "id": "jbnu-osm-correction-876428423-eae7b5", "kind": "walkway", "name": "OSM 876428423 \uc704\uce58 \ubcf4\uc815", "walkable": true, "bidirectional": true, "status": "active", "access": "unknown", "stairs": false, "wheelchair": false, "surface": "unknown", "opening_hours": "24/7", "access_time_start": null, "access_time_end": null, "access_timezone": "Asia/Seoul", "source": "OpenStreetMap contributors; user_correction", "verified_at": null, "evidence": "OSM \uc6d0\ubcf8 876428423\uc758 \uc704\uce58 \ubcf4\uc815\ubcf8", "category": null, "description": null, "source_id": "osm-way-876428423", "replaces_source_id": "osm-way-876428423", "source_status": "superseded_by_local_correction", "source_highway": "service"}, "id": "jbnu-osm-correction-876428423-eae7b5"}, {"type": "Feature", "geometry": {"type": "LineString", "coordinates": [[127.1288898, 35.844969750000004], [127.12924002, 35.84497264666666], [127.12931527, 35.845166469999995]], "mantle_properties": {"strokeColor": "#2563EB", "strokeOpacity": 0.95, "strokeWeight": 5, "strokeStyle": "solid", "strokeLineCap": "butt", "strokeLineJoin": "miter", "visible": true, "clickable": true, "zIndex": 0, "overlayType": "Polyline"}}, "properties": {"strokeColor": "#2563EB", "strokeOpacity": 0.95, "strokeWeight": 5, "strokeStyle": "solid", "strokeLineCap": "butt", "strokeLineJoin": "miter", "visible": true, "clickable": true, "zIndex": 0, "overlayType": "Polyline", "id": "jbnu-osm-correction-471478391-c25092", "kind": "walkway", "name": "OSM 471478391 \uc704\uce58 \ubcf4\uc815", "walkable": true, "bidirectional": true, "status": "active", "access": "unknown", "stairs": false, "wheelchair": false, "surface": "unknown", "opening_hours": "24/7", "access_time_start": null, "access_time_end": null, "access_timezone": "Asia/Seoul", "source": "OpenStreetMap contributors; user_correction", "verified_at": null, "evidence": "OSM \uc6d0\ubcf8 471478391\uc758 \uc704\uce58 \ubcf4\uc815\ubcf8", "category": null, "description": null, "source_id": "osm-way-471478391", "replaces_source_id": "osm-way-471478391", "source_status": "superseded_by_local_correction", "source_highway": "service"}, "id": "jbnu-osm-correction-471478391-c25092"}, {"type": "Feature", "geometry": {"type": "LineString", "coordinates": [[127.12924002, 35.84497264666666], [127.1292245595296, 35.84482958892569]], "mantle_properties": {"strokeColor": "#2563EB", "strokeOpacity": 0.95, "strokeWeight": 5, "strokeStyle": "solid", "strokeLineCap": "butt", "strokeLineJoin": "miter", "visible": true, "clickable": true, "zIndex": 0, "overlayType": "Polyline"}}, "properties": {"strokeColor": "#2563EB", "strokeOpacity": 0.95, "strokeWeight": 5, "strokeStyle": "solid", "strokeLineCap": "butt", "strokeLineJoin": "miter", "visible": true, "clickable": true, "zIndex": 0, "overlayType": "Polyline", "id": "jbnu-walkway-bb2b035b", "kind": "walkway", "name": "", "walkable": true, "bidirectional": true, "status": "active", "access": "unknown", "stairs": false, "wheelchair": false, "surface": "unknown", "opening_hours": "24/7", "access_time_start": null, "access_time_end": null, "access_timezone": "Asia/Seoul", "source": "field_survey", "verified_at": null, "evidence": null, "category": null, "description": null, "source_highway": "footway"}, "id": "jbnu-walkway-bb2b035b"}, {"type": "Feature", "geometry": {"type": "LineString", "coordinates": [[127.13065475, 35.845219875], [127.130893375, 35.845190875], [127.13111821123468, 35.845162157444946]], "mantle_properties": {"strokeColor": "#2563EB", "strokeOpacity": 0.95, "strokeWeight": 5, "strokeStyle": "solid", "strokeLineCap": "butt", "strokeLineJoin": "miter", "visible": true, "clickable": true, "zIndex": 0, "overlayType": "Polyline"}}, "properties": {"strokeColor": "#2563EB", "strokeOpacity": 0.95, "strokeWeight": 5, "strokeStyle": "solid", "strokeLineCap": "butt", "strokeLineJoin": "miter", "visible": true, "clickable": true, "zIndex": 0, "overlayType": "Polyline", "id": "jbnu-walkway-88aa4e1a", "kind": "walkway", "name": "", "walkable": true, "bidirectional": true, "status": "active", "access": "unknown", "stairs": false, "wheelchair": false, "surface": "unknown", "opening_hours": "24/7", "access_time_start": null, "access_time_end": null, "access_timezone": "Asia/Seoul", "source": "field_survey", "verified_at": null, "evidence": null, "category": null, "description": null, "source_highway": "footway"}, "id": "jbnu-walkway-88aa4e1a"}, {"type": "Feature", "properties": {"added": "auto_connect"}, "geometry": {"type": "LineString", "coordinates": [[127.1240565, 35.8418694], [127.1242809, 35.8416781]]}}, {"type": "Feature", "properties": {"added": "auto_connect"}, "geometry": {"type": "LineString", "coordinates": [[127.1396825, 35.844888], [127.1397545, 35.8450664]]}}, {"type": "Feature", "properties": {"added": "auto_connect"}, "geometry": {"type": "LineString", "coordinates": [[127.1401253, 35.8481124], [127.1400779, 35.8482248]]}}, {"type": "Feature", "geometry": {"type": "LineString", "coordinates": [[127.129236525, 35.847290625], [127.12932505, 35.847296275], [127.1294881, 35.8473044], [127.1295417, 35.8473077]], "mantle_properties": {"strokeColor": "#F59E0B", "strokeOpacity": 0.95, "strokeWeight": 5, "strokeStyle": "shortdash", "strokeLineCap": "butt", "strokeLineJoin": "miter", "visible": true, "clickable": true, "zIndex": 0, "overlayType": "Polyline"}}, "properties": {"strokeColor": "#F59E0B", "strokeOpacity": 0.95, "strokeWeight": 5, "strokeStyle": "shortdash", "strokeLineCap": "butt", "strokeLineJoin": "miter", "visible": true, "clickable": true, "zIndex": 0, "overlayType": "Polyline", "id": "jbnu-osm-correction-1070844337-bddc0c", "kind": "walkway", "name": "OSM 1070844337 \uc704\uce58 \ubcf4\uc815", "walkable": true, "bidirectional": true, "status": "candidate", "access": "unknown", "stairs": false, "wheelchair": false, "surface": "unknown", "opening_hours": "unknown", "access_time_start": null, "access_time_end": null, "access_timezone": "Asia/Seoul", "source": "OpenStreetMap contributors; user_correction", "verified_at": null, "evidence": "OSM \uc6d0\ubcf8 1070844337\uc758 \uc704\uce58 \ubcf4\uc815\ubcf8", "category": null, "description": null, "source_id": "osm-way-1070844337", "replaces_source_id": "osm-way-1070844337", "source_status": "superseded_by_local_correction", "source_highway": "footway", "source_layer": "jbnu_manual_workfile"}, "id": "jbnu-osm-correction-1070844337-bddc0c"}, {"type": "Feature", "geometry": {"type": "LineString", "coordinates": [[127.1325196, 35.8478204], [127.13252509, 35.84778197], [127.13252825555556, 35.84768], [127.1331029, 35.8477012]], "mantle_properties": {"strokeColor": "#2563EB", "strokeOpacity": 0.95, "strokeWeight": 5, "strokeStyle": "solid", "strokeLineCap": "butt", "strokeLineJoin": "miter", "visible": true, "clickable": true, "zIndex": 0, "overlayType": "Polyline"}}, "properties": {"strokeColor": "#2563EB", "strokeOpacity": 0.95, "strokeWeight": 5, "strokeStyle": "solid", "strokeLineCap": "butt", "strokeLineJoin": "miter", "visible": true, "clickable": true, "zIndex": 0, "overlayType": "Polyline", "id": "jbnu-osm-correction-115952728-46de33", "kind": "walkway", "name": "OSM 115952728 \uc704\uce58 \ubcf4\uc815", "walkable": true, "bidirectional": true, "status": "active", "access": "unknown", "stairs": false, "wheelchair": false, "surface": "unknown", "opening_hours": "24/7", "access_time_start": null, "access_time_end": null, "access_timezone": "Asia/Seoul", "source": "OpenStreetMap contributors; user_correction", "verified_at": null, "evidence": "OSM \uc6d0\ubcf8 115952728\uc758 \uc704\uce58 \ubcf4\uc815\ubcf8", "category": null, "description": null, "source_id": "osm-way-115952728", "replaces_source_id": "osm-way-115952728", "source_status": "superseded_by_local_correction", "source_highway": "service", "source_layer": "jbnu_manual_workfile"}, "id": "jbnu-osm-correction-115952728-46de33"}, {"type": "Feature", "geometry": {"type": "LineString", "coordinates": [[127.13181963333334, 35.84641462222223], [127.1318149, 35.846463], [127.13178935, 35.846795125], [127.13178332500001, 35.846876050000006], [127.1317619, 35.8473082], [127.1317981, 35.8473098], [127.13240941111111, 35.847328922222225], [127.133285525, 35.847369225]], "mantle_properties": {"strokeColor": "#2563EB", "strokeOpacity": 0.95, "strokeWeight": 5, "strokeStyle": "solid", "strokeLineCap": "butt", "strokeLineJoin": "miter", "visible": true, "clickable": true, "zIndex": 0, "overlayType": "Polyline"}}, "properties": {"strokeColor": "#2563EB", "strokeOpacity": 0.95, "strokeWeight": 5, "strokeStyle": "solid", "strokeLineCap": "butt", "strokeLineJoin": "miter", "visible": true, "clickable": true, "zIndex": 0, "overlayType": "Polyline", "id": "jbnu-osm-correction-115952694-2458d5", "kind": "walkway", "name": "OSM 115952694 \uc704\uce58 \ubcf4\uc815", "walkable": true, "bidirectional": true, "status": "active", "access": "unknown", "stairs": false, "wheelchair": false, "surface": "unknown", "opening_hours": "24/7", "access_time_start": null, "access_time_end": null, "access_timezone": "Asia/Seoul", "source": "OpenStreetMap contributors; user_correction", "verified_at": null, "evidence": "OSM \uc6d0\ubcf8 115952694\uc758 \uc704\uce58 \ubcf4\uc815\ubcf8", "category": null, "description": null, "source_id": "osm-way-115952694", "replaces_source_id": "osm-way-115952694", "source_status": "superseded_by_local_correction", "source_highway": "service", "source_layer": "jbnu_manual_workfile"}, "id": "jbnu-osm-correction-115952694-2458d5"}, {"type": "Feature", "geometry": {"type": "LineString", "coordinates": [[127.13252825555556, 35.84768], [127.13254808604074, 35.84733808559357]], "mantle_properties": {"strokeColor": "#2563EB", "strokeOpacity": 0.95, "strokeWeight": 5, "strokeStyle": "solid", "strokeLineCap": "butt", "strokeLineJoin": "miter", "visible": true, "clickable": true, "zIndex": 0, "overlayType": "Polyline"}}, "properties": {"strokeColor": "#2563EB", "strokeOpacity": 0.95, "strokeWeight": 5, "strokeStyle": "solid", "strokeLineCap": "butt", "strokeLineJoin": "miter", "visible": true, "clickable": true, "zIndex": 0, "overlayType": "Polyline", "id": "jbnu-walkway-23e3208a", "kind": "walkway", "name": "", "walkable": true, "bidirectional": true, "status": "active", "access": "unknown", "stairs": false, "wheelchair": false, "surface": "unknown", "opening_hours": "24/7", "access_time_start": null, "access_time_end": null, "access_timezone": "Asia/Seoul", "source": "field_survey", "verified_at": null, "evidence": null, "category": null, "description": null, "source_layer": "jbnu_manual_workfile"}, "id": "jbnu-walkway-23e3208a"}, {"type": "Feature", "geometry": {"type": "LineString", "coordinates": [[127.1327567, 35.84638855], [127.132650775, 35.846437525], [127.13257078888888, 35.846446944444445], [127.13249414999999, 35.846436275], [127.13242040833332, 35.84639561666666]], "mantle_properties": {"strokeColor": "#2563EB", "strokeOpacity": 0.95, "strokeWeight": 5, "strokeStyle": "solid", "strokeLineCap": "butt", "strokeLineJoin": "miter", "visible": true, "clickable": true, "zIndex": 0, "overlayType": "Polyline"}}, "properties": {"strokeColor": "#2563EB", "strokeOpacity": 0.95, "strokeWeight": 5, "strokeStyle": "solid", "strokeLineCap": "butt", "strokeLineJoin": "miter", "visible": true, "clickable": true, "zIndex": 0, "overlayType": "Polyline", "id": "jbnu-osm-correction-1328178456-cc0ddd", "kind": "walkway", "name": "OSM 1328178456 \uc704\uce58 \ubcf4\uc815", "walkable": true, "bidirectional": true, "status": "active", "access": "unknown", "stairs": false, "wheelchair": false, "surface": "unknown", "opening_hours": "24/7", "access_time_start": null, "access_time_end": null, "access_timezone": "Asia/Seoul", "source": "OpenStreetMap contributors; user_correction", "verified_at": null, "evidence": "OSM \uc6d0\ubcf8 1328178456\uc758 \uc704\uce58 \ubcf4\uc815\ubcf8", "category": null, "description": null, "source_id": "osm-way-1328178456", "replaces_source_id": "osm-way-1328178456", "source_status": "superseded_by_local_correction", "source_highway": "service", "source_layer": "jbnu_manual_workfile"}, "id": "jbnu-osm-correction-1328178456-cc0ddd"}, {"type": "Feature", "geometry": {"type": "LineString", "coordinates": [[127.13240941111111, 35.847328922222225], [127.1324327, 35.846964308333334], [127.13268852499999, 35.8469716], [127.1327009, 35.8467752], [127.1325587, 35.84677018888889], [127.1325656, 35.8466533], [127.1326166, 35.8466533], [127.1326189, 35.846631], [127.1326213, 35.8465924], [127.1326246, 35.84654209999999], [127.1326246, 35.846531], [127.1325629, 35.8465299], [127.13257078888888, 35.846446944444445]], "mantle_properties": {"strokeColor": "#2563EB", "strokeOpacity": 0.95, "strokeWeight": 5, "strokeStyle": "solid", "strokeLineCap": "butt", "strokeLineJoin": "miter", "visible": true, "clickable": true, "zIndex": 0, "overlayType": "Polyline"}}, "properties": {"strokeColor": "#2563EB", "strokeOpacity": 0.95, "strokeWeight": 5, "strokeStyle": "solid", "strokeLineCap": "butt", "strokeLineJoin": "miter", "visible": true, "clickable": true, "zIndex": 0, "overlayType": "Polyline", "id": "jbnu-walkway-f0bd1cdc", "kind": "walkway", "name": "", "walkable": true, "bidirectional": true, "status": "active", "access": "unknown", "stairs": false, "wheelchair": false, "surface": "unknown", "opening_hours": "24/7", "access_time_start": null, "access_time_end": null, "access_timezone": "Asia/Seoul", "source": "field_survey", "verified_at": null, "evidence": null, "category": null, "description": null, "source_layer": "jbnu_manual_workfile"}, "id": "jbnu-walkway-f0bd1cdc"}, {"type": "Feature", "geometry": {"type": "LineString", "coordinates": [[127.1325587, 35.84677018888889], [127.13240422499999, 35.846769025], [127.1323859, 35.8469631], [127.1324327, 35.846964308333334]], "mantle_properties": {"strokeColor": "#2563EB", "strokeOpacity": 0.95, "strokeWeight": 5, "strokeStyle": "solid", "strokeLineCap": "butt", "strokeLineJoin": "miter", "visible": true, "clickable": true, "zIndex": 0, "overlayType": "Polyline"}}, "properties": {"strokeColor": "#2563EB", "strokeOpacity": 0.95, "strokeWeight": 5, "strokeStyle": "solid", "strokeLineCap": "butt", "strokeLineJoin": "miter", "visible": true, "clickable": true, "zIndex": 0, "overlayType": "Polyline", "id": "jbnu-walkway-102eeb23", "kind": "walkway", "name": "", "walkable": true, "bidirectional": true, "status": "active", "access": "unknown", "stairs": false, "wheelchair": false, "surface": "unknown", "opening_hours": "24/7", "access_time_start": null, "access_time_end": null, "access_timezone": "Asia/Seoul", "source": "field_survey", "verified_at": null, "evidence": null, "category": null, "description": null, "source_layer": "jbnu_manual_workfile"}, "id": "jbnu-walkway-102eeb23"}, {"type": "Feature", "geometry": {"type": "LineString", "coordinates": [[127.13247825, 35.8462967], [127.132605825, 35.8463048], [127.1326963, 35.846353775000004], [127.1327567, 35.84638855], [127.1327916, 35.8464092], [127.13286264999999, 35.84643425], [127.1329103, 35.84645], [127.1333562, 35.8464728]], "mantle_properties": {"strokeColor": "#2563EB", "strokeOpacity": 0.95, "strokeWeight": 5, "strokeStyle": "solid", "strokeLineCap": "butt", "strokeLineJoin": "miter", "visible": true, "clickable": true, "zIndex": 0, "overlayType": "Polyline"}}, "properties": {"strokeColor": "#2563EB", "strokeOpacity": 0.95, "strokeWeight": 5, "strokeStyle": "solid", "strokeLineCap": "butt", "strokeLineJoin": "miter", "visible": true, "clickable": true, "zIndex": 0, "overlayType": "Polyline", "id": "jbnu-osm-correction-1280489680-b9fa27", "kind": "walkway", "name": "\uacf5\ud559\ub85c", "walkable": true, "bidirectional": true, "status": "active", "access": "unknown", "stairs": false, "wheelchair": false, "surface": "unknown", "opening_hours": "24/7", "access_time_start": null, "access_time_end": null, "access_timezone": "Asia/Seoul", "source": "OpenStreetMap contributors; user_correction", "verified_at": null, "evidence": "OSM \uc6d0\ubcf8 1280489680\uc758 \uc704\uce58 \ubcf4\uc815\ubcf8", "category": null, "description": null, "source_id": "osm-way-1280489680", "replaces_source_id": "osm-way-1280489680", "source_status": "superseded_by_local_correction", "source_highway": "service", "source_layer": "jbnu_manual_workfile"}, "id": "jbnu-osm-correction-1280489680-b9fa27"}, {"type": "Feature", "geometry": {"type": "LineString", "coordinates": [[127.1326246, 35.84654209999999], [127.1328539, 35.84655], [127.13286264999999, 35.84643425]], "mantle_properties": {"strokeColor": "#2563EB", "strokeOpacity": 0.95, "strokeWeight": 5, "strokeStyle": "solid", "strokeLineCap": "butt", "strokeLineJoin": "miter", "visible": true, "clickable": true, "zIndex": 0, "overlayType": "Polyline"}}, "properties": {"strokeColor": "#2563EB", "strokeOpacity": 0.95, "strokeWeight": 5, "strokeStyle": "solid", "strokeLineCap": "butt", "strokeLineJoin": "miter", "visible": true, "clickable": true, "zIndex": 0, "overlayType": "Polyline", "id": "jbnu-walkway-a0dc7e42", "kind": "walkway", "name": "", "walkable": true, "bidirectional": true, "status": "active", "access": "unknown", "stairs": false, "wheelchair": false, "surface": "unknown", "opening_hours": "24/7", "access_time_start": null, "access_time_end": null, "access_timezone": "Asia/Seoul", "source": "field_survey", "verified_at": null, "evidence": null, "category": null, "description": null, "source_layer": "jbnu_manual_workfile"}, "id": "jbnu-walkway-a0dc7e42"}, {"type": "Feature", "geometry": {"type": "LineString", "coordinates": [[127.1326189, 35.846631], [127.13334085893433, 35.84666410811276]], "mantle_properties": {"strokeColor": "#2563EB", "strokeOpacity": 0.95, "strokeWeight": 5, "strokeStyle": "solid", "strokeLineCap": "butt", "strokeLineJoin": "miter", "visible": true, "clickable": true, "zIndex": 0, "overlayType": "Polyline"}}, "properties": {"strokeColor": "#2563EB", "strokeOpacity": 0.95, "strokeWeight": 5, "strokeStyle": "solid", "strokeLineCap": "butt", "strokeLineJoin": "miter", "visible": true, "clickable": true, "zIndex": 0, "overlayType": "Polyline", "id": "jbnu-walkway-ed8dd579", "kind": "walkway", "name": "", "walkable": true, "bidirectional": true, "status": "active", "access": "unknown", "stairs": false, "wheelchair": false, "surface": "unknown", "opening_hours": "24/7", "access_time_start": null, "access_time_end": null, "access_timezone": "Asia/Seoul", "source": "field_survey", "verified_at": null, "evidence": null, "category": null, "description": null, "source_layer": "jbnu_manual_workfile"}, "id": "jbnu-walkway-ed8dd579"}, {"type": "Feature", "geometry": {"type": "LineString", "coordinates": [[127.1344490888889, 35.84692796666666], [127.13443175, 35.847102250000006]], "mantle_properties": {"strokeColor": "#2563EB", "strokeOpacity": 0.95, "strokeWeight": 5, "strokeStyle": "solid", "strokeLineCap": "butt", "strokeLineJoin": "miter", "visible": true, "clickable": true, "zIndex": 0, "overlayType": "Polyline"}}, "properties": {"strokeColor": "#2563EB", "strokeOpacity": 0.95, "strokeWeight": 5, "strokeStyle": "solid", "strokeLineCap": "butt", "strokeLineJoin": "miter", "visible": true, "clickable": true, "zIndex": 0, "overlayType": "Polyline", "id": "jbnu-walkway-78604737", "kind": "walkway", "name": "", "walkable": true, "bidirectional": true, "status": "active", "access": "unknown", "stairs": false, "wheelchair": false, "surface": "unknown", "opening_hours": "24/7", "access_time_start": null, "access_time_end": null, "access_timezone": "Asia/Seoul", "source": "field_survey", "verified_at": null, "evidence": null, "category": null, "description": null, "source_layer": "jbnu_manual_workfile"}, "id": "jbnu-walkway-78604737"}, {"type": "Feature", "geometry": {"type": "LineString", "coordinates": [[127.1344056, 35.8474958], [127.13442754444445, 35.847222688888884]], "mantle_properties": {"strokeColor": "#2563EB", "strokeOpacity": 0.95, "strokeWeight": 5, "strokeStyle": "solid", "strokeLineCap": "butt", "strokeLineJoin": "miter", "visible": true, "clickable": true, "zIndex": 0, "overlayType": "Polyline"}}, "properties": {"strokeColor": "#2563EB", "strokeOpacity": 0.95, "strokeWeight": 5, "strokeStyle": "solid", "strokeLineCap": "butt", "strokeLineJoin": "miter", "visible": true, "clickable": true, "zIndex": 0, "overlayType": "Polyline", "id": "jbnu-walkway-baba85f8", "kind": "walkway", "name": "", "walkable": true, "bidirectional": true, "status": "active", "access": "unknown", "stairs": false, "wheelchair": false, "surface": "unknown", "opening_hours": "24/7", "access_time_start": null, "access_time_end": null, "access_timezone": "Asia/Seoul", "source": "field_survey", "verified_at": null, "evidence": null, "category": null, "description": null, "source_layer": "jbnu_manual_workfile"}, "id": "jbnu-walkway-baba85f8"}, {"type": "Feature", "geometry": {"type": "LineString", "coordinates": [[127.133865125, 35.847107449999996], [127.13432438333332, 35.847129333333335], [127.134320425, 35.8472159], [127.13442754444445, 35.847222688888884], [127.1349816857143, 35.847248209523805], [127.1351647, 35.8472577], [127.1352156, 35.8472599]], "mantle_properties": {"strokeColor": "#2563EB", "strokeOpacity": 0.95, "strokeWeight": 5, "strokeStyle": "solid", "strokeLineCap": "butt", "strokeLineJoin": "miter", "visible": true, "clickable": true, "zIndex": 0, "overlayType": "Polyline"}}, "properties": {"strokeColor": "#2563EB", "strokeOpacity": 0.95, "strokeWeight": 5, "strokeStyle": "solid", "strokeLineCap": "butt", "strokeLineJoin": "miter", "visible": true, "clickable": true, "zIndex": 0, "overlayType": "Polyline", "id": "jbnu-osm-correction-1389446814-6c5e8f", "kind": "walkway", "name": "OSM 1389446814 \uc704\uce58 \ubcf4\uc815", "walkable": true, "bidirectional": true, "status": "active", "access": "unknown", "stairs": false, "wheelchair": false, "surface": "unknown", "opening_hours": "24/7", "access_time_start": null, "access_time_end": null, "access_timezone": "Asia/Seoul", "source": "OpenStreetMap contributors; user_correction", "verified_at": null, "evidence": "OSM \uc6d0\ubcf8 1389446814\uc758 \uc704\uce58 \ubcf4\uc815\ubcf8", "category": null, "description": null, "source_id": "osm-way-1389446814", "replaces_source_id": "osm-way-1389446814", "source_status": "superseded_by_local_correction", "source_highway": "service", "source_layer": "jbnu_manual_workfile"}, "id": "jbnu-osm-correction-1389446814-6c5e8f"}, {"type": "Feature", "geometry": {"type": "LineString", "coordinates": [[127.13438115, 35.847131899999994], [127.13432438333332, 35.847129333333335]], "mantle_properties": {"strokeColor": "#2563EB", "strokeOpacity": 0.95, "strokeWeight": 5, "strokeStyle": "solid", "strokeLineCap": "butt", "strokeLineJoin": "miter", "visible": true, "clickable": true, "zIndex": 0, "overlayType": "Polyline"}}, "properties": {"strokeColor": "#2563EB", "strokeOpacity": 0.95, "strokeWeight": 5, "strokeStyle": "solid", "strokeLineCap": "butt", "strokeLineJoin": "miter", "visible": true, "clickable": true, "zIndex": 0, "overlayType": "Polyline", "id": "jbnu-walkway-19cfa351", "kind": "walkway", "name": "", "walkable": true, "bidirectional": true, "status": "active", "access": "unknown", "stairs": false, "wheelchair": false, "surface": "unknown", "opening_hours": "24/7", "access_time_start": null, "access_time_end": null, "access_timezone": "Asia/Seoul", "source": "field_survey", "verified_at": null, "evidence": null, "category": null, "description": null, "source_layer": "jbnu_manual_workfile"}, "id": "jbnu-walkway-19cfa351"}, {"type": "Feature", "geometry": {"type": "LineString", "coordinates": [[127.13438115, 35.847131899999994], [127.1343813, 35.8470977], [127.13443175, 35.847102250000006], [127.1345077, 35.8471093]], "mantle_properties": {"strokeColor": "#2563EB", "strokeOpacity": 0.95, "strokeWeight": 5, "strokeStyle": "solid", "strokeLineCap": "butt", "strokeLineJoin": "miter", "visible": true, "clickable": true, "zIndex": 0, "overlayType": "Polyline"}}, "properties": {"strokeColor": "#2563EB", "strokeOpacity": 0.95, "strokeWeight": 5, "strokeStyle": "solid", "strokeLineCap": "butt", "strokeLineJoin": "miter", "visible": true, "clickable": true, "zIndex": 0, "overlayType": "Polyline", "id": "jbnu-osm-correction-1389446836-512c28", "kind": "walkway", "name": "OSM 1389446836 \uc704\uce58 \ubcf4\uc815", "walkable": true, "bidirectional": true, "status": "active", "access": "unknown", "stairs": false, "wheelchair": false, "surface": "unknown", "opening_hours": "24/7", "access_time_start": null, "access_time_end": null, "access_timezone": "Asia/Seoul", "source": "OpenStreetMap contributors; user_correction", "verified_at": null, "evidence": "OSM \uc6d0\ubcf8 1389446836\uc758 \uc704\uce58 \ubcf4\uc815\ubcf8", "category": null, "description": null, "source_id": "osm-way-1389446836", "replaces_source_id": "osm-way-1389446836", "source_status": "superseded_by_local_correction", "source_highway": "service", "source_layer": "jbnu_manual_workfile"}, "id": "jbnu-osm-correction-1389446836-512c28"}, {"type": "Feature", "geometry": {"type": "LineString", "coordinates": [[127.134461125, 35.846090625], [127.1344814, 35.8459282]], "mantle_properties": {"strokeColor": "#2563EB", "strokeOpacity": 0.95, "strokeWeight": 5, "strokeStyle": "solid", "strokeLineCap": "butt", "strokeLineJoin": "miter", "visible": true, "clickable": true, "zIndex": 0, "overlayType": "Polyline"}}, "properties": {"strokeColor": "#2563EB", "strokeOpacity": 0.95, "strokeWeight": 5, "strokeStyle": "solid", "strokeLineCap": "butt", "strokeLineJoin": "miter", "visible": true, "clickable": true, "zIndex": 0, "overlayType": "Polyline", "id": "jbnu-walkway-358dea35", "kind": "walkway", "name": "", "walkable": true, "bidirectional": true, "status": "active", "access": "unknown", "stairs": false, "wheelchair": false, "surface": "unknown", "opening_hours": "24/7", "access_time_start": null, "access_time_end": null, "access_timezone": "Asia/Seoul", "source": "field_survey", "verified_at": null, "evidence": null, "category": null, "description": null, "source_layer": "jbnu_manual_workfile"}, "id": "jbnu-walkway-358dea35"}, {"type": "Feature", "geometry": {"type": "LineString", "coordinates": [[127.13430545, 35.8468668], [127.13436164999999, 35.846806775000005], [127.13437007499999, 35.846716375], [127.1344096, 35.8466419], [127.1344217, 35.8466218]], "mantle_properties": {"strokeColor": "#2563EB", "strokeOpacity": 0.95, "strokeWeight": 5, "strokeStyle": "solid", "strokeLineCap": "butt", "strokeLineJoin": "miter", "visible": true, "clickable": true, "zIndex": 0, "overlayType": "Polyline"}}, "properties": {"strokeColor": "#2563EB", "strokeOpacity": 0.95, "strokeWeight": 5, "strokeStyle": "solid", "strokeLineCap": "butt", "strokeLineJoin": "miter", "visible": true, "clickable": true, "zIndex": 0, "overlayType": "Polyline", "id": "jbnu-walkway-ad379e42", "kind": "walkway", "name": "", "walkable": true, "bidirectional": true, "status": "active", "access": "unknown", "stairs": false, "wheelchair": false, "surface": "unknown", "opening_hours": "24/7", "access_time_start": null, "access_time_end": null, "access_timezone": "Asia/Seoul", "source": "field_survey", "verified_at": null, "evidence": null, "category": null, "description": null, "source_layer": "jbnu_manual_workfile"}, "id": "jbnu-walkway-ad379e42"}, {"type": "Feature", "geometry": {"type": "LineString", "coordinates": [[127.133609775, 35.84749755], [127.13361561111111, 35.84774142222222]], "mantle_properties": {"strokeColor": "#2563EB", "strokeOpacity": 0.95, "strokeWeight": 5, "strokeStyle": "solid", "strokeLineCap": "butt", "strokeLineJoin": "miter", "visible": true, "clickable": true, "zIndex": 0, "overlayType": "Polyline"}}, "properties": {"strokeColor": "#2563EB", "strokeOpacity": 0.95, "strokeWeight": 5, "strokeStyle": "solid", "strokeLineCap": "butt", "strokeLineJoin": "miter", "visible": true, "clickable": true, "zIndex": 0, "overlayType": "Polyline", "id": "jbnu-walkway-c4059f09", "kind": "walkway", "name": "", "walkable": true, "bidirectional": true, "status": "active", "access": "unknown", "stairs": false, "wheelchair": false, "surface": "unknown", "opening_hours": "24/7", "access_time_start": null, "access_time_end": null, "access_timezone": "Asia/Seoul", "source": "field_survey", "verified_at": null, "evidence": null, "category": null, "description": null, "source_layer": "jbnu_manual_workfile"}, "id": "jbnu-walkway-c4059f09"}, {"type": "Feature", "geometry": {"type": "LineString", "coordinates": [[127.13361096, 35.847815589999996], [127.13361561111111, 35.84774142222222]], "mantle_properties": {"strokeColor": "#2563EB", "strokeOpacity": 0.95, "strokeWeight": 5, "strokeStyle": "solid", "strokeLineCap": "butt", "strokeLineJoin": "miter", "visible": true, "clickable": true, "zIndex": 0, "overlayType": "Polyline"}}, "properties": {"strokeColor": "#2563EB", "strokeOpacity": 0.95, "strokeWeight": 5, "strokeStyle": "solid", "strokeLineCap": "butt", "strokeLineJoin": "miter", "visible": true, "clickable": true, "zIndex": 0, "overlayType": "Polyline", "id": "jbnu-osm-correction-1293436255-b9631a", "kind": "walkway", "name": "OSM 1293436255 \uc704\uce58 \ubcf4\uc815", "walkable": true, "bidirectional": true, "status": "active", "access": "unknown", "stairs": false, "wheelchair": false, "surface": "unknown", "opening_hours": "24/7", "access_time_start": null, "access_time_end": null, "access_timezone": "Asia/Seoul", "source": "OpenStreetMap contributors; user_correction", "verified_at": null, "evidence": "OSM \uc6d0\ubcf8 1293436255\uc758 \uc704\uce58 \ubcf4\uc815\ubcf8", "category": null, "description": null, "source_id": "osm-way-1293436255", "replaces_source_id": "osm-way-1293436255", "source_status": "superseded_by_local_correction", "source_highway": "footway", "source_layer": "jbnu_manual_workfile"}, "id": "jbnu-osm-correction-1293436255-b9631a"}, {"type": "Feature", "geometry": {"type": "LineString", "coordinates": [[127.1288741530726, 35.845873621676006], [127.12898105, 35.84576735], [127.12903745, 35.845739425000005], [127.129109675, 35.845686275], [127.12922295, 35.845632425000005], [127.129314, 35.84559845], [127.12935842499999, 35.8455762], [127.129415075, 35.84552855], [127.12944995, 35.845478875], [127.1294422, 35.8454129]], "mantle_properties": {"strokeColor": "#2563EB", "strokeOpacity": 0.95, "strokeWeight": 5, "strokeStyle": "solid", "strokeLineCap": "butt", "strokeLineJoin": "miter", "visible": true, "clickable": true, "zIndex": 0, "overlayType": "Polyline"}}, "properties": {"strokeColor": "#2563EB", "strokeOpacity": 0.95, "strokeWeight": 5, "strokeStyle": "solid", "strokeLineCap": "butt", "strokeLineJoin": "miter", "visible": true, "clickable": true, "zIndex": 0, "overlayType": "Polyline", "id": "jbnu-walkway-bbfa7e96", "kind": "walkway", "name": "", "walkable": true, "bidirectional": true, "status": "active", "access": "unknown", "stairs": false, "wheelchair": false, "surface": "unknown", "opening_hours": "24/7", "access_time_start": null, "access_time_end": null, "access_timezone": "Asia/Seoul", "source": "field_survey", "verified_at": null, "evidence": null, "category": null, "description": null, "source_layer": "jbnu_manual_workfile"}, "id": "jbnu-walkway-bbfa7e96"}, {"type": "Feature", "geometry": {"type": "LineString", "coordinates": [[127.13138809555757, 35.847287150383984], [127.131286475, 35.84727875], [127.131258225, 35.84719522499999], [127.13122472500001, 35.8471378], [127.131157575, 35.847095249999995], [127.1310035, 35.84704574444444]], "mantle_properties": {"strokeColor": "#2563EB", "strokeOpacity": 0.95, "strokeWeight": 5, "strokeStyle": "solid", "strokeLineCap": "butt", "strokeLineJoin": "miter", "visible": true, "clickable": true, "zIndex": 0, "overlayType": "Polyline"}}, "properties": {"strokeColor": "#2563EB", "strokeOpacity": 0.95, "strokeWeight": 5, "strokeStyle": "solid", "strokeLineCap": "butt", "strokeLineJoin": "miter", "visible": true, "clickable": true, "zIndex": 0, "overlayType": "Polyline", "id": "jbnu-osm-correction-1427026318-0a12bb", "kind": "walkway", "name": "OSM 1427026318 \uc704\uce58 \ubcf4\uc815", "walkable": true, "bidirectional": true, "status": "active", "access": "unknown", "stairs": false, "wheelchair": false, "surface": "unknown", "opening_hours": "24/7", "access_time_start": null, "access_time_end": null, "access_timezone": "Asia/Seoul", "source": "OpenStreetMap contributors; user_correction", "verified_at": null, "evidence": "OSM \uc6d0\ubcf8 1427026318\uc758 \uc704\uce58 \ubcf4\uc815\ubcf8", "category": null, "description": null, "source_id": "osm-way-1427026318", "replaces_source_id": "osm-way-1427026318", "source_status": "superseded_by_local_correction", "source_highway": "footway", "source_layer": "jbnu_manual_workfile"}, "id": "jbnu-osm-correction-1427026318-0a12bb"}, {"type": "Feature", "geometry": {"type": "LineString", "coordinates": [[127.13004935000001, 35.8472767], [127.1301913, 35.847282625], [127.1302079, 35.84734885], [127.130566, 35.847358650000004], [127.13063486325656, 35.847224681511214]], "mantle_properties": {"strokeColor": "#2563EB", "strokeOpacity": 0.95, "strokeWeight": 5, "strokeStyle": "solid", "strokeLineCap": "butt", "strokeLineJoin": "miter", "visible": true, "clickable": true, "zIndex": 0, "overlayType": "Polyline"}}, "properties": {"strokeColor": "#2563EB", "strokeOpacity": 0.95, "strokeWeight": 5, "strokeStyle": "solid", "strokeLineCap": "butt", "strokeLineJoin": "miter", "visible": true, "clickable": true, "zIndex": 0, "overlayType": "Polyline", "id": "jbnu-osm-correction-1495468725-9f2968", "kind": "walkway", "name": "OSM 1495468725 \uc704\uce58 \ubcf4\uc815", "walkable": true, "bidirectional": true, "status": "active", "access": "unknown", "stairs": false, "wheelchair": false, "surface": "unknown", "opening_hours": "24/7", "access_time_start": null, "access_time_end": null, "access_timezone": "Asia/Seoul", "source": "OpenStreetMap contributors; user_correction", "verified_at": null, "evidence": "OSM \uc6d0\ubcf8 1495468725\uc758 \uc704\uce58 \ubcf4\uc815\ubcf8", "category": null, "description": null, "source_id": "osm-way-1495468725", "replaces_source_id": "osm-way-1495468725", "source_status": "superseded_by_local_correction", "source_highway": "footway", "source_layer": "jbnu_manual_workfile"}, "id": "jbnu-osm-correction-1495468725-9f2968"}, {"type": "Feature", "geometry": {"type": "LineString", "coordinates": [[127.1300423, 35.8469213], [127.13016125, 35.846956275], [127.13075814999999, 35.846915725], [127.13094285, 35.8469774], [127.130944175, 35.847106575], [127.13093835000001, 35.84715224999999]], "mantle_properties": {"strokeColor": "#2563EB", "strokeOpacity": 0.95, "strokeWeight": 5, "strokeStyle": "solid", "strokeLineCap": "butt", "strokeLineJoin": "miter", "visible": true, "clickable": true, "zIndex": 0, "overlayType": "Polyline"}}, "properties": {"strokeColor": "#2563EB", "strokeOpacity": 0.95, "strokeWeight": 5, "strokeStyle": "solid", "strokeLineCap": "butt", "strokeLineJoin": "miter", "visible": true, "clickable": true, "zIndex": 0, "overlayType": "Polyline", "id": "jbnu-osm-correction-1495468724-d55b97", "kind": "walkway", "name": "OSM 1495468724 \uc704\uce58 \ubcf4\uc815", "walkable": true, "bidirectional": true, "status": "active", "access": "unknown", "stairs": false, "wheelchair": false, "surface": "unknown", "opening_hours": "24/7", "access_time_start": null, "access_time_end": null, "access_timezone": "Asia/Seoul", "source": "OpenStreetMap contributors; user_correction", "verified_at": null, "evidence": "OSM \uc6d0\ubcf8 1495468724\uc758 \uc704\uce58 \ubcf4\uc815\ubcf8", "category": null, "description": null, "source_id": "osm-way-1495468724", "replaces_source_id": "osm-way-1495468724", "source_status": "superseded_by_local_correction", "source_highway": "footway", "source_layer": "jbnu_manual_workfile"}, "id": "jbnu-osm-correction-1495468724-d55b97"}, {"type": "Feature", "geometry": {"type": "LineString", "coordinates": [[127.1332724, 35.8475808], [127.13361186926981, 35.84759634734957]], "mantle_properties": {"strokeColor": "#2563EB", "strokeOpacity": 0.95, "strokeWeight": 5, "strokeStyle": "solid", "strokeLineCap": "butt", "strokeLineJoin": "miter", "visible": true, "clickable": true, "zIndex": 0, "overlayType": "Polyline"}}, "properties": {"strokeColor": "#2563EB", "strokeOpacity": 0.95, "strokeWeight": 5, "strokeStyle": "solid", "strokeLineCap": "butt", "strokeLineJoin": "miter", "visible": true, "clickable": true, "zIndex": 0, "overlayType": "Polyline", "id": "jbnu-osm-correction-1293436258-f9a22b", "kind": "walkway", "name": "OSM 1293436258 \uc704\uce58 \ubcf4\uc815", "walkable": true, "bidirectional": true, "status": "active", "access": "unknown", "stairs": false, "wheelchair": false, "surface": "unknown", "opening_hours": "24/7", "access_time_start": null, "access_time_end": null, "access_timezone": "Asia/Seoul", "source": "OpenStreetMap contributors; user_correction", "verified_at": null, "evidence": "OSM \uc6d0\ubcf8 1293436258\uc758 \uc704\uce58 \ubcf4\uc815\ubcf8", "category": null, "description": null, "source_id": "osm-way-1293436258", "replaces_source_id": "osm-way-1293436258", "source_status": "superseded_by_local_correction", "source_highway": "footway", "source_layer": "jbnu_manual_workfile"}, "id": "jbnu-osm-correction-1293436258-f9a22b"}, {"type": "Feature", "geometry": {"type": "LineString", "coordinates": [[127.1339139, 35.847661], [127.13361332753598, 35.84765501559701]], "mantle_properties": {"strokeColor": "#2563EB", "strokeOpacity": 0.95, "strokeWeight": 5, "strokeStyle": "solid", "strokeLineCap": "butt", "strokeLineJoin": "miter", "visible": true, "clickable": true, "zIndex": 0, "overlayType": "Polyline"}}, "properties": {"strokeColor": "#2563EB", "strokeOpacity": 0.95, "strokeWeight": 5, "strokeStyle": "solid", "strokeLineCap": "butt", "strokeLineJoin": "miter", "visible": true, "clickable": true, "zIndex": 0, "overlayType": "Polyline", "id": "jbnu-osm-correction-1293436256-6859bc", "kind": "walkway", "name": "OSM 1293436256 \uc704\uce58 \ubcf4\uc815", "walkable": true, "bidirectional": true, "status": "active", "access": "unknown", "stairs": false, "wheelchair": false, "surface": "unknown", "opening_hours": "24/7", "access_time_start": null, "access_time_end": null, "access_timezone": "Asia/Seoul", "source": "OpenStreetMap contributors; user_correction", "verified_at": null, "evidence": "OSM \uc6d0\ubcf8 1293436256\uc758 \uc704\uce58 \ubcf4\uc815\ubcf8", "category": null, "description": null, "source_id": "osm-way-1293436256", "replaces_source_id": "osm-way-1293436256", "source_status": "superseded_by_local_correction", "source_highway": "footway", "source_layer": "jbnu_manual_workfile"}, "id": "jbnu-osm-correction-1293436256-6859bc"}, {"type": "Feature", "geometry": {"type": "LineString", "coordinates": [[127.13164285, 35.848021375], [127.13164493718662, 35.84832025926032], [127.131634375, 35.848543275]], "mantle_properties": {"strokeColor": "#2563EB", "strokeOpacity": 0.95, "strokeWeight": 5, "strokeStyle": "solid", "strokeLineCap": "butt", "strokeLineJoin": "miter", "visible": true, "clickable": true, "zIndex": 0, "overlayType": "Polyline"}}, "properties": {"strokeColor": "#2563EB", "strokeOpacity": 0.95, "strokeWeight": 5, "strokeStyle": "solid", "strokeLineCap": "butt", "strokeLineJoin": "miter", "visible": true, "clickable": true, "zIndex": 0, "overlayType": "Polyline", "id": "jbnu-osm-correction-1396136973-940d6f", "kind": "walkway", "name": "OSM 1396136973 \uc704\uce58 \ubcf4\uc815", "walkable": true, "bidirectional": true, "status": "active", "access": "unknown", "stairs": false, "wheelchair": false, "surface": "unknown", "opening_hours": "24/7", "access_time_start": null, "access_time_end": null, "access_timezone": "Asia/Seoul", "source": "OpenStreetMap contributors; user_correction", "verified_at": null, "evidence": "OSM \uc6d0\ubcf8 1396136973\uc758 \uc704\uce58 \ubcf4\uc815\ubcf8", "category": null, "description": null, "source_id": "osm-way-1396136973", "replaces_source_id": "osm-way-1396136973", "source_status": "superseded_by_local_correction", "source_highway": "footway", "source_layer": "jbnu_manual_workfile"}, "id": "jbnu-osm-correction-1396136973-940d6f"}, {"type": "Feature", "geometry": {"type": "LineString", "coordinates": [[127.13158225000001, 35.84729325], [127.1315739, 35.8474278]], "mantle_properties": {"strokeColor": "#2563EB", "strokeOpacity": 0.95, "strokeWeight": 5, "strokeStyle": "solid", "strokeLineCap": "butt", "strokeLineJoin": "miter", "visible": true, "clickable": true, "zIndex": 0, "overlayType": "Polyline"}}, "properties": {"strokeColor": "#2563EB", "strokeOpacity": 0.95, "strokeWeight": 5, "strokeStyle": "solid", "strokeLineCap": "butt", "strokeLineJoin": "miter", "visible": true, "clickable": true, "zIndex": 0, "overlayType": "Polyline", "id": "jbnu-osm-correction-743824981-228a82", "kind": "walkway", "name": "OSM 743824981 \uc704\uce58 \ubcf4\uc815", "walkable": true, "bidirectional": true, "status": "active", "access": "unknown", "stairs": false, "wheelchair": false, "surface": "unknown", "opening_hours": "24/7", "access_time_start": null, "access_time_end": null, "access_timezone": "Asia/Seoul", "source": "OpenStreetMap contributors; user_correction", "verified_at": null, "evidence": "OSM \uc6d0\ubcf8 743824981\uc758 \uc704\uce58 \ubcf4\uc815\ubcf8", "category": null, "description": null, "source_id": "osm-way-743824981", "replaces_source_id": "osm-way-743824981", "source_status": "superseded_by_local_correction", "source_highway": "footway", "source_layer": "jbnu_manual_workfile"}, "id": "jbnu-osm-correction-743824981-228a82"}, {"type": "Feature", "geometry": {"type": "LineString", "coordinates": [[127.1316211, 35.8472946], [127.13158225000001, 35.84729325], [127.13138809555757, 35.847287150383984]], "mantle_properties": {"strokeColor": "#2563EB", "strokeOpacity": 0.95, "strokeWeight": 5, "strokeStyle": "solid", "strokeLineCap": "butt", "strokeLineJoin": "miter", "visible": true, "clickable": true, "zIndex": 0, "overlayType": "Polyline"}}, "properties": {"strokeColor": "#2563EB", "strokeOpacity": 0.95, "strokeWeight": 5, "strokeStyle": "solid", "strokeLineCap": "butt", "strokeLineJoin": "miter", "visible": true, "clickable": true, "zIndex": 0, "overlayType": "Polyline", "id": "jbnu-osm-correction-1427026317-adc891", "kind": "walkway", "name": "OSM 1427026317 \uc704\uce58 \ubcf4\uc815", "walkable": true, "bidirectional": true, "status": "active", "access": "unknown", "stairs": false, "wheelchair": false, "surface": "unknown", "opening_hours": "24/7", "access_time_start": null, "access_time_end": null, "access_timezone": "Asia/Seoul", "source": "OpenStreetMap contributors; user_correction", "verified_at": null, "evidence": "OSM \uc6d0\ubcf8 1427026317\uc758 \uc704\uce58 \ubcf4\uc815\ubcf8", "category": null, "description": null, "source_id": "osm-way-1427026317", "replaces_source_id": "osm-way-1427026317", "source_status": "superseded_by_local_correction", "source_highway": "service", "source_layer": "jbnu_manual_workfile"}, "id": "jbnu-osm-correction-1427026317-adc891"}, {"type": "Feature", "geometry": {"type": "LineString", "coordinates": [[127.12840630625, 35.847187725], [127.12748923586781, 35.84732591230745], [127.1273668, 35.8473469], [127.1272193, 35.8474338], [127.1271683, 35.8474969], [127.1271147, 35.8475664], [127.1270852, 35.8476491], [127.1270744, 35.8477339], [127.1270771, 35.8478208], [127.127104, 35.8478904], [127.1271361, 35.8479513], [127.1271978, 35.8480208], [127.127281, 35.8480817], [127.1273856, 35.8481187], [127.1275519, 35.8481556], [127.12764916684371, 35.848138046062395], [127.1286012539456, 35.84799545079935], [127.1287481, 35.8479404], [127.1288367, 35.8478708], [127.1288903, 35.8478143], [127.1289279, 35.8477513], [127.128952, 35.8476708], [127.12896, 35.8476034], [127.1289466, 35.8475317], [127.1288983, 35.8474317], [127.1287991, 35.8473338], [127.1287079, 35.8472773], [127.1285899, 35.8472164], [127.1284799, 35.8471968], [127.12840630625, 35.847187725]], "mantle_properties": {"strokeColor": "#2563EB", "strokeOpacity": 0.95, "strokeWeight": 5, "strokeStyle": "solid", "strokeLineCap": "butt", "strokeLineJoin": "miter", "visible": true, "clickable": true, "zIndex": 0, "overlayType": "Polyline"}}, "properties": {"strokeColor": "#2563EB", "strokeOpacity": 0.95, "strokeWeight": 5, "strokeStyle": "solid", "strokeLineCap": "butt", "strokeLineJoin": "miter", "visible": true, "clickable": true, "zIndex": 0, "overlayType": "Polyline", "id": "jbnu-walkway-ff4eacc9", "kind": "walkway", "name": "", "walkable": true, "bidirectional": true, "status": "active", "access": "unknown", "stairs": false, "wheelchair": false, "surface": "unknown", "opening_hours": "24/7", "access_time_start": null, "access_time_end": null, "access_timezone": "Asia/Seoul", "source": "field_survey", "verified_at": null, "evidence": null, "category": null, "description": null, "source_layer": "jbnu_manual_workfile"}, "id": "jbnu-walkway-ff4eacc9"}, {"type": "Feature", "geometry": {"type": "LineString", "coordinates": [[127.12878440000001, 35.84692135], [127.12839878888889, 35.84695684444444], [127.12840630625, 35.847187725]], "mantle_properties": {"strokeColor": "#2563EB", "strokeOpacity": 0.95, "strokeWeight": 5, "strokeStyle": "solid", "strokeLineCap": "butt", "strokeLineJoin": "miter", "visible": true, "clickable": true, "zIndex": 0, "overlayType": "Polyline"}}, "properties": {"strokeColor": "#2563EB", "strokeOpacity": 0.95, "strokeWeight": 5, "strokeStyle": "solid", "strokeLineCap": "butt", "strokeLineJoin": "miter", "visible": true, "clickable": true, "zIndex": 0, "overlayType": "Polyline", "id": "jbnu-osm-correction-1327522085-3911dc", "kind": "walkway", "name": "OSM 1327522085 \uc704\uce58 \ubcf4\uc815", "walkable": true, "bidirectional": true, "status": "active", "access": "unknown", "stairs": false, "wheelchair": false, "surface": "unknown", "opening_hours": "24/7", "access_time_start": null, "access_time_end": null, "access_timezone": "Asia/Seoul", "source": "OpenStreetMap contributors; user_correction", "verified_at": null, "evidence": "OSM \uc6d0\ubcf8 1327522085\uc758 \uc704\uce58 \ubcf4\uc815\ubcf8", "category": null, "description": null, "source_id": "osm-way-1327522085", "replaces_source_id": "osm-way-1327522085", "source_status": "superseded_by_local_correction", "source_highway": "footway", "source_layer": "jbnu_manual_workfile"}, "id": "jbnu-osm-correction-1327522085-3911dc"}, {"type": "Feature", "geometry": {"type": "LineString", "coordinates": [[127.12715402500001, 35.846683575], [127.12727287499999, 35.847137075], [127.12740907777777, 35.8471131], [127.12748923586781, 35.84732591230745]], "mantle_properties": {"strokeColor": "#2563EB", "strokeOpacity": 0.95, "strokeWeight": 5, "strokeStyle": "solid", "strokeLineCap": "butt", "strokeLineJoin": "miter", "visible": true, "clickable": true, "zIndex": 0, "overlayType": "Polyline"}}, "properties": {"strokeColor": "#2563EB", "strokeOpacity": 0.95, "strokeWeight": 5, "strokeStyle": "solid", "strokeLineCap": "butt", "strokeLineJoin": "miter", "visible": true, "clickable": true, "zIndex": 0, "overlayType": "Polyline", "id": "jbnu-osm-correction-1327522087-026652", "kind": "walkway", "name": "OSM 1327522087 \uc704\uce58 \ubcf4\uc815", "walkable": true, "bidirectional": true, "status": "active", "access": "unknown", "stairs": false, "wheelchair": false, "surface": "unknown", "opening_hours": "24/7", "access_time_start": null, "access_time_end": null, "access_timezone": "Asia/Seoul", "source": "OpenStreetMap contributors; user_correction", "verified_at": null, "evidence": "OSM \uc6d0\ubcf8 1327522087\uc758 \uc704\uce58 \ubcf4\uc815\ubcf8", "category": null, "description": null, "source_id": "osm-way-1327522087", "replaces_source_id": "osm-way-1327522087", "source_status": "superseded_by_local_correction", "source_highway": "footway", "source_layer": "jbnu_manual_workfile"}, "id": "jbnu-osm-correction-1327522087-026652"}, {"type": "Feature", "geometry": {"type": "LineString", "coordinates": [[127.12869994185213, 35.84830857872299], [127.1286012539456, 35.84799545079935]], "mantle_properties": {"strokeColor": "#2563EB", "strokeOpacity": 0.95, "strokeWeight": 5, "strokeStyle": "solid", "strokeLineCap": "butt", "strokeLineJoin": "miter", "visible": true, "clickable": true, "zIndex": 0, "overlayType": "Polyline"}}, "properties": {"strokeColor": "#2563EB", "strokeOpacity": 0.95, "strokeWeight": 5, "strokeStyle": "solid", "strokeLineCap": "butt", "strokeLineJoin": "miter", "visible": true, "clickable": true, "zIndex": 0, "overlayType": "Polyline", "id": "jbnu-walkway-5f12f605", "kind": "walkway", "name": "", "walkable": true, "bidirectional": true, "status": "active", "access": "unknown", "stairs": false, "wheelchair": false, "surface": "unknown", "opening_hours": "24/7", "access_time_start": null, "access_time_end": null, "access_timezone": "Asia/Seoul", "source": "field_survey", "verified_at": null, "evidence": null, "category": null, "description": null, "source_layer": "jbnu_manual_workfile"}, "id": "jbnu-walkway-5f12f605"}, {"type": "Feature", "geometry": {"type": "LineString", "coordinates": [[127.12764916684371, 35.848138046062395], [127.12768198597858, 35.84846594012377]], "mantle_properties": {"strokeColor": "#2563EB", "strokeOpacity": 0.95, "strokeWeight": 5, "strokeStyle": "solid", "strokeLineCap": "butt", "strokeLineJoin": "miter", "visible": true, "clickable": true, "zIndex": 0, "overlayType": "Polyline"}}, "properties": {"strokeColor": "#2563EB", "strokeOpacity": 0.95, "strokeWeight": 5, "strokeStyle": "solid", "strokeLineCap": "butt", "strokeLineJoin": "miter", "visible": true, "clickable": true, "zIndex": 0, "overlayType": "Polyline", "id": "jbnu-walkway-21acba0b", "kind": "walkway", "name": "", "walkable": true, "bidirectional": true, "status": "active", "access": "unknown", "stairs": false, "wheelchair": false, "surface": "unknown", "opening_hours": "24/7", "access_time_start": null, "access_time_end": null, "access_timezone": "Asia/Seoul", "source": "field_survey", "verified_at": null, "evidence": null, "category": null, "description": null, "source_layer": "jbnu_manual_workfile"}, "id": "jbnu-walkway-21acba0b"}, {"type": "Feature", "geometry": {"type": "LineString", "coordinates": [[127.126408, 35.8484534], [127.126515375, 35.848514124999994], [127.1272775, 35.848665925000006], [127.127410475, 35.848664924999994]], "mantle_properties": {"strokeColor": "#2563EB", "strokeOpacity": 0.95, "strokeWeight": 5, "strokeStyle": "solid", "strokeLineCap": "butt", "strokeLineJoin": "miter", "visible": true, "clickable": true, "zIndex": 0, "overlayType": "Polyline"}}, "properties": {"strokeColor": "#2563EB", "strokeOpacity": 0.95, "strokeWeight": 5, "strokeStyle": "solid", "strokeLineCap": "butt", "strokeLineJoin": "miter", "visible": true, "clickable": true, "zIndex": 0, "overlayType": "Polyline", "id": "jbnu-walkway-61a0ad07", "kind": "walkway", "name": "", "walkable": true, "bidirectional": true, "status": "active", "access": "unknown", "stairs": false, "wheelchair": false, "surface": "unknown", "opening_hours": "24/7", "access_time_start": null, "access_time_end": null, "access_timezone": "Asia/Seoul", "source": "field_survey", "verified_at": null, "evidence": null, "category": null, "description": null, "source_layer": "jbnu_manual_workfile"}, "id": "jbnu-walkway-61a0ad07"}, {"type": "Feature", "geometry": {"type": "LineString", "coordinates": [[127.12981403271641, 35.84840698130052], [127.1300395, 35.848399625], [127.13008835, 35.8483538]], "mantle_properties": {"strokeColor": "#2563EB", "strokeOpacity": 0.95, "strokeWeight": 5, "strokeStyle": "solid", "strokeLineCap": "butt", "strokeLineJoin": "miter", "visible": true, "clickable": true, "zIndex": 0, "overlayType": "Polyline"}}, "properties": {"strokeColor": "#2563EB", "strokeOpacity": 0.95, "strokeWeight": 5, "strokeStyle": "solid", "strokeLineCap": "butt", "strokeLineJoin": "miter", "visible": true, "clickable": true, "zIndex": 0, "overlayType": "Polyline", "id": "jbnu-walkway-5a7d3e1a", "kind": "walkway", "name": "", "walkable": true, "bidirectional": true, "status": "active", "access": "unknown", "stairs": false, "wheelchair": false, "surface": "unknown", "opening_hours": "24/7", "access_time_start": null, "access_time_end": null, "access_timezone": "Asia/Seoul", "source": "field_survey", "verified_at": null, "evidence": null, "category": null, "description": null, "source_layer": "jbnu_manual_workfile"}, "id": "jbnu-walkway-5a7d3e1a"}, {"type": "Feature", "geometry": {"type": "LineString", "coordinates": [[127.1338215, 35.8490068], [127.1338473, 35.8493706], [127.1325527, 35.8494676], [127.1325145, 35.8491359], [127.133137, 35.8490861]], "mantle_properties": {"strokeColor": "#2563EB", "strokeOpacity": 0.95, "strokeWeight": 5, "strokeStyle": "solid", "strokeLineCap": "butt", "strokeLineJoin": "miter", "visible": true, "clickable": true, "zIndex": 0, "overlayType": "Polyline"}}, "properties": {"strokeColor": "#2563EB", "strokeOpacity": 0.95, "strokeWeight": 5, "strokeStyle": "solid", "strokeLineCap": "butt", "strokeLineJoin": "miter", "visible": true, "clickable": true, "zIndex": 0, "overlayType": "Polyline", "id": "jbnu-osm-correction-36963737-97e71b", "kind": "walkway", "name": "OSM 36963737 \uc704\uce58 \ubcf4\uc815", "walkable": true, "bidirectional": true, "status": "active", "access": "unknown", "stairs": false, "wheelchair": false, "surface": "unknown", "opening_hours": "24/7", "access_time_start": null, "access_time_end": null, "access_timezone": "Asia/Seoul", "source": "OpenStreetMap contributors; user_correction", "verified_at": null, "evidence": "OSM \uc6d0\ubcf8 36963737\uc758 \uc704\uce58 \ubcf4\uc815\ubcf8", "category": null, "description": null, "source_id": "osm-way-36963737", "replaces_source_id": "osm-way-36963737", "source_status": "superseded_by_local_correction", "source_highway": "service", "source_layer": "jbnu_manual_workfile"}, "id": "jbnu-osm-correction-36963737-97e71b"}, {"type": "Feature", "geometry": {"type": "LineString", "coordinates": [[127.1323162160507, 35.84873192955699], [127.1324234, 35.8491101], [127.1325321, 35.8490981], [127.13261667331807, 35.84912590213455]], "mantle_properties": {"strokeColor": "#2563EB", "strokeOpacity": 0.95, "strokeWeight": 5, "strokeStyle": "solid", "strokeLineCap": "butt", "strokeLineJoin": "miter", "visible": true, "clickable": true, "zIndex": 0, "overlayType": "Polyline"}}, "properties": {"strokeColor": "#2563EB", "strokeOpacity": 0.95, "strokeWeight": 5, "strokeStyle": "solid", "strokeLineCap": "butt", "strokeLineJoin": "miter", "visible": true, "clickable": true, "zIndex": 0, "overlayType": "Polyline", "id": "jbnu-walkway-0ea94c82", "kind": "walkway", "name": "", "walkable": true, "bidirectional": true, "status": "active", "access": "unknown", "stairs": false, "wheelchair": false, "surface": "unknown", "opening_hours": "24/7", "access_time_start": null, "access_time_end": null, "access_timezone": "Asia/Seoul", "source": "field_survey", "verified_at": null, "evidence": null, "category": null, "description": null, "source_layer": "jbnu_manual_workfile"}, "id": "jbnu-walkway-0ea94c82"}, {"type": "Feature", "geometry": {"type": "LineString", "coordinates": [[127.1317629, 35.8487812], [127.13180342, 35.84891624], [127.13233789468838, 35.84882116863202]], "mantle_properties": {"strokeColor": "#2563EB", "strokeOpacity": 0.95, "strokeWeight": 5, "strokeStyle": "solid", "strokeLineCap": "butt", "strokeLineJoin": "miter", "visible": true, "clickable": true, "zIndex": 0, "overlayType": "Polyline"}}, "properties": {"strokeColor": "#2563EB", "strokeOpacity": 0.95, "strokeWeight": 5, "strokeStyle": "solid", "strokeLineCap": "butt", "strokeLineJoin": "miter", "visible": true, "clickable": true, "zIndex": 0, "overlayType": "Polyline", "id": "jbnu-osm-correction-115952682-73fd42", "kind": "walkway", "name": "OSM 115952682 \uc704\uce58 \ubcf4\uc815", "walkable": true, "bidirectional": true, "status": "active", "access": "unknown", "stairs": false, "wheelchair": false, "surface": "unknown", "opening_hours": "24/7", "access_time_start": null, "access_time_end": null, "access_timezone": "Asia/Seoul", "source": "OpenStreetMap contributors; user_correction", "verified_at": null, "evidence": "OSM \uc6d0\ubcf8 115952682\uc758 \uc704\uce58 \ubcf4\uc815\ubcf8", "category": null, "description": null, "source_id": "osm-way-115952682", "replaces_source_id": "osm-way-115952682", "source_status": "superseded_by_local_correction", "source_highway": "service", "source_layer": "jbnu_manual_workfile"}, "id": "jbnu-osm-correction-115952682-73fd42"}, {"type": "Feature", "geometry": {"type": "LineString", "coordinates": [[127.13180342, 35.84891624], [127.13135425555555, 35.849005455555556], [127.13132, 35.8489646], [127.1312433, 35.8488578]], "mantle_properties": {"strokeColor": "#2563EB", "strokeOpacity": 0.95, "strokeWeight": 5, "strokeStyle": "solid", "strokeLineCap": "butt", "strokeLineJoin": "miter", "visible": true, "clickable": true, "zIndex": 0, "overlayType": "Polyline"}}, "properties": {"strokeColor": "#2563EB", "strokeOpacity": 0.95, "strokeWeight": 5, "strokeStyle": "solid", "strokeLineCap": "butt", "strokeLineJoin": "miter", "visible": true, "clickable": true, "zIndex": 0, "overlayType": "Polyline", "id": "jbnu-osm-correction-115952686-7390ac", "kind": "walkway", "name": "OSM 115952686 \uc704\uce58 \ubcf4\uc815", "walkable": true, "bidirectional": true, "status": "active", "access": "unknown", "stairs": false, "wheelchair": false, "surface": "unknown", "opening_hours": "24/7", "access_time_start": null, "access_time_end": null, "access_timezone": "Asia/Seoul", "source": "OpenStreetMap contributors; user_correction", "verified_at": null, "evidence": "OSM \uc6d0\ubcf8 115952686\uc758 \uc704\uce58 \ubcf4\uc815\ubcf8", "category": null, "description": null, "source_id": "osm-way-115952686", "replaces_source_id": "osm-way-115952686", "source_status": "superseded_by_local_correction", "source_highway": "service", "source_layer": "jbnu_manual_workfile"}, "id": "jbnu-osm-correction-115952686-7390ac"}, {"type": "Feature", "geometry": {"type": "LineString", "coordinates": [[127.13135425555555, 35.849005455555556], [127.1314103, 35.8491974], [127.1314461, 35.8493085]], "mantle_properties": {"strokeColor": "#2563EB", "strokeOpacity": 0.95, "strokeWeight": 5, "strokeStyle": "solid", "strokeLineCap": "butt", "strokeLineJoin": "miter", "visible": true, "clickable": true, "zIndex": 0, "overlayType": "Polyline"}}, "properties": {"strokeColor": "#2563EB", "strokeOpacity": 0.95, "strokeWeight": 5, "strokeStyle": "solid", "strokeLineCap": "butt", "strokeLineJoin": "miter", "visible": true, "clickable": true, "zIndex": 0, "overlayType": "Polyline", "id": "jbnu-osm-correction-115952740-a38f79", "kind": "walkway", "name": "OSM 115952740 \uc704\uce58 \ubcf4\uc815", "walkable": true, "bidirectional": true, "status": "active", "access": "unknown", "stairs": false, "wheelchair": false, "surface": "unknown", "opening_hours": "24/7", "access_time_start": null, "access_time_end": null, "access_timezone": "Asia/Seoul", "source": "OpenStreetMap contributors; user_correction", "verified_at": null, "evidence": "OSM \uc6d0\ubcf8 115952740\uc758 \uc704\uce58 \ubcf4\uc815\ubcf8", "category": null, "description": null, "source_id": "osm-way-115952740", "replaces_source_id": "osm-way-115952740", "source_status": "superseded_by_local_correction", "source_highway": "service", "source_layer": "jbnu_manual_workfile"}, "id": "jbnu-osm-correction-115952740-a38f79"}, {"type": "Feature", "geometry": {"type": "LineString", "coordinates": [[127.1288124, 35.8469953], [127.128842, 35.84703], [127.12887965, 35.847074], [127.12894795, 35.84713375], [127.1290439, 35.84719571111111], [127.12910965, 35.8472267], [127.12918877499999, 35.8472577], [127.129236525, 35.847290625]], "mantle_properties": {"strokeColor": "#2563EB", "strokeOpacity": 0.95, "strokeWeight": 5, "strokeStyle": "solid", "strokeLineCap": "butt", "strokeLineJoin": "miter", "visible": true, "clickable": true, "zIndex": 0, "overlayType": "Polyline"}}, "properties": {"strokeColor": "#2563EB", "strokeOpacity": 0.95, "strokeWeight": 5, "strokeStyle": "solid", "strokeLineCap": "butt", "strokeLineJoin": "miter", "visible": true, "clickable": true, "zIndex": 0, "overlayType": "Polyline", "id": "jbnu-osm-correction-1070844336-d73e05", "kind": "walkway", "name": "OSM 1070844336 \uc704\uce58 \ubcf4\uc815", "walkable": true, "bidirectional": true, "status": "active", "access": "unknown", "stairs": false, "wheelchair": false, "surface": "unknown", "opening_hours": "24/7", "access_time_start": null, "access_time_end": null, "access_timezone": "Asia/Seoul", "source": "OpenStreetMap contributors; user_correction", "verified_at": null, "evidence": "OSM \uc6d0\ubcf8 1070844336\uc758 \uc704\uce58 \ubcf4\uc815\ubcf8", "category": null, "description": null, "source_id": "osm-way-1070844336", "replaces_source_id": "osm-way-1070844336", "source_status": "superseded_by_local_correction", "source_highway": "footway", "source_layer": "jbnu_manual_workfile"}, "id": "jbnu-osm-correction-1070844336-d73e05"}, {"type": "Feature", "geometry": {"type": "LineString", "coordinates": [[127.1290439, 35.84719571111111], [127.1291699, 35.8473577], [127.1292236, 35.8474654], [127.12925265555555, 35.84760798888889]], "mantle_properties": {"strokeColor": "#2563EB", "strokeOpacity": 0.95, "strokeWeight": 5, "strokeStyle": "solid", "strokeLineCap": "butt", "strokeLineJoin": "miter", "visible": true, "clickable": true, "zIndex": 0, "overlayType": "Polyline"}}, "properties": {"strokeColor": "#2563EB", "strokeOpacity": 0.95, "strokeWeight": 5, "strokeStyle": "solid", "strokeLineCap": "butt", "strokeLineJoin": "miter", "visible": true, "clickable": true, "zIndex": 0, "overlayType": "Polyline", "id": "jbnu-walkway-221ca53f", "kind": "walkway", "name": "", "walkable": true, "bidirectional": true, "status": "active", "access": "unknown", "stairs": false, "wheelchair": false, "surface": "unknown", "opening_hours": "24/7", "access_time_start": null, "access_time_end": null, "access_timezone": "Asia/Seoul", "source": "field_survey", "verified_at": null, "evidence": null, "category": null, "description": null, "source_layer": "jbnu_manual_workfile"}, "id": "jbnu-walkway-221ca53f"}, {"type": "Feature", "geometry": {"type": "LineString", "coordinates": [[127.129236525, 35.847290625], [127.1291947, 35.8473148], [127.1291558, 35.8473398]], "mantle_properties": {"strokeColor": "#2563EB", "strokeOpacity": 0.95, "strokeWeight": 5, "strokeStyle": "solid", "strokeLineCap": "butt", "strokeLineJoin": "miter", "visible": true, "clickable": true, "zIndex": 0, "overlayType": "Polyline"}}, "properties": {"strokeColor": "#2563EB", "strokeOpacity": 0.95, "strokeWeight": 5, "strokeStyle": "solid", "strokeLineCap": "butt", "strokeLineJoin": "miter", "visible": true, "clickable": true, "zIndex": 0, "overlayType": "Polyline", "id": "jbnu-walkway-5e1a9e97", "kind": "walkway", "name": "", "walkable": true, "bidirectional": true, "status": "active", "access": "unknown", "stairs": false, "wheelchair": false, "surface": "unknown", "opening_hours": "24/7", "access_time_start": null, "access_time_end": null, "access_timezone": "Asia/Seoul", "source": "field_survey", "verified_at": null, "evidence": null, "category": null, "description": null, "source_layer": "jbnu_manual_workfile"}, "id": "jbnu-walkway-5e1a9e97"}, {"type": "Feature", "geometry": {"type": "LineString", "coordinates": [[127.12740907777777, 35.8471131], [127.12839878888889, 35.84695684444444]], "mantle_properties": {"strokeColor": "#2563EB", "strokeOpacity": 0.95, "strokeWeight": 5, "strokeStyle": "solid", "strokeLineCap": "butt", "strokeLineJoin": "miter", "visible": true, "clickable": true, "zIndex": 0, "overlayType": "Polyline"}}, "properties": {"strokeColor": "#2563EB", "strokeOpacity": 0.95, "strokeWeight": 5, "strokeStyle": "solid", "strokeLineCap": "butt", "strokeLineJoin": "miter", "visible": true, "clickable": true, "zIndex": 0, "overlayType": "Polyline", "id": "jbnu-walkway-9e926a6d", "kind": "walkway", "name": "", "walkable": true, "bidirectional": true, "status": "active", "access": "unknown", "stairs": false, "wheelchair": false, "surface": "unknown", "opening_hours": "24/7", "access_time_start": null, "access_time_end": null, "access_timezone": "Asia/Seoul", "source": "field_survey", "verified_at": null, "evidence": null, "category": null, "description": null, "source_layer": "jbnu_manual_workfile"}, "id": "jbnu-walkway-9e926a6d"}, {"type": "Feature", "geometry": {"type": "LineString", "coordinates": [[127.1255758, 35.8455162], [127.12560357500001, 35.8455493], [127.12559910000002, 35.84560825], [127.12558247499999, 35.8456779], [127.1255838, 35.8458054], [127.12559024999999, 35.84592], [127.1256141, 35.84602162499999], [127.12566394999999, 35.846090825000005], [127.12579475000001, 35.8461791], [127.125905, 35.8462119], [127.1259941, 35.84620683333333], [127.12724452500001, 35.846497525000004]], "mantle_properties": {"strokeColor": "#2563EB", "strokeOpacity": 0.95, "strokeWeight": 5, "strokeStyle": "solid", "strokeLineCap": "butt", "strokeLineJoin": "miter", "visible": true, "clickable": true, "zIndex": 0, "overlayType": "Polyline"}}, "properties": {"strokeColor": "#2563EB", "strokeOpacity": 0.95, "strokeWeight": 5, "strokeStyle": "solid", "strokeLineCap": "butt", "strokeLineJoin": "miter", "visible": true, "clickable": true, "zIndex": 0, "overlayType": "Polyline", "id": "jbnu-osm-correction-1367280846-c4d0dc", "kind": "walkway", "name": "OSM 1367280846 \uc704\uce58 \ubcf4\uc815", "walkable": true, "bidirectional": true, "status": "active", "access": "unknown", "stairs": false, "wheelchair": false, "surface": "unknown", "opening_hours": "24/7", "access_time_start": null, "access_time_end": null, "access_timezone": "Asia/Seoul", "source": "OpenStreetMap contributors; user_correction", "verified_at": null, "evidence": "OSM \uc6d0\ubcf8 1367280846\uc758 \uc704\uce58 \ubcf4\uc815\ubcf8", "category": null, "description": null, "source_id": "osm-way-1367280846", "replaces_source_id": "osm-way-1367280846", "source_status": "superseded_by_local_correction", "source_highway": "footway", "source_layer": "jbnu_manual_workfile"}, "id": "jbnu-osm-correction-1367280846-c4d0dc"}, {"type": "Feature", "geometry": {"type": "LineString", "coordinates": [[127.1257097, 35.845821075], [127.12594164444444, 35.84588032222222]], "mantle_properties": {"strokeColor": "#2563EB", "strokeOpacity": 0.95, "strokeWeight": 5, "strokeStyle": "solid", "strokeLineCap": "butt", "strokeLineJoin": "miter", "visible": true, "clickable": true, "zIndex": 0, "overlayType": "Polyline"}}, "properties": {"strokeColor": "#2563EB", "strokeOpacity": 0.95, "strokeWeight": 5, "strokeStyle": "solid", "strokeLineCap": "butt", "strokeLineJoin": "miter", "visible": true, "clickable": true, "zIndex": 0, "overlayType": "Polyline", "id": "jbnu-walkway-0e30cbb5", "kind": "walkway", "name": "", "walkable": true, "bidirectional": true, "status": "active", "access": "unknown", "stairs": false, "wheelchair": false, "surface": "unknown", "opening_hours": "24/7", "access_time_start": null, "access_time_end": null, "access_timezone": "Asia/Seoul", "source": "field_survey", "verified_at": null, "evidence": null, "category": null, "description": null, "source_layer": "jbnu_manual_workfile"}, "id": "jbnu-walkway-0e30cbb5"}, {"type": "Feature", "geometry": {"type": "LineString", "coordinates": [[127.12607380000001, 35.84591206666666], [127.12594164444444, 35.84588032222222], [127.1258379, 35.8460945]], "mantle_properties": {"strokeColor": "#2563EB", "strokeOpacity": 0.95, "strokeWeight": 5, "strokeStyle": "solid", "strokeLineCap": "butt", "strokeLineJoin": "miter", "visible": true, "clickable": true, "zIndex": 0, "overlayType": "Polyline"}}, "properties": {"strokeColor": "#2563EB", "strokeOpacity": 0.95, "strokeWeight": 5, "strokeStyle": "solid", "strokeLineCap": "butt", "strokeLineJoin": "miter", "visible": true, "clickable": true, "zIndex": 0, "overlayType": "Polyline", "id": "jbnu-osm-correction-968143661-ee23d1", "kind": "walkway", "name": "OSM 968143661 \uc704\uce58 \ubcf4\uc815", "walkable": true, "bidirectional": true, "status": "active", "access": "unknown", "stairs": false, "wheelchair": false, "surface": "unknown", "opening_hours": "24/7", "access_time_start": null, "access_time_end": null, "access_timezone": "Asia/Seoul", "source": "OpenStreetMap contributors; user_correction", "verified_at": null, "evidence": "OSM \uc6d0\ubcf8 968143661\uc758 \uc704\uce58 \ubcf4\uc815\ubcf8", "category": null, "description": null, "source_id": "osm-way-968143661", "replaces_source_id": "osm-way-968143661", "source_status": "superseded_by_local_correction", "source_highway": "service", "source_layer": "jbnu_manual_workfile"}, "id": "jbnu-osm-correction-968143661-ee23d1"}, {"type": "Feature", "geometry": {"type": "LineString", "coordinates": [[127.1268596, 35.8455304], [127.1267342, 35.8460626], [127.12607380000001, 35.84591206666666], [127.1259916, 35.8461376], [127.1259701, 35.8461975]], "mantle_properties": {"strokeColor": "#2563EB", "strokeOpacity": 0.95, "strokeWeight": 5, "strokeStyle": "solid", "strokeLineCap": "butt", "strokeLineJoin": "miter", "visible": true, "clickable": true, "zIndex": 0, "overlayType": "Polyline"}}, "properties": {"strokeColor": "#2563EB", "strokeOpacity": 0.95, "strokeWeight": 5, "strokeStyle": "solid", "strokeLineCap": "butt", "strokeLineJoin": "miter", "visible": true, "clickable": true, "zIndex": 0, "overlayType": "Polyline", "id": "jbnu-osm-correction-876428423-eae7b5", "kind": "walkway", "name": "OSM 876428423 \uc704\uce58 \ubcf4\uc815", "walkable": true, "bidirectional": true, "status": "active", "access": "unknown", "stairs": false, "wheelchair": false, "surface": "unknown", "opening_hours": "24/7", "access_time_start": null, "access_time_end": null, "access_timezone": "Asia/Seoul", "source": "OpenStreetMap contributors; user_correction", "verified_at": null, "evidence": "OSM \uc6d0\ubcf8 876428423\uc758 \uc704\uce58 \ubcf4\uc815\ubcf8", "category": null, "description": null, "source_id": "osm-way-876428423", "replaces_source_id": "osm-way-876428423", "source_status": "superseded_by_local_correction", "source_highway": "service", "source_layer": "jbnu_manual_workfile"}, "id": "jbnu-osm-correction-876428423-eae7b5"}, {"type": "Feature", "geometry": {"type": "LineString", "coordinates": [[127.1288898, 35.844969750000004], [127.1292195, 35.8449547], [127.12924002, 35.84497264666666], [127.1292598, 35.8449906], [127.12931527, 35.845166469999995]], "mantle_properties": {"strokeColor": "#2563EB", "strokeOpacity": 0.95, "strokeWeight": 5, "strokeStyle": "solid", "strokeLineCap": "butt", "strokeLineJoin": "miter", "visible": true, "clickable": true, "zIndex": 0, "overlayType": "Polyline"}}, "properties": {"strokeColor": "#2563EB", "strokeOpacity": 0.95, "strokeWeight": 5, "strokeStyle": "solid", "strokeLineCap": "butt", "strokeLineJoin": "miter", "visible": true, "clickable": true, "zIndex": 0, "overlayType": "Polyline", "id": "jbnu-osm-correction-471478391-c25092", "kind": "walkway", "name": "OSM 471478391 \uc704\uce58 \ubcf4\uc815", "walkable": true, "bidirectional": true, "status": "active", "access": "unknown", "stairs": false, "wheelchair": false, "surface": "unknown", "opening_hours": "24/7", "access_time_start": null, "access_time_end": null, "access_timezone": "Asia/Seoul", "source": "OpenStreetMap contributors; user_correction", "verified_at": null, "evidence": "OSM \uc6d0\ubcf8 471478391\uc758 \uc704\uce58 \ubcf4\uc815\ubcf8", "category": null, "description": null, "source_id": "osm-way-471478391", "replaces_source_id": "osm-way-471478391", "source_status": "superseded_by_local_correction", "source_highway": "service", "source_layer": "jbnu_manual_workfile"}, "id": "jbnu-osm-correction-471478391-c25092"}, {"type": "Feature", "geometry": {"type": "LineString", "coordinates": [[127.12924002, 35.84497264666666], [127.1292245595296, 35.84482958892569]], "mantle_properties": {"strokeColor": "#2563EB", "strokeOpacity": 0.95, "strokeWeight": 5, "strokeStyle": "solid", "strokeLineCap": "butt", "strokeLineJoin": "miter", "visible": true, "clickable": true, "zIndex": 0, "overlayType": "Polyline"}}, "properties": {"strokeColor": "#2563EB", "strokeOpacity": 0.95, "strokeWeight": 5, "strokeStyle": "solid", "strokeLineCap": "butt", "strokeLineJoin": "miter", "visible": true, "clickable": true, "zIndex": 0, "overlayType": "Polyline", "id": "jbnu-walkway-bb2b035b", "kind": "walkway", "name": "", "walkable": true, "bidirectional": true, "status": "active", "access": "unknown", "stairs": false, "wheelchair": false, "surface": "unknown", "opening_hours": "24/7", "access_time_start": null, "access_time_end": null, "access_timezone": "Asia/Seoul", "source": "field_survey", "verified_at": null, "evidence": null, "category": null, "description": null, "source_layer": "jbnu_manual_workfile"}, "id": "jbnu-walkway-bb2b035b"}, {"type": "Feature", "geometry": {"type": "LineString", "coordinates": [[127.13065475, 35.845219875], [127.130893375, 35.845190875], [127.1311336, 35.84516045]], "mantle_properties": {"strokeColor": "#2563EB", "strokeOpacity": 0.95, "strokeWeight": 5, "strokeStyle": "solid", "strokeLineCap": "butt", "strokeLineJoin": "miter", "visible": true, "clickable": true, "zIndex": 0, "overlayType": "Polyline"}}, "properties": {"strokeColor": "#2563EB", "strokeOpacity": 0.95, "strokeWeight": 5, "strokeStyle": "solid", "strokeLineCap": "butt", "strokeLineJoin": "miter", "visible": true, "clickable": true, "zIndex": 0, "overlayType": "Polyline", "id": "jbnu-walkway-88aa4e1a", "kind": "walkway", "name": "", "walkable": true, "bidirectional": true, "status": "active", "access": "unknown", "stairs": false, "wheelchair": false, "surface": "unknown", "opening_hours": "24/7", "access_time_start": null, "access_time_end": null, "access_timezone": "Asia/Seoul", "source": "field_survey", "verified_at": null, "evidence": null, "category": null, "description": null, "source_layer": "jbnu_manual_workfile"}, "id": "jbnu-walkway-88aa4e1a"}, {"type": "Feature", "geometry": {"type": "LineString", "coordinates": [[127.130331275, 35.845250125], [127.13042790000002, 35.8452585], [127.1305285, 35.8452689]], "mantle_properties": {"strokeColor": "#F59E0B", "strokeOpacity": 0.95, "strokeWeight": 5, "strokeStyle": "shortdash", "strokeLineCap": "butt", "strokeLineJoin": "miter", "visible": true, "clickable": true, "zIndex": 0, "overlayType": "Polyline"}}, "properties": {"strokeColor": "#F59E0B", "strokeOpacity": 0.95, "strokeWeight": 5, "strokeStyle": "shortdash", "strokeLineCap": "butt", "strokeLineJoin": "miter", "visible": true, "clickable": true, "zIndex": 0, "overlayType": "Polyline", "id": "jbnu-osm-correction-1327522118-823225", "kind": "walkway", "name": "OSM 1327522118 \uc704\uce58 \ubcf4\uc815", "walkable": true, "bidirectional": true, "status": "candidate", "access": "unknown", "stairs": false, "wheelchair": false, "surface": "unknown", "opening_hours": "unknown", "access_time_start": null, "access_time_end": null, "access_timezone": "Asia/Seoul", "source": "OpenStreetMap contributors; user_correction", "verified_at": null, "evidence": "OSM \uc6d0\ubcf8 1327522118\uc758 \uc704\uce58 \ubcf4\uc815\ubcf8", "category": null, "description": null, "source_id": "osm-way-1327522118", "replaces_source_id": "osm-way-1327522118", "source_status": "superseded_by_local_correction", "source_highway": "footway", "source_layer": "jbnu_manual_workfile"}, "id": "jbnu-osm-correction-1327522118-823225"}, {"type": "Feature", "geometry": {"type": "LineString", "coordinates": [[127.135389275, 35.846943625], [127.1353068, 35.8469229], [127.1352545, 35.8469099], [127.13500915000002, 35.846898949999996], [127.134666375, 35.8468838], [127.13445130000001, 35.846875000000004], [127.1341602, 35.846862], [127.133873275, 35.846851175000005]], "mantle_properties": {"strokeColor": "#F59E0B", "strokeOpacity": 0.95, "strokeWeight": 5, "strokeStyle": "shortdash", "strokeLineCap": "butt", "strokeLineJoin": "miter", "visible": true, "clickable": true, "zIndex": 0, "overlayType": "Polyline"}}, "properties": {"strokeColor": "#F59E0B", "strokeOpacity": 0.95, "strokeWeight": 5, "strokeStyle": "shortdash", "strokeLineCap": "butt", "strokeLineJoin": "miter", "visible": true, "clickable": true, "zIndex": 0, "overlayType": "Polyline", "id": "jbnu-osm-correction-115952713-4f970e", "kind": "walkway", "name": "OSM 115952713 \uc704\uce58 \ubcf4\uc815", "walkable": true, "bidirectional": true, "status": "candidate", "access": "unknown", "stairs": false, "wheelchair": false, "surface": "unknown", "opening_hours": "unknown", "access_time_start": null, "access_time_end": null, "access_timezone": "Asia/Seoul", "source": "OpenStreetMap contributors; user_correction", "verified_at": null, "evidence": "OSM \uc6d0\ubcf8 115952713\uc758 \uc704\uce58 \ubcf4\uc815\ubcf8", "category": null, "description": null, "source_id": "osm-way-115952713", "replaces_source_id": "osm-way-115952713", "source_status": "superseded_by_local_correction", "source_highway": "service", "source_layer": "jbnu_manual_workfile"}, "id": "jbnu-osm-correction-115952713-4f970e"}, {"type": "Feature", "geometry": {"type": "LineString", "coordinates": [[127.13445130000001, 35.846875000000004], [127.1344490888889, 35.84692796666666]], "mantle_properties": {"strokeColor": "#2563EB", "strokeOpacity": 0.95, "strokeWeight": 5, "strokeStyle": "solid", "strokeLineCap": "butt", "strokeLineJoin": "miter", "visible": true, "clickable": true, "zIndex": 0, "overlayType": "Polyline"}}, "properties": {"strokeColor": "#2563EB", "strokeOpacity": 0.95, "strokeWeight": 5, "strokeStyle": "solid", "strokeLineCap": "butt", "strokeLineJoin": "miter", "visible": true, "clickable": true, "zIndex": 0, "overlayType": "Polyline", "id": "jbnu-osm-correction-1389446835-97a46a", "kind": "walkway", "name": "OSM 1389446835 \uc704\uce58 \ubcf4\uc815", "walkable": true, "bidirectional": true, "status": "active", "access": "unknown", "stairs": false, "wheelchair": false, "surface": "unknown", "opening_hours": "24/7", "access_time_start": null, "access_time_end": null, "access_timezone": "Asia/Seoul", "source": "OpenStreetMap contributors; user_correction", "verified_at": null, "evidence": "OSM \uc6d0\ubcf8 1389446835\uc758 \uc704\uce58 \ubcf4\uc815\ubcf8", "category": null, "description": null, "source_id": "osm-way-1389446835", "replaces_source_id": "osm-way-1389446835", "source_status": "superseded_by_local_correction", "source_highway": "footway", "source_layer": "jbnu_manual_workfile"}, "id": "jbnu-osm-correction-1389446835-97a46a"}, {"type": "Feature", "geometry": {"type": "LineString", "coordinates": [[127.13500915000002, 35.846898949999996], [127.1349846, 35.8472104], [127.1349816857143, 35.847248209523805]], "mantle_properties": {"strokeColor": "#F59E0B", "strokeOpacity": 0.95, "strokeWeight": 5, "strokeStyle": "shortdash", "strokeLineCap": "butt", "strokeLineJoin": "miter", "visible": true, "clickable": true, "zIndex": 0, "overlayType": "Polyline"}}, "properties": {"strokeColor": "#F59E0B", "strokeOpacity": 0.95, "strokeWeight": 5, "strokeStyle": "shortdash", "strokeLineCap": "butt", "strokeLineJoin": "miter", "visible": true, "clickable": true, "zIndex": 0, "overlayType": "Polyline", "id": "jbnu-osm-correction-1368399485-7ee42c", "kind": "walkway", "name": "OSM 1368399485 \uc704\uce58 \ubcf4\uc815", "walkable": true, "bidirectional": true, "status": "candidate", "access": "unknown", "stairs": false, "wheelchair": false, "surface": "unknown", "opening_hours": "unknown", "access_time_start": null, "access_time_end": null, "access_timezone": "Asia/Seoul", "source": "OpenStreetMap contributors; user_correction", "verified_at": null, "evidence": "OSM \uc6d0\ubcf8 1368399485\uc758 \uc704\uce58 \ubcf4\uc815\ubcf8", "category": null, "description": null, "source_id": "osm-way-1368399485", "replaces_source_id": "osm-way-1368399485", "source_status": "superseded_by_local_correction", "source_highway": "service", "source_layer": "jbnu_manual_workfile"}, "id": "jbnu-osm-correction-1368399485-7ee42c"}, {"type": "Feature", "geometry": {"type": "LineString", "coordinates": [[127.1319638, 35.84596165], [127.13201071045032, 35.8458303446812]], "mantle_properties": {"strokeColor": "#F59E0B", "strokeOpacity": 0.95, "strokeWeight": 5, "strokeStyle": "shortdash", "strokeLineCap": "butt", "strokeLineJoin": "miter", "visible": true, "clickable": true, "zIndex": 0, "overlayType": "Polyline"}}, "properties": {"strokeColor": "#F59E0B", "strokeOpacity": 0.95, "strokeWeight": 5, "strokeStyle": "shortdash", "strokeLineCap": "butt", "strokeLineJoin": "miter", "visible": true, "clickable": true, "zIndex": 0, "overlayType": "Polyline", "id": "jbnu-osm-correction-471373642-fd1d53", "kind": "walkway", "name": "OSM 471373642 \uc704\uce58 \ubcf4\uc815", "walkable": true, "bidirectional": true, "status": "candidate", "access": "unknown", "stairs": false, "wheelchair": false, "surface": "unknown", "opening_hours": "unknown", "access_time_start": null, "access_time_end": null, "access_timezone": "Asia/Seoul", "source": "OpenStreetMap contributors; user_correction", "verified_at": null, "evidence": "OSM \uc6d0\ubcf8 471373642\uc758 \uc704\uce58 \ubcf4\uc815\ubcf8", "category": null, "description": null, "source_id": "osm-way-471373642", "replaces_source_id": "osm-way-471373642", "source_status": "superseded_by_local_correction", "source_highway": "footway", "source_layer": "jbnu_manual_workfile"}, "id": "jbnu-osm-correction-471373642-fd1d53"}, {"type": "Feature", "geometry": {"type": "LineString", "coordinates": [[127.13201071045032, 35.8458303446812], [127.13232755, 35.8462163], [127.13237515, 35.846277675], [127.13237115, 35.846324949999996], [127.132315575, 35.84635865], [127.1319817, 35.846351733333336]], "mantle_properties": {"strokeColor": "#F59E0B", "strokeOpacity": 0.95, "strokeWeight": 5, "strokeStyle": "shortdash", "strokeLineCap": "butt", "strokeLineJoin": "miter", "visible": true, "clickable": true, "zIndex": 0, "overlayType": "Polyline"}}, "properties": {"strokeColor": "#F59E0B", "strokeOpacity": 0.95, "strokeWeight": 5, "strokeStyle": "shortdash", "strokeLineCap": "butt", "strokeLineJoin": "miter", "visible": true, "clickable": true, "zIndex": 0, "overlayType": "Polyline", "id": "jbnu-osm-correction-1327522116-35dc77", "kind": "walkway", "name": "OSM 1327522116 \uc704\uce58 \ubcf4\uc815", "walkable": true, "bidirectional": true, "status": "candidate", "access": "unknown", "stairs": false, "wheelchair": false, "surface": "unknown", "opening_hours": "unknown", "access_time_start": null, "access_time_end": null, "access_timezone": "Asia/Seoul", "source": "OpenStreetMap contributors; user_correction", "verified_at": null, "evidence": "OSM \uc6d0\ubcf8 1327522116\uc758 \uc704\uce58 \ubcf4\uc815\ubcf8", "category": null, "description": null, "source_id": "osm-way-1327522116", "replaces_source_id": "osm-way-1327522116", "source_status": "superseded_by_local_correction", "source_highway": "footway", "source_layer": "jbnu_manual_workfile"}, "id": "jbnu-osm-correction-1327522116-35dc77"}, {"type": "Feature", "geometry": {"type": "LineString", "coordinates": [[127.13201071045032, 35.8458303446812], [127.13192129999999, 35.8457183], [127.13181085, 35.84572815], [127.13128090000001, 35.8457845], [127.13110797254637, 35.845807442444716], [127.13052119999999, 35.84588014444444]], "mantle_properties": {"strokeColor": "#F59E0B", "strokeOpacity": 0.95, "strokeWeight": 5, "strokeStyle": "shortdash", "strokeLineCap": "butt", "strokeLineJoin": "miter", "visible": true, "clickable": true, "zIndex": 0, "overlayType": "Polyline"}}, "properties": {"strokeColor": "#F59E0B", "strokeOpacity": 0.95, "strokeWeight": 5, "strokeStyle": "shortdash", "strokeLineCap": "butt", "strokeLineJoin": "miter", "visible": true, "clickable": true, "zIndex": 0, "overlayType": "Polyline", "id": "jbnu-osm-correction-1175116968-49ef77", "kind": "walkway", "name": "OSM 1175116968 \uc704\uce58 \ubcf4\uc815", "walkable": true, "bidirectional": true, "status": "candidate", "access": "unknown", "stairs": false, "wheelchair": false, "surface": "unknown", "opening_hours": "unknown", "access_time_start": null, "access_time_end": null, "access_timezone": "Asia/Seoul", "source": "OpenStreetMap contributors; user_correction", "verified_at": null, "evidence": "OSM \uc6d0\ubcf8 1175116968\uc758 \uc704\uce58 \ubcf4\uc815\ubcf8", "category": null, "description": null, "source_id": "osm-way-1175116968", "replaces_source_id": "osm-way-1175116968", "source_status": "superseded_by_local_correction", "source_highway": "footway", "source_layer": "jbnu_manual_workfile"}, "id": "jbnu-osm-correction-1175116968-49ef77"}, {"type": "Feature", "geometry": {"type": "LineString", "coordinates": [[127.13197905, 35.846413549999994], [127.1319762, 35.846381], [127.1319817, 35.846351733333336], [127.13198477499999, 35.8462314], [127.131986575, 35.84606325], [127.1319638, 35.84596165], [127.1318857, 35.845925], [127.1318146, 35.8458978], [127.1316785, 35.8458777], [127.1314632, 35.8458576], [127.1313673, 35.8458646], [127.1312761, 35.8458766], [127.1312842, 35.845926], [127.13114115555555, 35.84594321111111]], "mantle_properties": {"strokeColor": "#F59E0B", "strokeOpacity": 0.95, "strokeWeight": 5, "strokeStyle": "shortdash", "strokeLineCap": "butt", "strokeLineJoin": "miter", "visible": true, "clickable": true, "zIndex": 0, "overlayType": "Polyline"}}, "properties": {"strokeColor": "#F59E0B", "strokeOpacity": 0.95, "strokeWeight": 5, "strokeStyle": "shortdash", "strokeLineCap": "butt", "strokeLineJoin": "miter", "visible": true, "clickable": true, "zIndex": 0, "overlayType": "Polyline", "id": "jbnu-osm-correction-471373639-f914f8", "kind": "walkway", "name": "OSM 471373639 \uc704\uce58 \ubcf4\uc815", "walkable": true, "bidirectional": true, "status": "candidate", "access": "unknown", "stairs": false, "wheelchair": false, "surface": "unknown", "opening_hours": "unknown", "access_time_start": null, "access_time_end": null, "access_timezone": "Asia/Seoul", "source": "OpenStreetMap contributors; user_correction", "verified_at": null, "evidence": "OSM \uc6d0\ubcf8 471373639\uc758 \uc704\uce58 \ubcf4\uc815\ubcf8", "category": null, "description": null, "source_id": "osm-way-471373639", "replaces_source_id": "osm-way-471373639", "source_status": "superseded_by_local_correction", "source_highway": "footway", "source_layer": "jbnu_manual_workfile"}, "id": "jbnu-osm-correction-471373639-f914f8"}, {"type": "Feature", "geometry": {"type": "LineString", "coordinates": [[127.131195492, 35.846471536], [127.13114115555555, 35.84594321111111], [127.13110797254637, 35.845807442444716]], "mantle_properties": {"strokeColor": "#F59E0B", "strokeOpacity": 0.95, "strokeWeight": 5, "strokeStyle": "shortdash", "strokeLineCap": "butt", "strokeLineJoin": "miter", "visible": true, "clickable": true, "zIndex": 0, "overlayType": "Polyline"}}, "properties": {"strokeColor": "#F59E0B", "strokeOpacity": 0.95, "strokeWeight": 5, "strokeStyle": "shortdash", "strokeLineCap": "butt", "strokeLineJoin": "miter", "visible": true, "clickable": true, "zIndex": 0, "overlayType": "Polyline", "id": "jbnu-osm-correction-471373646-0fc439", "kind": "walkway", "name": "OSM 471373646 \uc704\uce58 \ubcf4\uc815", "walkable": true, "bidirectional": true, "status": "candidate", "access": "unknown", "stairs": false, "wheelchair": false, "surface": "unknown", "opening_hours": "unknown", "access_time_start": null, "access_time_end": null, "access_timezone": "Asia/Seoul", "source": "OpenStreetMap contributors; user_correction", "verified_at": null, "evidence": "OSM \uc6d0\ubcf8 471373646\uc758 \uc704\uce58 \ubcf4\uc815\ubcf8", "category": null, "description": null, "source_id": "osm-way-471373646", "replaces_source_id": "osm-way-471373646", "source_status": "superseded_by_local_correction", "source_highway": "footway", "source_layer": "jbnu_manual_workfile"}, "id": "jbnu-osm-correction-471373646-0fc439"}, {"type": "Feature", "geometry": {"type": "LineString", "coordinates": [[127.131195492, 35.846471536], [127.13134436666667, 35.84646071666667]], "mantle_properties": {"strokeColor": "#F59E0B", "strokeOpacity": 0.95, "strokeWeight": 5, "strokeStyle": "shortdash", "strokeLineCap": "butt", "strokeLineJoin": "miter", "visible": true, "clickable": true, "zIndex": 0, "overlayType": "Polyline"}}, "properties": {"strokeColor": "#F59E0B", "strokeOpacity": 0.95, "strokeWeight": 5, "strokeStyle": "shortdash", "strokeLineCap": "butt", "strokeLineJoin": "miter", "visible": true, "clickable": true, "zIndex": 0, "overlayType": "Polyline", "id": "jbnu-osm-correction-471373633-9b6181", "kind": "walkway", "name": "OSM 471373633 \uc704\uce58 \ubcf4\uc815", "walkable": true, "bidirectional": true, "status": "candidate", "access": "unknown", "stairs": false, "wheelchair": false, "surface": "unknown", "opening_hours": "unknown", "access_time_start": null, "access_time_end": null, "access_timezone": "Asia/Seoul", "source": "OpenStreetMap contributors; user_correction", "verified_at": null, "evidence": "OSM \uc6d0\ubcf8 471373633\uc758 \uc704\uce58 \ubcf4\uc815\ubcf8", "category": null, "description": null, "source_id": "osm-way-471373633", "replaces_source_id": "osm-way-471373633", "source_status": "superseded_by_local_correction", "source_highway": "footway", "source_layer": "jbnu_manual_workfile"}, "id": "jbnu-osm-correction-471373633-9b6181"}, {"type": "Feature", "geometry": {"type": "LineString", "coordinates": [[127.1313402, 35.846457], [127.1314592, 35.8464549], [127.1314971, 35.84645435]], "mantle_properties": {"strokeColor": "#F59E0B", "strokeOpacity": 0.95, "strokeWeight": 5, "strokeStyle": "shortdash", "strokeLineCap": "butt", "strokeLineJoin": "miter", "visible": true, "clickable": true, "zIndex": 0, "overlayType": "Polyline"}}, "properties": {"strokeColor": "#F59E0B", "strokeOpacity": 0.95, "strokeWeight": 5, "strokeStyle": "shortdash", "strokeLineCap": "butt", "strokeLineJoin": "miter", "visible": true, "clickable": true, "zIndex": 0, "overlayType": "Polyline", "id": "jbnu-osm-correction-471394501-25755e", "kind": "walkway", "name": "OSM 471394501 \uc704\uce58 \ubcf4\uc815", "walkable": true, "bidirectional": true, "status": "candidate", "access": "unknown", "stairs": true, "wheelchair": false, "surface": "unknown", "opening_hours": "unknown", "access_time_start": null, "access_time_end": null, "access_timezone": "Asia/Seoul", "source": "OpenStreetMap contributors; user_correction", "verified_at": null, "evidence": "OSM \uc6d0\ubcf8 471394501\uc758 \uc704\uce58 \ubcf4\uc815\ubcf8", "category": null, "description": null, "source_id": "osm-way-471394501", "replaces_source_id": "osm-way-471394501", "source_status": "superseded_by_local_correction", "source_highway": "steps", "source_layer": "jbnu_manual_workfile"}, "id": "jbnu-osm-correction-471394501-25755e"}, {"type": "Feature", "geometry": {"type": "LineString", "coordinates": [[127.132443875, 35.84625545], [127.13247825, 35.8462967], [127.13245997499999, 35.846355925], [127.13242040833332, 35.84639561666666], [127.132405, 35.8464108], [127.13231987500001, 35.84642434999999], [127.13197905, 35.846413549999994], [127.13181963333334, 35.84641462222223], [127.1318149, 35.846463], [127.13164115000001, 35.846456475000004], [127.1314971, 35.84645435]], "mantle_properties": {"strokeColor": "#F59E0B", "strokeOpacity": 0.95, "strokeWeight": 5, "strokeStyle": "shortdash", "strokeLineCap": "butt", "strokeLineJoin": "miter", "visible": true, "clickable": true, "zIndex": 0, "overlayType": "Polyline"}}, "properties": {"strokeColor": "#F59E0B", "strokeOpacity": 0.95, "strokeWeight": 5, "strokeStyle": "shortdash", "strokeLineCap": "butt", "strokeLineJoin": "miter", "visible": true, "clickable": true, "zIndex": 0, "overlayType": "Polyline", "id": "jbnu-osm-correction-115952714-abab3f", "kind": "walkway", "name": "OSM 115952714 \uc704\uce58 \ubcf4\uc815", "walkable": true, "bidirectional": true, "status": "candidate", "access": "unknown", "stairs": false, "wheelchair": false, "surface": "unknown", "opening_hours": "unknown", "access_time_start": null, "access_time_end": null, "access_timezone": "Asia/Seoul", "source": "OpenStreetMap contributors; user_correction", "verified_at": null, "evidence": "OSM \uc6d0\ubcf8 115952714\uc758 \uc704\uce58 \ubcf4\uc815\ubcf8", "category": null, "description": null, "source_id": "osm-way-115952714", "replaces_source_id": "osm-way-115952714", "source_status": "superseded_by_local_correction", "source_highway": "service", "source_layer": "jbnu_manual_workfile"}, "id": "jbnu-osm-correction-115952714-abab3f"}, {"type": "Feature", "geometry": {"type": "LineString", "coordinates": [[127.131195492, 35.846471536], [127.1312578, 35.8467984], [127.1310351, 35.84681735], [127.1309366, 35.8468238], [127.1302698, 35.8468546], [127.13006636875, 35.846838968750006], [127.1299272, 35.846821250000005]], "mantle_properties": {"strokeColor": "#F59E0B", "strokeOpacity": 0.95, "strokeWeight": 5, "strokeStyle": "shortdash", "strokeLineCap": "butt", "strokeLineJoin": "miter", "visible": true, "clickable": true, "zIndex": 0, "overlayType": "Polyline"}}, "properties": {"strokeColor": "#F59E0B", "strokeOpacity": 0.95, "strokeWeight": 5, "strokeStyle": "shortdash", "strokeLineCap": "butt", "strokeLineJoin": "miter", "visible": true, "clickable": true, "zIndex": 0, "overlayType": "Polyline", "id": "jbnu-osm-correction-471373631-64e41e", "kind": "walkway", "name": "OSM 471373631 \uc704\uce58 \ubcf4\uc815", "walkable": true, "bidirectional": true, "status": "candidate", "access": "unknown", "stairs": false, "wheelchair": false, "surface": "unknown", "opening_hours": "unknown", "access_time_start": null, "access_time_end": null, "access_timezone": "Asia/Seoul", "source": "OpenStreetMap contributors; user_correction", "verified_at": null, "evidence": "OSM \uc6d0\ubcf8 471373631\uc758 \uc704\uce58 \ubcf4\uc815\ubcf8", "category": null, "description": null, "source_id": "osm-way-471373631", "replaces_source_id": "osm-way-471373631", "source_status": "superseded_by_local_correction", "source_highway": "service", "source_layer": "jbnu_manual_workfile"}, "id": "jbnu-osm-correction-471373631-64e41e"}, {"type": "Feature", "geometry": {"type": "LineString", "coordinates": [[127.13107167499999, 35.846480525], [127.131195492, 35.846471536]], "mantle_properties": {"strokeColor": "#F59E0B", "strokeOpacity": 0.95, "strokeWeight": 5, "strokeStyle": "shortdash", "strokeLineCap": "butt", "strokeLineJoin": "miter", "visible": true, "clickable": true, "zIndex": 0, "overlayType": "Polyline"}}, "properties": {"strokeColor": "#F59E0B", "strokeOpacity": 0.95, "strokeWeight": 5, "strokeStyle": "shortdash", "strokeLineCap": "butt", "strokeLineJoin": "miter", "visible": true, "clickable": true, "zIndex": 0, "overlayType": "Polyline", "id": "jbnu-osm-correction-471394503-b4e791", "kind": "walkway", "name": "OSM 471394503 \uc704\uce58 \ubcf4\uc815", "walkable": true, "bidirectional": true, "status": "candidate", "access": "unknown", "stairs": false, "wheelchair": false, "surface": "unknown", "opening_hours": "unknown", "access_time_start": null, "access_time_end": null, "access_timezone": "Asia/Seoul", "source": "OpenStreetMap contributors; user_correction", "verified_at": null, "evidence": "OSM \uc6d0\ubcf8 471394503\uc758 \uc704\uce58 \ubcf4\uc815\ubcf8", "category": null, "description": null, "source_id": "osm-way-471394503", "replaces_source_id": "osm-way-471394503", "source_status": "superseded_by_local_correction", "source_highway": "footway", "source_layer": "jbnu_manual_workfile"}, "id": "jbnu-osm-correction-471394503-b4e791"}, {"type": "Feature", "geometry": {"type": "LineString", "coordinates": [[127.13025497499999, 35.8463516], [127.13030985, 35.846208649999994], [127.130337325, 35.846124375], [127.130357525, 35.84606087499999], [127.130405775, 35.845952675], [127.13045334444443, 35.8459016], [127.13052119999999, 35.84588014444444]], "mantle_properties": {"strokeColor": "#F59E0B", "strokeOpacity": 0.95, "strokeWeight": 5, "strokeStyle": "shortdash", "strokeLineCap": "butt", "strokeLineJoin": "miter", "visible": true, "clickable": true, "zIndex": 0, "overlayType": "Polyline"}}, "properties": {"strokeColor": "#F59E0B", "strokeOpacity": 0.95, "strokeWeight": 5, "strokeStyle": "shortdash", "strokeLineCap": "butt", "strokeLineJoin": "miter", "visible": true, "clickable": true, "zIndex": 0, "overlayType": "Polyline", "id": "jbnu-osm-correction-1070844344-8ff254", "kind": "walkway", "name": "OSM 1070844344 \uc704\uce58 \ubcf4\uc815", "walkable": true, "bidirectional": true, "status": "candidate", "access": "unknown", "stairs": false, "wheelchair": false, "surface": "unknown", "opening_hours": "unknown", "access_time_start": null, "access_time_end": null, "access_timezone": "Asia/Seoul", "source": "OpenStreetMap contributors; user_correction", "verified_at": null, "evidence": "OSM \uc6d0\ubcf8 1070844344\uc758 \uc704\uce58 \ubcf4\uc815\ubcf8", "category": null, "description": null, "source_id": "osm-way-1070844344", "replaces_source_id": "osm-way-1070844344", "source_status": "superseded_by_local_correction", "source_highway": "footway", "source_layer": "jbnu_manual_workfile"}, "id": "jbnu-osm-correction-1070844344-8ff254"}, {"type": "Feature", "geometry": {"type": "LineString", "coordinates": [[127.13049025, 35.8454407], [127.13050962222223, 35.84535245555555], [127.1305285, 35.8452689], [127.1305332, 35.8452472], [127.130549875, 35.8451721], [127.13057875, 35.845042175], [127.13061962500001, 35.844828050000004], [127.1306438, 35.8447824], [127.13066982000001, 35.84477563], [127.1306974, 35.8447715], [127.1309945, 35.84473785]], "mantle_properties": {"strokeColor": "#F59E0B", "strokeOpacity": 0.95, "strokeWeight": 5, "strokeStyle": "shortdash", "strokeLineCap": "butt", "strokeLineJoin": "miter", "visible": true, "clickable": true, "zIndex": 0, "overlayType": "Polyline"}}, "properties": {"strokeColor": "#F59E0B", "strokeOpacity": 0.95, "strokeWeight": 5, "strokeStyle": "shortdash", "strokeLineCap": "butt", "strokeLineJoin": "miter", "visible": true, "clickable": true, "zIndex": 0, "overlayType": "Polyline", "id": "jbnu-osm-correction-1327522117-1c81e6", "kind": "walkway", "name": "OSM 1327522117 \uc704\uce58 \ubcf4\uc815", "walkable": true, "bidirectional": true, "status": "candidate", "access": "unknown", "stairs": false, "wheelchair": false, "surface": "unknown", "opening_hours": "unknown", "access_time_start": null, "access_time_end": null, "access_timezone": "Asia/Seoul", "source": "OpenStreetMap contributors; user_correction", "verified_at": null, "evidence": "OSM \uc6d0\ubcf8 1327522117\uc758 \uc704\uce58 \ubcf4\uc815\ubcf8", "category": null, "description": null, "source_id": "osm-way-1327522117", "replaces_source_id": "osm-way-1327522117", "source_status": "superseded_by_local_correction", "source_highway": "footway", "source_layer": "jbnu_manual_workfile"}, "id": "jbnu-osm-correction-1327522117-1c81e6"}, {"type": "Feature", "geometry": {"type": "LineString", "coordinates": [[127.13050962222223, 35.84535245555555], [127.13066655, 35.84533585], [127.13114765, 35.845266949999996], [127.1311336, 35.84516045], [127.131099775, 35.8449841]], "mantle_properties": {"strokeColor": "#F59E0B", "strokeOpacity": 0.95, "strokeWeight": 5, "strokeStyle": "shortdash", "strokeLineCap": "butt", "strokeLineJoin": "miter", "visible": true, "clickable": true, "zIndex": 0, "overlayType": "Polyline"}}, "properties": {"strokeColor": "#F59E0B", "strokeOpacity": 0.95, "strokeWeight": 5, "strokeStyle": "shortdash", "strokeLineCap": "butt", "strokeLineJoin": "miter", "visible": true, "clickable": true, "zIndex": 0, "overlayType": "Polyline", "id": "jbnu-osm-correction-744058702-611d5b", "kind": "walkway", "name": "OSM 744058702 \uc704\uce58 \ubcf4\uc815", "walkable": true, "bidirectional": true, "status": "candidate", "access": "unknown", "stairs": false, "wheelchair": false, "surface": "unknown", "opening_hours": "unknown", "access_time_start": null, "access_time_end": null, "access_timezone": "Asia/Seoul", "source": "OpenStreetMap contributors; user_correction", "verified_at": null, "evidence": "OSM \uc6d0\ubcf8 744058702\uc758 \uc704\uce58 \ubcf4\uc815\ubcf8", "category": null, "description": null, "source_id": "osm-way-744058702", "replaces_source_id": "osm-way-744058702", "source_status": "superseded_by_local_correction", "source_highway": "footway", "source_layer": "jbnu_manual_workfile"}, "id": "jbnu-osm-correction-744058702-611d5b"}, {"type": "Feature", "geometry": {"type": "LineString", "coordinates": [[127.1311075, 35.8440058], [127.1311313, 35.8441504], [127.131146, 35.8442393], [127.1310936, 35.8443105], [127.1311041, 35.84436765]], "mantle_properties": {"strokeColor": "#F59E0B", "strokeOpacity": 0.95, "strokeWeight": 5, "strokeStyle": "shortdash", "strokeLineCap": "butt", "strokeLineJoin": "miter", "visible": true, "clickable": true, "zIndex": 0, "overlayType": "Polyline"}}, "properties": {"strokeColor": "#F59E0B", "strokeOpacity": 0.95, "strokeWeight": 5, "strokeStyle": "shortdash", "strokeLineCap": "butt", "strokeLineJoin": "miter", "visible": true, "clickable": true, "zIndex": 0, "overlayType": "Polyline", "id": "jbnu-osm-correction-1328178438-80b68a", "kind": "walkway", "name": "OSM 1328178438 \uc704\uce58 \ubcf4\uc815", "walkable": true, "bidirectional": true, "status": "candidate", "access": "unknown", "stairs": false, "wheelchair": false, "surface": "unknown", "opening_hours": "unknown", "access_time_start": null, "access_time_end": null, "access_timezone": "Asia/Seoul", "source": "OpenStreetMap contributors; user_correction", "verified_at": null, "evidence": "OSM \uc6d0\ubcf8 1328178438\uc758 \uc704\uce58 \ubcf4\uc815\ubcf8", "category": null, "description": null, "source_id": "osm-way-1328178438", "replaces_source_id": "osm-way-1328178438", "source_status": "superseded_by_local_correction", "source_highway": "footway", "source_layer": "jbnu_manual_workfile"}, "id": "jbnu-osm-correction-1328178438-80b68a"}, {"type": "Feature", "geometry": {"type": "LineString", "coordinates": [[127.1310864, 35.8444046], [127.1311041, 35.84436765]], "mantle_properties": {"strokeColor": "#F59E0B", "strokeOpacity": 0.95, "strokeWeight": 5, "strokeStyle": "shortdash", "strokeLineCap": "butt", "strokeLineJoin": "miter", "visible": true, "clickable": true, "zIndex": 0, "overlayType": "Polyline"}}, "properties": {"strokeColor": "#F59E0B", "strokeOpacity": 0.95, "strokeWeight": 5, "strokeStyle": "shortdash", "strokeLineCap": "butt", "strokeLineJoin": "miter", "visible": true, "clickable": true, "zIndex": 0, "overlayType": "Polyline", "id": "jbnu-walkway-774b73ec", "kind": "walkway", "name": "", "walkable": true, "bidirectional": true, "status": "candidate", "access": "unknown", "stairs": false, "wheelchair": false, "surface": "unknown", "opening_hours": "unknown", "access_time_start": null, "access_time_end": null, "access_timezone": "Asia/Seoul", "source": "field_survey", "verified_at": null, "evidence": null, "category": null, "description": null, "source_layer": "jbnu_manual_workfile"}, "id": "jbnu-walkway-774b73ec"}, {"type": "Feature", "geometry": {"type": "LineString", "coordinates": [[127.13017102500001, 35.843975225], [127.130161, 35.8440198], [127.130157, 35.844042650000006]], "mantle_properties": {"strokeColor": "#F59E0B", "strokeOpacity": 0.95, "strokeWeight": 5, "strokeStyle": "shortdash", "strokeLineCap": "butt", "strokeLineJoin": "miter", "visible": true, "clickable": true, "zIndex": 0, "overlayType": "Polyline"}}, "properties": {"strokeColor": "#F59E0B", "strokeOpacity": 0.95, "strokeWeight": 5, "strokeStyle": "shortdash", "strokeLineCap": "butt", "strokeLineJoin": "miter", "visible": true, "clickable": true, "zIndex": 0, "overlayType": "Polyline", "id": "jbnu-osm-correction-1328178448-847afd", "kind": "walkway", "name": "OSM 1328178448 \uc704\uce58 \ubcf4\uc815", "walkable": true, "bidirectional": true, "status": "candidate", "access": "unknown", "stairs": false, "wheelchair": false, "surface": "unknown", "opening_hours": "unknown", "access_time_start": null, "access_time_end": null, "access_timezone": "Asia/Seoul", "source": "OpenStreetMap contributors; user_correction", "verified_at": null, "evidence": "OSM \uc6d0\ubcf8 1328178448\uc758 \uc704\uce58 \ubcf4\uc815\ubcf8", "category": null, "description": null, "source_id": "osm-way-1328178448", "replaces_source_id": "osm-way-1328178448", "source_status": "superseded_by_local_correction", "source_highway": "service", "source_layer": "jbnu_manual_workfile"}, "id": "jbnu-osm-correction-1328178448-847afd"}, {"type": "Feature", "geometry": {"type": "LineString", "coordinates": [[127.130157, 35.844042650000006], [127.1302644, 35.8440585]], "mantle_properties": {"strokeColor": "#F59E0B", "strokeOpacity": 0.95, "strokeWeight": 5, "strokeStyle": "shortdash", "strokeLineCap": "butt", "strokeLineJoin": "miter", "visible": true, "clickable": true, "zIndex": 0, "overlayType": "Polyline"}}, "properties": {"strokeColor": "#F59E0B", "strokeOpacity": 0.95, "strokeWeight": 5, "strokeStyle": "shortdash", "strokeLineCap": "butt", "strokeLineJoin": "miter", "visible": true, "clickable": true, "zIndex": 0, "overlayType": "Polyline", "id": "jbnu-osm-correction-1328178405-4c8db3", "kind": "walkway", "name": "OSM 1328178405 \uc704\uce58 \ubcf4\uc815", "walkable": true, "bidirectional": true, "status": "candidate", "access": "unknown", "stairs": false, "wheelchair": false, "surface": "unknown", "opening_hours": "unknown", "access_time_start": null, "access_time_end": null, "access_timezone": "Asia/Seoul", "source": "OpenStreetMap contributors; user_correction", "verified_at": null, "evidence": "OSM \uc6d0\ubcf8 1328178405\uc758 \uc704\uce58 \ubcf4\uc815\ubcf8", "category": null, "description": null, "source_id": "osm-way-1328178405", "replaces_source_id": "osm-way-1328178405", "source_status": "superseded_by_local_correction", "source_highway": "footway", "source_layer": "jbnu_manual_workfile"}, "id": "jbnu-osm-correction-1328178405-4c8db3"}, {"type": "Feature", "geometry": {"type": "LineString", "coordinates": [[127.13253994576095, 35.845211590951834], [127.1327399, 35.845187925], [127.1329606, 35.845111325], [127.133169075, 35.84507055], [127.1333535, 35.845069699999996], [127.1335795, 35.845144950000005], [127.13370625, 35.8452564], [127.13379885407625, 35.84548602816789], [127.1338701, 35.8455800625]], "mantle_properties": {"strokeColor": "#F59E0B", "strokeOpacity": 0.95, "strokeWeight": 5, "strokeStyle": "shortdash", "strokeLineCap": "butt", "strokeLineJoin": "miter", "visible": true, "clickable": true, "zIndex": 0, "overlayType": "Polyline"}}, "properties": {"strokeColor": "#F59E0B", "strokeOpacity": 0.95, "strokeWeight": 5, "strokeStyle": "shortdash", "strokeLineCap": "butt", "strokeLineJoin": "miter", "visible": true, "clickable": true, "zIndex": 0, "overlayType": "Polyline", "id": "jbnu-osm-correction-36963724-740f64", "kind": "walkway", "name": "OSM 36963724 \uc704\uce58 \ubcf4\uc815", "walkable": true, "bidirectional": true, "status": "candidate", "access": "unknown", "stairs": false, "wheelchair": false, "surface": "unknown", "opening_hours": "unknown", "access_time_start": null, "access_time_end": null, "access_timezone": "Asia/Seoul", "source": "OpenStreetMap contributors; user_correction", "verified_at": null, "evidence": "OSM \uc6d0\ubcf8 36963724\uc758 \uc704\uce58 \ubcf4\uc815\ubcf8", "category": null, "description": null, "source_id": "osm-way-36963724", "replaces_source_id": "osm-way-36963724", "source_status": "superseded_by_local_correction", "source_highway": "service", "source_layer": "jbnu_manual_workfile"}, "id": "jbnu-osm-correction-36963724-740f64"}, {"type": "Feature", "geometry": {"type": "LineString", "coordinates": [[127.1333706, 35.84501425], [127.1333535, 35.845069699999996]], "mantle_properties": {"strokeColor": "#F59E0B", "strokeOpacity": 0.95, "strokeWeight": 5, "strokeStyle": "shortdash", "strokeLineCap": "butt", "strokeLineJoin": "miter", "visible": true, "clickable": true, "zIndex": 0, "overlayType": "Polyline"}}, "properties": {"strokeColor": "#F59E0B", "strokeOpacity": 0.95, "strokeWeight": 5, "strokeStyle": "shortdash", "strokeLineCap": "butt", "strokeLineJoin": "miter", "visible": true, "clickable": true, "zIndex": 0, "overlayType": "Polyline", "id": "jbnu-osm-correction-744069043-a3d589", "kind": "walkway", "name": "OSM 744069043 \uc704\uce58 \ubcf4\uc815", "walkable": true, "bidirectional": true, "status": "candidate", "access": "unknown", "stairs": false, "wheelchair": false, "surface": "unknown", "opening_hours": "unknown", "access_time_start": null, "access_time_end": null, "access_timezone": "Asia/Seoul", "source": "OpenStreetMap contributors; user_correction", "verified_at": null, "evidence": "OSM \uc6d0\ubcf8 744069043\uc758 \uc704\uce58 \ubcf4\uc815\ubcf8", "category": null, "description": null, "source_id": "osm-way-744069043", "replaces_source_id": "osm-way-744069043", "source_status": "superseded_by_local_correction", "source_highway": "footway", "source_layer": "jbnu_manual_workfile"}, "id": "jbnu-osm-correction-744069043-a3d589"}, {"type": "Feature", "geometry": {"type": "LineString", "coordinates": [[127.1333756, 35.8449074], [127.133381, 35.8449689], [127.1333706, 35.84501425]], "mantle_properties": {"strokeColor": "#F59E0B", "strokeOpacity": 0.95, "strokeWeight": 5, "strokeStyle": "shortdash", "strokeLineCap": "butt", "strokeLineJoin": "miter", "visible": true, "clickable": true, "zIndex": 0, "overlayType": "Polyline"}}, "properties": {"strokeColor": "#F59E0B", "strokeOpacity": 0.95, "strokeWeight": 5, "strokeStyle": "shortdash", "strokeLineCap": "butt", "strokeLineJoin": "miter", "visible": true, "clickable": true, "zIndex": 0, "overlayType": "Polyline", "id": "jbnu-osm-correction-744069042-8331d1", "kind": "walkway", "name": "OSM 744069042 \uc704\uce58 \ubcf4\uc815", "walkable": true, "bidirectional": true, "status": "candidate", "access": "unknown", "stairs": true, "wheelchair": false, "surface": "unknown", "opening_hours": "unknown", "access_time_start": null, "access_time_end": null, "access_timezone": "Asia/Seoul", "source": "OpenStreetMap contributors; user_correction", "verified_at": null, "evidence": "OSM \uc6d0\ubcf8 744069042\uc758 \uc704\uce58 \ubcf4\uc815\ubcf8", "category": null, "description": null, "source_id": "osm-way-744069042", "replaces_source_id": "osm-way-744069042", "source_status": "superseded_by_local_correction", "source_highway": "steps", "source_layer": "jbnu_manual_workfile"}, "id": "jbnu-osm-correction-744069042-8331d1"}, {"type": "Feature", "geometry": {"type": "LineString", "coordinates": [[127.1333384, 35.84463565], [127.1333777, 35.84490136666666]], "mantle_properties": {"strokeColor": "#F59E0B", "strokeOpacity": 0.95, "strokeWeight": 5, "strokeStyle": "shortdash", "strokeLineCap": "butt", "strokeLineJoin": "miter", "visible": true, "clickable": true, "zIndex": 0, "overlayType": "Polyline"}}, "properties": {"strokeColor": "#F59E0B", "strokeOpacity": 0.95, "strokeWeight": 5, "strokeStyle": "shortdash", "strokeLineCap": "butt", "strokeLineJoin": "miter", "visible": true, "clickable": true, "zIndex": 0, "overlayType": "Polyline", "id": "jbnu-osm-correction-744069041-428aa1", "kind": "walkway", "name": "OSM 744069041 \uc704\uce58 \ubcf4\uc815", "walkable": true, "bidirectional": true, "status": "candidate", "access": "unknown", "stairs": false, "wheelchair": false, "surface": "unknown", "opening_hours": "unknown", "access_time_start": null, "access_time_end": null, "access_timezone": "Asia/Seoul", "source": "OpenStreetMap contributors; user_correction", "verified_at": null, "evidence": "OSM \uc6d0\ubcf8 744069041\uc758 \uc704\uce58 \ubcf4\uc815\ubcf8", "category": null, "description": null, "source_id": "osm-way-744069041", "replaces_source_id": "osm-way-744069041", "source_status": "superseded_by_local_correction", "source_highway": "service", "source_layer": "jbnu_manual_workfile"}, "id": "jbnu-osm-correction-744069041-428aa1"}, {"type": "Feature", "geometry": {"type": "LineString", "coordinates": [[127.1340302, 35.8445091], [127.133935525, 35.84455307499999], [127.1333384, 35.84463565], [127.1333213, 35.8445259], [127.1333166, 35.8444835], [127.13330245, 35.844421275]], "mantle_properties": {"strokeColor": "#F59E0B", "strokeOpacity": 0.95, "strokeWeight": 5, "strokeStyle": "shortdash", "strokeLineCap": "butt", "strokeLineJoin": "miter", "visible": true, "clickable": true, "zIndex": 0, "overlayType": "Polyline"}}, "properties": {"strokeColor": "#F59E0B", "strokeOpacity": 0.95, "strokeWeight": 5, "strokeStyle": "shortdash", "strokeLineCap": "butt", "strokeLineJoin": "miter", "visible": true, "clickable": true, "zIndex": 0, "overlayType": "Polyline", "id": "jbnu-osm-correction-472625470-b7e7b6", "kind": "walkway", "name": "OSM 472625470 \uc704\uce58 \ubcf4\uc815", "walkable": true, "bidirectional": true, "status": "candidate", "access": "unknown", "stairs": false, "wheelchair": false, "surface": "unknown", "opening_hours": "unknown", "access_time_start": null, "access_time_end": null, "access_timezone": "Asia/Seoul", "source": "OpenStreetMap contributors; user_correction", "verified_at": null, "evidence": "OSM \uc6d0\ubcf8 472625470\uc758 \uc704\uce58 \ubcf4\uc815\ubcf8", "category": null, "description": null, "source_id": "osm-way-472625470", "replaces_source_id": "osm-way-472625470", "source_status": "superseded_by_local_correction", "source_highway": "service", "source_layer": "jbnu_manual_workfile"}, "id": "jbnu-osm-correction-472625470-b7e7b6"}, {"type": "Feature", "geometry": {"type": "LineString", "coordinates": [[127.1340035, 35.844343], [127.1340119, 35.8443975], [127.1340302, 35.8445091], [127.1340831, 35.8445313], [127.1341454, 35.8445346], [127.1342936, 35.8445144], [127.1343224, 35.8445954], [127.134354, 35.8446824], [127.1343902, 35.844796], [127.1344163, 35.844827], [127.13443886666668, 35.84488736666667], [127.1344981, 35.8451178], [127.13456585, 35.84510445]], "mantle_properties": {"strokeColor": "#F59E0B", "strokeOpacity": 0.95, "strokeWeight": 5, "strokeStyle": "shortdash", "strokeLineCap": "butt", "strokeLineJoin": "miter", "visible": true, "clickable": true, "zIndex": 0, "overlayType": "Polyline"}}, "properties": {"strokeColor": "#F59E0B", "strokeOpacity": 0.95, "strokeWeight": 5, "strokeStyle": "shortdash", "strokeLineCap": "butt", "strokeLineJoin": "miter", "visible": true, "clickable": true, "zIndex": 0, "overlayType": "Polyline", "id": "jbnu-osm-correction-472625469-406998", "kind": "walkway", "name": "OSM 472625469 \uc704\uce58 \ubcf4\uc815", "walkable": true, "bidirectional": true, "status": "candidate", "access": "unknown", "stairs": false, "wheelchair": false, "surface": "unknown", "opening_hours": "unknown", "access_time_start": null, "access_time_end": null, "access_timezone": "Asia/Seoul", "source": "OpenStreetMap contributors; user_correction", "verified_at": null, "evidence": "OSM \uc6d0\ubcf8 472625469\uc758 \uc704\uce58 \ubcf4\uc815\ubcf8", "category": null, "description": null, "source_id": "osm-way-472625469", "replaces_source_id": "osm-way-472625469", "source_status": "superseded_by_local_correction", "source_highway": "service", "source_layer": "jbnu_manual_workfile"}, "id": "jbnu-osm-correction-472625469-406998"}, {"type": "Feature", "geometry": {"type": "LineString", "coordinates": [[127.13405854999999, 35.8453401], [127.1341012, 35.8453227], [127.1341454, 35.845308], [127.1341944, 35.8453124], [127.1342447, 35.8453064], [127.1342943, 35.8452645], [127.1343043, 35.8452227], [127.1342896, 35.8451857], [127.1342507, 35.8450917], [127.1342286, 35.8449074], [127.13443886666668, 35.84488736666667]], "mantle_properties": {"strokeColor": "#F59E0B", "strokeOpacity": 0.95, "strokeWeight": 5, "strokeStyle": "shortdash", "strokeLineCap": "butt", "strokeLineJoin": "miter", "visible": true, "clickable": true, "zIndex": 0, "overlayType": "Polyline"}}, "properties": {"strokeColor": "#F59E0B", "strokeOpacity": 0.95, "strokeWeight": 5, "strokeStyle": "shortdash", "strokeLineCap": "butt", "strokeLineJoin": "miter", "visible": true, "clickable": true, "zIndex": 0, "overlayType": "Polyline", "id": "jbnu-osm-correction-1389446832-75e064", "kind": "walkway", "name": "OSM 1389446832 \uc704\uce58 \ubcf4\uc815", "walkable": true, "bidirectional": true, "status": "candidate", "access": "unknown", "stairs": false, "wheelchair": false, "surface": "unknown", "opening_hours": "unknown", "access_time_start": null, "access_time_end": null, "access_timezone": "Asia/Seoul", "source": "OpenStreetMap contributors; user_correction", "verified_at": null, "evidence": "OSM \uc6d0\ubcf8 1389446832\uc758 \uc704\uce58 \ubcf4\uc815\ubcf8", "category": null, "description": null, "source_id": "osm-way-1389446832", "replaces_source_id": "osm-way-1389446832", "source_status": "superseded_by_local_correction", "source_highway": "footway", "source_layer": "jbnu_manual_workfile"}, "id": "jbnu-osm-correction-1389446832-75e064"}, {"type": "Feature", "geometry": {"type": "LineString", "coordinates": [[127.1338701, 35.8455800625], [127.133845, 35.8454537], [127.13405854999999, 35.8453401]], "mantle_properties": {"strokeColor": "#F59E0B", "strokeOpacity": 0.95, "strokeWeight": 5, "strokeStyle": "shortdash", "strokeLineCap": "butt", "strokeLineJoin": "miter", "visible": true, "clickable": true, "zIndex": 0, "overlayType": "Polyline"}}, "properties": {"strokeColor": "#F59E0B", "strokeOpacity": 0.95, "strokeWeight": 5, "strokeStyle": "shortdash", "strokeLineCap": "butt", "strokeLineJoin": "miter", "visible": true, "clickable": true, "zIndex": 0, "overlayType": "Polyline", "id": "jbnu-osm-correction-744069040-b1f4f9", "kind": "walkway", "name": "OSM 744069040 \uc704\uce58 \ubcf4\uc815", "walkable": true, "bidirectional": true, "status": "candidate", "access": "unknown", "stairs": true, "wheelchair": false, "surface": "unknown", "opening_hours": "unknown", "access_time_start": null, "access_time_end": null, "access_timezone": "Asia/Seoul", "source": "OpenStreetMap contributors; user_correction", "verified_at": null, "evidence": "OSM \uc6d0\ubcf8 744069040\uc758 \uc704\uce58 \ubcf4\uc815\ubcf8", "category": null, "description": null, "source_id": "osm-way-744069040", "replaces_source_id": "osm-way-744069040", "source_status": "superseded_by_local_correction", "source_highway": "steps", "source_layer": "jbnu_manual_workfile"}, "id": "jbnu-osm-correction-744069040-b1f4f9"}, {"type": "Feature", "geometry": {"type": "LineString", "coordinates": [[127.13456585, 35.84510445], [127.1346322, 35.8451037], [127.134702, 35.8451047], [127.1348173, 35.8451156], [127.13491363333333, 35.845110166666664]], "mantle_properties": {"strokeColor": "#F59E0B", "strokeOpacity": 0.95, "strokeWeight": 5, "strokeStyle": "shortdash", "strokeLineCap": "butt", "strokeLineJoin": "miter", "visible": true, "clickable": true, "zIndex": 0, "overlayType": "Polyline"}}, "properties": {"strokeColor": "#F59E0B", "strokeOpacity": 0.95, "strokeWeight": 5, "strokeStyle": "shortdash", "strokeLineCap": "butt", "strokeLineJoin": "miter", "visible": true, "clickable": true, "zIndex": 0, "overlayType": "Polyline", "id": "jbnu-osm-correction-744069039-41385a", "kind": "walkway", "name": "OSM 744069039 \uc704\uce58 \ubcf4\uc815", "walkable": true, "bidirectional": true, "status": "candidate", "access": "unknown", "stairs": true, "wheelchair": false, "surface": "unknown", "opening_hours": "unknown", "access_time_start": null, "access_time_end": null, "access_timezone": "Asia/Seoul", "source": "OpenStreetMap contributors; user_correction", "verified_at": null, "evidence": "OSM \uc6d0\ubcf8 744069039\uc758 \uc704\uce58 \ubcf4\uc815\ubcf8", "category": null, "description": null, "source_id": "osm-way-744069039", "replaces_source_id": "osm-way-744069039", "source_status": "superseded_by_local_correction", "source_highway": "steps", "source_layer": "jbnu_manual_workfile"}, "id": "jbnu-osm-correction-744069039-41385a"}, {"type": "Feature", "geometry": {"type": "LineString", "coordinates": [[127.13491363333333, 35.845110166666664], [127.1348401, 35.8451395], [127.1347214, 35.8451857], [127.1340475, 35.8454765], [127.13399526452018, 35.84551572280976]], "mantle_properties": {"strokeColor": "#F59E0B", "strokeOpacity": 0.95, "strokeWeight": 5, "strokeStyle": "shortdash", "strokeLineCap": "butt", "strokeLineJoin": "miter", "visible": true, "clickable": true, "zIndex": 0, "overlayType": "Polyline"}}, "properties": {"strokeColor": "#F59E0B", "strokeOpacity": 0.95, "strokeWeight": 5, "strokeStyle": "shortdash", "strokeLineCap": "butt", "strokeLineJoin": "miter", "visible": true, "clickable": true, "zIndex": 0, "overlayType": "Polyline", "id": "jbnu-osm-correction-744069037-1af590", "kind": "walkway", "name": "OSM 744069037 \uc704\uce58 \ubcf4\uc815", "walkable": true, "bidirectional": true, "status": "candidate", "access": "unknown", "stairs": false, "wheelchair": false, "surface": "unknown", "opening_hours": "unknown", "access_time_start": null, "access_time_end": null, "access_timezone": "Asia/Seoul", "source": "OpenStreetMap contributors; user_correction", "verified_at": null, "evidence": "OSM \uc6d0\ubcf8 744069037\uc758 \uc704\uce58 \ubcf4\uc815\ubcf8", "category": null, "description": null, "source_id": "osm-way-744069037", "replaces_source_id": "osm-way-744069037", "source_status": "superseded_by_local_correction", "source_highway": "footway", "source_layer": "jbnu_manual_workfile"}, "id": "jbnu-osm-correction-744069037-1af590"}, {"type": "Feature", "geometry": {"type": "LineString", "coordinates": [[127.13493600000001, 35.84517785], [127.1347129, 35.8453687], [127.1346767, 35.8454415], [127.13462034999999, 35.8455308]], "mantle_properties": {"strokeColor": "#F59E0B", "strokeOpacity": 0.95, "strokeWeight": 5, "strokeStyle": "shortdash", "strokeLineCap": "butt", "strokeLineJoin": "miter", "visible": true, "clickable": true, "zIndex": 0, "overlayType": "Polyline"}}, "properties": {"strokeColor": "#F59E0B", "strokeOpacity": 0.95, "strokeWeight": 5, "strokeStyle": "shortdash", "strokeLineCap": "butt", "strokeLineJoin": "miter", "visible": true, "clickable": true, "zIndex": 0, "overlayType": "Polyline", "id": "jbnu-osm-correction-744069038-d7f8ca", "kind": "walkway", "name": "OSM 744069038 \uc704\uce58 \ubcf4\uc815", "walkable": true, "bidirectional": true, "status": "candidate", "access": "unknown", "stairs": false, "wheelchair": false, "surface": "unknown", "opening_hours": "unknown", "access_time_start": null, "access_time_end": null, "access_timezone": "Asia/Seoul", "source": "OpenStreetMap contributors; user_correction", "verified_at": null, "evidence": "OSM \uc6d0\ubcf8 744069038\uc758 \uc704\uce58 \ubcf4\uc815\ubcf8", "category": null, "description": null, "source_id": "osm-way-744069038", "replaces_source_id": "osm-way-744069038", "source_status": "superseded_by_local_correction", "source_highway": "footway", "source_layer": "jbnu_manual_workfile"}, "id": "jbnu-osm-correction-744069038-d7f8ca"}, {"type": "Feature", "geometry": {"type": "LineString", "coordinates": [[127.13391949999999, 35.845521025], [127.13399526452018, 35.84551572280976], [127.1340636, 35.8454994], [127.13451407777778, 35.84552307777778], [127.13462034999999, 35.8455308], [127.1349937, 35.8455466], [127.1350282, 35.84553495], [127.1350419, 35.8455043], [127.13493600000001, 35.84517785], [127.13491363333333, 35.845110166666664], [127.13487275, 35.84500165], [127.134721325, 35.844665649999996], [127.134567275, 35.844334025], [127.1345001, 35.8443362], [127.1344465, 35.8443383], [127.13411797500001, 35.844384074999994]], "mantle_properties": {"strokeColor": "#F59E0B", "strokeOpacity": 0.95, "strokeWeight": 5, "strokeStyle": "shortdash", "strokeLineCap": "butt", "strokeLineJoin": "miter", "visible": true, "clickable": true, "zIndex": 0, "overlayType": "Polyline"}}, "properties": {"strokeColor": "#F59E0B", "strokeOpacity": 0.95, "strokeWeight": 5, "strokeStyle": "shortdash", "strokeLineCap": "butt", "strokeLineJoin": "miter", "visible": true, "clickable": true, "zIndex": 0, "overlayType": "Polyline", "id": "jbnu-osm-correction-744069047-3d62a0", "kind": "walkway", "name": "OSM 744069047 \uc704\uce58 \ubcf4\uc815", "walkable": true, "bidirectional": true, "status": "candidate", "access": "unknown", "stairs": false, "wheelchair": false, "surface": "unknown", "opening_hours": "unknown", "access_time_start": null, "access_time_end": null, "access_timezone": "Asia/Seoul", "source": "OpenStreetMap contributors; user_correction", "verified_at": null, "evidence": "OSM \uc6d0\ubcf8 744069047\uc758 \uc704\uce58 \ubcf4\uc815\ubcf8", "category": null, "description": null, "source_id": "osm-way-744069047", "replaces_source_id": "osm-way-744069047", "source_status": "superseded_by_local_correction", "source_highway": "footway", "source_layer": "jbnu_manual_workfile"}, "id": "jbnu-osm-correction-744069047-3d62a0"}, {"type": "Feature", "geometry": {"type": "LineString", "coordinates": [[127.13508925, 35.8456752], [127.13506175, 35.845629], [127.135054, 35.8456064], [127.1350282, 35.84553495]], "mantle_properties": {"strokeColor": "#F59E0B", "strokeOpacity": 0.95, "strokeWeight": 5, "strokeStyle": "shortdash", "strokeLineCap": "butt", "strokeLineJoin": "miter", "visible": true, "clickable": true, "zIndex": 0, "overlayType": "Polyline"}}, "properties": {"strokeColor": "#F59E0B", "strokeOpacity": 0.95, "strokeWeight": 5, "strokeStyle": "shortdash", "strokeLineCap": "butt", "strokeLineJoin": "miter", "visible": true, "clickable": true, "zIndex": 0, "overlayType": "Polyline", "id": "jbnu-osm-correction-1090388201-f8ade8", "kind": "walkway", "name": "OSM 1090388201 \uc704\uce58 \ubcf4\uc815", "walkable": true, "bidirectional": true, "status": "candidate", "access": "unknown", "stairs": false, "wheelchair": false, "surface": "unknown", "opening_hours": "unknown", "access_time_start": null, "access_time_end": null, "access_timezone": "Asia/Seoul", "source": "OpenStreetMap contributors; user_correction", "verified_at": null, "evidence": "OSM \uc6d0\ubcf8 1090388201\uc758 \uc704\uce58 \ubcf4\uc815\ubcf8", "category": null, "description": null, "source_id": "osm-way-1090388201", "replaces_source_id": "osm-way-1090388201", "source_status": "superseded_by_local_correction", "source_highway": "footway", "source_layer": "jbnu_manual_workfile"}, "id": "jbnu-osm-correction-1090388201-f8ade8"}, {"type": "Feature", "geometry": {"type": "LineString", "coordinates": [[127.13449875, 35.845657475], [127.1345034375, 35.8456037375], [127.13451407777778, 35.84552307777778]], "mantle_properties": {"strokeColor": "#F59E0B", "strokeOpacity": 0.95, "strokeWeight": 5, "strokeStyle": "shortdash", "strokeLineCap": "butt", "strokeLineJoin": "miter", "visible": true, "clickable": true, "zIndex": 0, "overlayType": "Polyline"}}, "properties": {"strokeColor": "#F59E0B", "strokeOpacity": 0.95, "strokeWeight": 5, "strokeStyle": "shortdash", "strokeLineCap": "butt", "strokeLineJoin": "miter", "visible": true, "clickable": true, "zIndex": 0, "overlayType": "Polyline", "id": "jbnu-osm-correction-1368399486-2ee1b1", "kind": "walkway", "name": "OSM 1368399486 \uc704\uce58 \ubcf4\uc815", "walkable": true, "bidirectional": true, "status": "candidate", "access": "unknown", "stairs": false, "wheelchair": false, "surface": "unknown", "opening_hours": "unknown", "access_time_start": null, "access_time_end": null, "access_timezone": "Asia/Seoul", "source": "OpenStreetMap contributors; user_correction", "verified_at": null, "evidence": "OSM \uc6d0\ubcf8 1368399486\uc758 \uc704\uce58 \ubcf4\uc815\ubcf8", "category": null, "description": null, "source_id": "osm-way-1368399486", "replaces_source_id": "osm-way-1368399486", "source_status": "superseded_by_local_correction", "source_highway": "footway", "source_layer": "jbnu_manual_workfile"}, "id": "jbnu-osm-correction-1368399486-2ee1b1"}, {"type": "Feature", "geometry": {"type": "LineString", "coordinates": [[127.13506175, 35.845629], [127.1345034375, 35.8456037375], [127.1339825, 35.8455831], [127.1338701, 35.8455800625]], "mantle_properties": {"strokeColor": "#F59E0B", "strokeOpacity": 0.95, "strokeWeight": 5, "strokeStyle": "shortdash", "strokeLineCap": "butt", "strokeLineJoin": "miter", "visible": true, "clickable": true, "zIndex": 0, "overlayType": "Polyline"}}, "properties": {"strokeColor": "#F59E0B", "strokeOpacity": 0.95, "strokeWeight": 5, "strokeStyle": "shortdash", "strokeLineCap": "butt", "strokeLineJoin": "miter", "visible": true, "clickable": true, "zIndex": 0, "overlayType": "Polyline", "id": "jbnu-osm-correction-1091855607-9192b6", "kind": "walkway", "name": "OSM 1091855607 \uc704\uce58 \ubcf4\uc815", "walkable": true, "bidirectional": true, "status": "candidate", "access": "unknown", "stairs": false, "wheelchair": false, "surface": "unknown", "opening_hours": "unknown", "access_time_start": null, "access_time_end": null, "access_timezone": "Asia/Seoul", "source": "OpenStreetMap contributors; user_correction", "verified_at": null, "evidence": "OSM \uc6d0\ubcf8 1091855607\uc758 \uc704\uce58 \ubcf4\uc815\ubcf8", "category": null, "description": null, "source_id": "osm-way-1091855607", "replaces_source_id": "osm-way-1091855607", "source_status": "superseded_by_local_correction", "source_highway": "footway", "source_layer": "jbnu_manual_workfile"}, "id": "jbnu-osm-correction-1091855607-9192b6"}, {"type": "Feature", "geometry": {"type": "LineString", "coordinates": [[127.13533155, 35.8468609], [127.135355075, 35.846764725], [127.13536055, 35.8466517], [127.135328275, 35.846486425], [127.13510195, 35.8457108], [127.13508925, 35.8456752]], "mantle_properties": {"strokeColor": "#F59E0B", "strokeOpacity": 0.95, "strokeWeight": 5, "strokeStyle": "shortdash", "strokeLineCap": "butt", "strokeLineJoin": "miter", "visible": true, "clickable": true, "zIndex": 0, "overlayType": "Polyline"}}, "properties": {"strokeColor": "#F59E0B", "strokeOpacity": 0.95, "strokeWeight": 5, "strokeStyle": "shortdash", "strokeLineCap": "butt", "strokeLineJoin": "miter", "visible": true, "clickable": true, "zIndex": 0, "overlayType": "Polyline", "id": "jbnu-osm-correction-1090388200-52994b", "kind": "walkway", "name": "OSM 1090388200 \uc704\uce58 \ubcf4\uc815", "walkable": true, "bidirectional": true, "status": "candidate", "access": "unknown", "stairs": false, "wheelchair": false, "surface": "unknown", "opening_hours": "unknown", "access_time_start": null, "access_time_end": null, "access_timezone": "Asia/Seoul", "source": "OpenStreetMap contributors; user_correction", "verified_at": null, "evidence": "OSM \uc6d0\ubcf8 1090388200\uc758 \uc704\uce58 \ubcf4\uc815\ubcf8", "category": null, "description": null, "source_id": "osm-way-1090388200", "replaces_source_id": "osm-way-1090388200", "source_status": "superseded_by_local_correction", "source_highway": "footway", "source_layer": "jbnu_manual_workfile"}, "id": "jbnu-osm-correction-1090388200-52994b"}, {"type": "Feature", "geometry": {"type": "LineString", "coordinates": [[127.13510195, 35.8457108], [127.1351801, 35.8457005], [127.135231, 35.8456934]], "mantle_properties": {"strokeColor": "#F59E0B", "strokeOpacity": 0.95, "strokeWeight": 5, "strokeStyle": "shortdash", "strokeLineCap": "butt", "strokeLineJoin": "miter", "visible": true, "clickable": true, "zIndex": 0, "overlayType": "Polyline"}}, "properties": {"strokeColor": "#F59E0B", "strokeOpacity": 0.95, "strokeWeight": 5, "strokeStyle": "shortdash", "strokeLineCap": "butt", "strokeLineJoin": "miter", "visible": true, "clickable": true, "zIndex": 0, "overlayType": "Polyline", "id": "jbnu-osm-correction-1368399494-34d039", "kind": "walkway", "name": "OSM 1368399494 \uc704\uce58 \ubcf4\uc815", "walkable": true, "bidirectional": true, "status": "candidate", "access": "unknown", "stairs": false, "wheelchair": false, "surface": "unknown", "opening_hours": "unknown", "access_time_start": null, "access_time_end": null, "access_timezone": "Asia/Seoul", "source": "OpenStreetMap contributors; user_correction", "verified_at": null, "evidence": "OSM \uc6d0\ubcf8 1368399494\uc758 \uc704\uce58 \ubcf4\uc815\ubcf8", "category": null, "description": null, "source_id": "osm-way-1368399494", "replaces_source_id": "osm-way-1368399494", "source_status": "superseded_by_local_correction", "source_highway": "footway", "source_layer": "jbnu_manual_workfile"}, "id": "jbnu-osm-correction-1368399494-34d039"}, {"type": "Feature", "geometry": {"type": "LineString", "coordinates": [[127.1310351, 35.84681735], [127.1310035, 35.84704574444444], [127.1309851, 35.8471495], [127.1309814, 35.8471772], [127.1309519, 35.8474066], [127.130947125, 35.847570774999994], [127.13091972500001, 35.847626225], [127.130709225, 35.847665250000006], [127.13073055000001, 35.847709949999995], [127.130722575, 35.84776265000001]], "mantle_properties": {"strokeColor": "#F59E0B", "strokeOpacity": 0.95, "strokeWeight": 5, "strokeStyle": "shortdash", "strokeLineCap": "butt", "strokeLineJoin": "miter", "visible": true, "clickable": true, "zIndex": 0, "overlayType": "Polyline"}}, "properties": {"strokeColor": "#F59E0B", "strokeOpacity": 0.95, "strokeWeight": 5, "strokeStyle": "shortdash", "strokeLineCap": "butt", "strokeLineJoin": "miter", "visible": true, "clickable": true, "zIndex": 0, "overlayType": "Polyline", "id": "jbnu-osm-correction-115952679-f1648a", "kind": "walkway", "name": "OSM 115952679 \uc704\uce58 \ubcf4\uc815", "walkable": true, "bidirectional": true, "status": "candidate", "access": "unknown", "stairs": false, "wheelchair": false, "surface": "unknown", "opening_hours": "unknown", "access_time_start": null, "access_time_end": null, "access_timezone": "Asia/Seoul", "source": "OpenStreetMap contributors; user_correction", "verified_at": null, "evidence": "OSM \uc6d0\ubcf8 115952679\uc758 \uc704\uce58 \ubcf4\uc815\ubcf8", "category": null, "description": null, "source_id": "osm-way-115952679", "replaces_source_id": "osm-way-115952679", "source_status": "superseded_by_local_correction", "source_highway": "service", "source_layer": "jbnu_manual_workfile"}, "id": "jbnu-osm-correction-115952679-f1648a"}, {"type": "Feature", "geometry": {"type": "LineString", "coordinates": [[127.1300403, 35.847211], [127.13004543749999, 35.84724269583333], [127.13004935000001, 35.8472767], [127.13005095, 35.84729055]], "mantle_properties": {"strokeColor": "#F59E0B", "strokeOpacity": 0.95, "strokeWeight": 5, "strokeStyle": "shortdash", "strokeLineCap": "butt", "strokeLineJoin": "miter", "visible": true, "clickable": true, "zIndex": 0, "overlayType": "Polyline"}}, "properties": {"strokeColor": "#F59E0B", "strokeOpacity": 0.95, "strokeWeight": 5, "strokeStyle": "shortdash", "strokeLineCap": "butt", "strokeLineJoin": "miter", "visible": true, "clickable": true, "zIndex": 0, "overlayType": "Polyline", "id": "jbnu-osm-correction-1070844590-81d04b", "kind": "walkway", "name": "OSM 1070844590 \uc704\uce58 \ubcf4\uc815", "walkable": true, "bidirectional": true, "status": "candidate", "access": "unknown", "stairs": false, "wheelchair": false, "surface": "unknown", "opening_hours": "unknown", "access_time_start": null, "access_time_end": null, "access_timezone": "Asia/Seoul", "source": "OpenStreetMap contributors; user_correction", "verified_at": null, "evidence": "OSM \uc6d0\ubcf8 1070844590\uc758 \uc704\uce58 \ubcf4\uc815\ubcf8", "category": null, "description": null, "source_id": "osm-way-1070844590", "replaces_source_id": "osm-way-1070844590", "source_status": "superseded_by_local_correction", "source_highway": "footway", "source_layer": "jbnu_manual_workfile"}, "id": "jbnu-osm-correction-1070844590-81d04b"}, {"type": "Feature", "geometry": {"type": "LineString", "coordinates": [[127.1309851, 35.8471495], [127.13093835000001, 35.84715224999999], [127.1307373, 35.8471647], [127.13063486325656, 35.847224681511214], [127.13053155, 35.847247975], [127.13004543749999, 35.84724269583333], [127.12995492499999, 35.847232149999996]], "mantle_properties": {"strokeColor": "#F59E0B", "strokeOpacity": 0.95, "strokeWeight": 5, "strokeStyle": "shortdash", "strokeLineCap": "butt", "strokeLineJoin": "miter", "visible": true, "clickable": true, "zIndex": 0, "overlayType": "Polyline"}}, "properties": {"strokeColor": "#F59E0B", "strokeOpacity": 0.95, "strokeWeight": 5, "strokeStyle": "shortdash", "strokeLineCap": "butt", "strokeLineJoin": "miter", "visible": true, "clickable": true, "zIndex": 0, "overlayType": "Polyline", "id": "jbnu-osm-correction-115952718-dca041", "kind": "walkway", "name": "OSM 115952718 \uc704\uce58 \ubcf4\uc815", "walkable": true, "bidirectional": true, "status": "candidate", "access": "unknown", "stairs": false, "wheelchair": false, "surface": "unknown", "opening_hours": "unknown", "access_time_start": null, "access_time_end": null, "access_timezone": "Asia/Seoul", "source": "OpenStreetMap contributors; user_correction", "verified_at": null, "evidence": "OSM \uc6d0\ubcf8 115952718\uc758 \uc704\uce58 \ubcf4\uc815\ubcf8", "category": null, "description": null, "source_id": "osm-way-115952718", "replaces_source_id": "osm-way-115952718", "source_status": "superseded_by_local_correction", "source_highway": "service", "source_layer": "jbnu_manual_workfile"}, "id": "jbnu-osm-correction-115952718-dca041"}, {"type": "Feature", "geometry": {"type": "LineString", "coordinates": [[127.1289342, 35.8482091], [127.12925265555555, 35.84760798888889], [127.1292915, 35.8475126], [127.1292998, 35.8474274], [127.129275, 35.84736625], [127.129236525, 35.847290625]], "mantle_properties": {"strokeColor": "#F59E0B", "strokeOpacity": 0.95, "strokeWeight": 5, "strokeStyle": "shortdash", "strokeLineCap": "butt", "strokeLineJoin": "miter", "visible": true, "clickable": true, "zIndex": 0, "overlayType": "Polyline"}}, "properties": {"strokeColor": "#F59E0B", "strokeOpacity": 0.95, "strokeWeight": 5, "strokeStyle": "shortdash", "strokeLineCap": "butt", "strokeLineJoin": "miter", "visible": true, "clickable": true, "zIndex": 0, "overlayType": "Polyline", "id": "jbnu-osm-correction-1090392030-de7211", "kind": "walkway", "name": "OSM 1090392030 \uc704\uce58 \ubcf4\uc815", "walkable": true, "bidirectional": true, "status": "candidate", "access": "unknown", "stairs": false, "wheelchair": false, "surface": "unknown", "opening_hours": "unknown", "access_time_start": null, "access_time_end": null, "access_timezone": "Asia/Seoul", "source": "OpenStreetMap contributors; user_correction", "verified_at": null, "evidence": "OSM \uc6d0\ubcf8 1090392030\uc758 \uc704\uce58 \ubcf4\uc815\ubcf8", "category": null, "description": null, "source_id": "osm-way-1090392030", "replaces_source_id": "osm-way-1090392030", "source_status": "superseded_by_local_correction", "source_highway": "footway", "source_layer": "jbnu_manual_workfile"}, "id": "jbnu-osm-correction-1090392030-de7211"}, {"type": "Feature", "geometry": {"type": "LineString", "coordinates": [[127.1287649, 35.8468568], [127.12878440000001, 35.84692135], [127.1288124, 35.8469953]], "mantle_properties": {"strokeColor": "#F59E0B", "strokeOpacity": 0.95, "strokeWeight": 5, "strokeStyle": "shortdash", "strokeLineCap": "butt", "strokeLineJoin": "miter", "visible": true, "clickable": true, "zIndex": 0, "overlayType": "Polyline"}}, "properties": {"strokeColor": "#F59E0B", "strokeOpacity": 0.95, "strokeWeight": 5, "strokeStyle": "shortdash", "strokeLineCap": "butt", "strokeLineJoin": "miter", "visible": true, "clickable": true, "zIndex": 0, "overlayType": "Polyline", "id": "jbnu-osm-correction-1070844335-9d6799", "kind": "walkway", "name": "OSM 1070844335 \uc704\uce58 \ubcf4\uc815", "walkable": true, "bidirectional": true, "status": "candidate", "access": "unknown", "stairs": false, "wheelchair": false, "surface": "unknown", "opening_hours": "unknown", "access_time_start": null, "access_time_end": null, "access_timezone": "Asia/Seoul", "source": "OpenStreetMap contributors; user_correction", "verified_at": null, "evidence": "OSM \uc6d0\ubcf8 1070844335\uc758 \uc704\uce58 \ubcf4\uc815\ubcf8", "category": null, "description": null, "source_id": "osm-way-1070844335", "replaces_source_id": "osm-way-1070844335", "source_status": "superseded_by_local_correction", "source_highway": "footway", "source_layer": "jbnu_manual_workfile"}, "id": "jbnu-osm-correction-1070844335-9d6799"}, {"type": "Feature", "geometry": {"type": "LineString", "coordinates": [[127.12972242500001, 35.846277150000006], [127.12964556666667, 35.845612044444444]], "mantle_properties": {"strokeColor": "#F59E0B", "strokeOpacity": 0.95, "strokeWeight": 5, "strokeStyle": "shortdash", "strokeLineCap": "butt", "strokeLineJoin": "miter", "visible": true, "clickable": true, "zIndex": 0, "overlayType": "Polyline"}}, "properties": {"strokeColor": "#F59E0B", "strokeOpacity": 0.95, "strokeWeight": 5, "strokeStyle": "shortdash", "strokeLineCap": "butt", "strokeLineJoin": "miter", "visible": true, "clickable": true, "zIndex": 0, "overlayType": "Polyline", "id": "jbnu-osm-correction-1327522123-bfa1f3", "kind": "walkway", "name": "OSM 1327522123 \uc704\uce58 \ubcf4\uc815", "walkable": true, "bidirectional": true, "status": "candidate", "access": "unknown", "stairs": false, "wheelchair": false, "surface": "unknown", "opening_hours": "unknown", "access_time_start": null, "access_time_end": null, "access_timezone": "Asia/Seoul", "source": "OpenStreetMap contributors; user_correction", "verified_at": null, "evidence": "OSM \uc6d0\ubcf8 1327522123\uc758 \uc704\uce58 \ubcf4\uc815\ubcf8", "category": null, "description": null, "source_id": "osm-way-1327522123", "replaces_source_id": "osm-way-1327522123", "source_status": "superseded_by_local_correction", "source_highway": "footway", "source_layer": "jbnu_manual_workfile"}, "id": "jbnu-osm-correction-1327522123-bfa1f3"}, {"type": "Feature", "geometry": {"type": "LineString", "coordinates": [[127.12964556666667, 35.845612044444444], [127.1296329, 35.8454017], [127.1296302, 35.8453562]], "mantle_properties": {"strokeColor": "#F59E0B", "strokeOpacity": 0.95, "strokeWeight": 5, "strokeStyle": "shortdash", "strokeLineCap": "butt", "strokeLineJoin": "miter", "visible": true, "clickable": true, "zIndex": 0, "overlayType": "Polyline"}}, "properties": {"strokeColor": "#F59E0B", "strokeOpacity": 0.95, "strokeWeight": 5, "strokeStyle": "shortdash", "strokeLineCap": "butt", "strokeLineJoin": "miter", "visible": true, "clickable": true, "zIndex": 0, "overlayType": "Polyline", "id": "jbnu-osm-correction-1327522119-c21313", "kind": "walkway", "name": "OSM 1327522119 \uc704\uce58 \ubcf4\uc815", "walkable": true, "bidirectional": true, "status": "candidate", "access": "unknown", "stairs": false, "wheelchair": false, "surface": "unknown", "opening_hours": "unknown", "access_time_start": null, "access_time_end": null, "access_timezone": "Asia/Seoul", "source": "OpenStreetMap contributors; user_correction", "verified_at": null, "evidence": "OSM \uc6d0\ubcf8 1327522119\uc758 \uc704\uce58 \ubcf4\uc815\ubcf8", "category": null, "description": null, "source_id": "osm-way-1327522119", "replaces_source_id": "osm-way-1327522119", "source_status": "superseded_by_local_correction", "source_highway": "service", "source_layer": "jbnu_manual_workfile"}, "id": "jbnu-osm-correction-1327522119-c21313"}, {"type": "Feature", "geometry": {"type": "LineString", "coordinates": [[127.1284386, 35.8454291], [127.128551, 35.8454288], [127.1286118, 35.8454163], [127.1289015, 35.8454004], [127.129081, 35.8453884], [127.129374, 35.8453689], [127.1294686, 35.8453625], [127.1296302, 35.8453562], [127.1297195, 35.8453508], [127.129868, 35.845342], [127.1300293, 35.8453352], [127.1303009, 35.8453238], [127.1303579, 35.8453207], [127.1304131, 35.8453232]], "mantle_properties": {"strokeColor": "#F59E0B", "strokeOpacity": 0.95, "strokeWeight": 5, "strokeStyle": "shortdash", "strokeLineCap": "butt", "strokeLineJoin": "miter", "visible": true, "clickable": true, "zIndex": 0, "overlayType": "Polyline"}}, "properties": {"strokeColor": "#F59E0B", "strokeOpacity": 0.95, "strokeWeight": 5, "strokeStyle": "shortdash", "strokeLineCap": "butt", "strokeLineJoin": "miter", "visible": true, "clickable": true, "zIndex": 0, "overlayType": "Polyline", "id": "jbnu-osm-correction-1228596606-6cf7cb", "kind": "walkway", "name": "\uc774\uc138\uc885\ub85c", "walkable": true, "bidirectional": true, "status": "candidate", "access": "unknown", "stairs": false, "wheelchair": false, "surface": "unknown", "opening_hours": "unknown", "access_time_start": null, "access_time_end": null, "access_timezone": "Asia/Seoul", "source": "OpenStreetMap contributors; user_correction", "verified_at": null, "evidence": "OSM \uc6d0\ubcf8 1228596606\uc758 \uc704\uce58 \ubcf4\uc815\ubcf8", "category": null, "description": null, "source_id": "osm-way-1228596606", "replaces_source_id": "osm-way-1228596606", "source_status": "superseded_by_local_correction", "source_highway": "service", "source_layer": "jbnu_manual_workfile"}, "id": "jbnu-osm-correction-1228596606-6cf7cb"}, {"type": "Feature", "geometry": {"type": "LineString", "coordinates": [[127.12961215, 35.8470587], [127.1296416, 35.8471229], [127.1296584, 35.8471783], [127.1296745, 35.847253550000005]], "mantle_properties": {"strokeColor": "#F59E0B", "strokeOpacity": 0.95, "strokeWeight": 5, "strokeStyle": "shortdash", "strokeLineCap": "butt", "strokeLineJoin": "miter", "visible": true, "clickable": true, "zIndex": 0, "overlayType": "Polyline"}}, "properties": {"strokeColor": "#F59E0B", "strokeOpacity": 0.95, "strokeWeight": 5, "strokeStyle": "shortdash", "strokeLineCap": "butt", "strokeLineJoin": "miter", "visible": true, "clickable": true, "zIndex": 0, "overlayType": "Polyline", "id": "jbnu-osm-correction-1326487561-75b96a", "kind": "walkway", "name": "OSM 1326487561 \uc704\uce58 \ubcf4\uc815", "walkable": true, "bidirectional": true, "status": "candidate", "access": "unknown", "stairs": false, "wheelchair": false, "surface": "unknown", "opening_hours": "unknown", "access_time_start": null, "access_time_end": null, "access_timezone": "Asia/Seoul", "source": "OpenStreetMap contributors; user_correction", "verified_at": null, "evidence": "OSM \uc6d0\ubcf8 1326487561\uc758 \uc704\uce58 \ubcf4\uc815\ubcf8", "category": null, "description": null, "source_id": "osm-way-1326487561", "replaces_source_id": "osm-way-1326487561", "source_status": "superseded_by_local_correction", "source_highway": "footway", "source_layer": "jbnu_manual_workfile"}, "id": "jbnu-osm-correction-1326487561-75b96a"}, {"type": "Feature", "geometry": {"type": "LineString", "coordinates": [[127.1295417, 35.8473077], [127.1296296, 35.8472778], [127.1296745, 35.847253550000005], [127.1297107, 35.8472348]], "mantle_properties": {"strokeColor": "#F59E0B", "strokeOpacity": 0.95, "strokeWeight": 5, "strokeStyle": "shortdash", "strokeLineCap": "butt", "strokeLineJoin": "miter", "visible": true, "clickable": true, "zIndex": 0, "overlayType": "Polyline"}}, "properties": {"strokeColor": "#F59E0B", "strokeOpacity": 0.95, "strokeWeight": 5, "strokeStyle": "shortdash", "strokeLineCap": "butt", "strokeLineJoin": "miter", "visible": true, "clickable": true, "zIndex": 0, "overlayType": "Polyline", "id": "jbnu-osm-correction-1070844338-0c0b71", "kind": "walkway", "name": "OSM 1070844338 \uc704\uce58 \ubcf4\uc815", "walkable": true, "bidirectional": true, "status": "candidate", "access": "unknown", "stairs": false, "wheelchair": false, "surface": "unknown", "opening_hours": "unknown", "access_time_start": null, "access_time_end": null, "access_timezone": "Asia/Seoul", "source": "OpenStreetMap contributors; user_correction", "verified_at": null, "evidence": "OSM \uc6d0\ubcf8 1070844338\uc758 \uc704\uce58 \ubcf4\uc815\ubcf8", "category": null, "description": null, "source_id": "osm-way-1070844338", "replaces_source_id": "osm-way-1070844338", "source_status": "superseded_by_local_correction", "source_highway": "footway", "source_layer": "jbnu_manual_workfile"}, "id": "jbnu-osm-correction-1070844338-0c0b71"}, {"type": "Feature", "geometry": {"type": "LineString", "coordinates": [[127.12912333333334, 35.84713156666666], [127.1290335, 35.847085375], [127.12896975, 35.847031], [127.1289248, 35.8469799], [127.128896, 35.8469478], [127.12886114999999, 35.846877675], [127.128851725, 35.8467538], [127.1288672, 35.84665], [127.12890677499999, 35.846558675000004], [127.1290019, 35.846450975], [127.1290643, 35.846390725], [127.1291146, 35.8463576], [127.129125725, 35.846351225], [127.1291387, 35.8463478], [127.129317775, 35.846315175], [127.12948747499999, 35.84631845], [127.12961742499999, 35.846346675], [127.1297898, 35.846450450000006], [127.1298515, 35.8465119], [127.1298864, 35.8465467], [127.12992865, 35.84666795], [127.12993195, 35.846743975], [127.1299272, 35.846821250000005], [127.12990995, 35.846865225], [127.12988295000001, 35.84692835], [127.129828125, 35.84700814999999], [127.12975022500001, 35.8470788], [127.1296738, 35.8471359], [127.1296383, 35.8471576], [127.1295478, 35.847184325], [127.129272125, 35.847188075], [127.12912333333334, 35.84713156666666]], "mantle_properties": {"strokeColor": "#F59E0B", "strokeOpacity": 0.95, "strokeWeight": 5, "strokeStyle": "shortdash", "strokeLineCap": "butt", "strokeLineJoin": "miter", "visible": true, "clickable": true, "zIndex": 0, "overlayType": "Polyline"}}, "properties": {"strokeColor": "#F59E0B", "strokeOpacity": 0.95, "strokeWeight": 5, "strokeStyle": "shortdash", "strokeLineCap": "butt", "strokeLineJoin": "miter", "visible": true, "clickable": true, "zIndex": 0, "overlayType": "Polyline", "id": "jbnu-osm-correction-743598986-9a1aa2", "kind": "walkway", "name": "OSM 743598986 \uc704\uce58 \ubcf4\uc815", "walkable": true, "bidirectional": true, "status": "candidate", "access": "unknown", "stairs": false, "wheelchair": false, "surface": "unknown", "opening_hours": "unknown", "access_time_start": null, "access_time_end": null, "access_timezone": "Asia/Seoul", "source": "OpenStreetMap contributors; user_correction", "verified_at": null, "evidence": "OSM \uc6d0\ubcf8 743598986\uc758 \uc704\uce58 \ubcf4\uc815\ubcf8", "category": null, "description": null, "source_id": "osm-way-743598986", "replaces_source_id": "osm-way-743598986", "source_status": "superseded_by_local_correction", "source_highway": "service", "source_layer": "jbnu_manual_workfile"}, "id": "jbnu-osm-correction-743598986-9a1aa2"}, {"type": "Feature", "geometry": {"type": "LineString", "coordinates": [[127.1294674, 35.8453153], [127.1294686, 35.8453625], [127.1294699, 35.8454113]], "mantle_properties": {"strokeColor": "#F59E0B", "strokeOpacity": 0.95, "strokeWeight": 5, "strokeStyle": "shortdash", "strokeLineCap": "butt", "strokeLineJoin": "miter", "visible": true, "clickable": true, "zIndex": 0, "overlayType": "Polyline"}}, "properties": {"strokeColor": "#F59E0B", "strokeOpacity": 0.95, "strokeWeight": 5, "strokeStyle": "shortdash", "strokeLineCap": "butt", "strokeLineJoin": "miter", "visible": true, "clickable": true, "zIndex": 0, "overlayType": "Polyline", "id": "jbnu-osm-correction-1327522122-c81017", "kind": "walkway", "name": "OSM 1327522122 \uc704\uce58 \ubcf4\uc815", "walkable": true, "bidirectional": true, "status": "candidate", "access": "unknown", "stairs": false, "wheelchair": false, "surface": "unknown", "opening_hours": "unknown", "access_time_start": null, "access_time_end": null, "access_timezone": "Asia/Seoul", "source": "OpenStreetMap contributors; user_correction", "verified_at": null, "evidence": "OSM \uc6d0\ubcf8 1327522122\uc758 \uc704\uce58 \ubcf4\uc815\ubcf8", "category": null, "description": null, "source_id": "osm-way-1327522122", "replaces_source_id": "osm-way-1327522122", "source_status": "superseded_by_local_correction", "source_highway": "footway", "source_layer": "jbnu_manual_workfile"}, "id": "jbnu-osm-correction-1327522122-c81017"}, {"type": "Feature", "geometry": {"type": "LineString", "coordinates": [[127.1339057, 35.8462467], [127.1337199, 35.8464168], [127.1335154, 35.8464125], [127.1334034, 35.84640615], [127.1332613, 35.8464038], [127.132945075, 35.84638995], [127.1328321, 35.8463875], [127.1327671, 35.8463494], [127.1327269, 35.8463157], [127.1326792, 35.8462842], [127.1326253, 35.84626275], [127.132565375, 35.84624875], [127.13250081666666, 35.84622725], [127.1324633, 35.8462075], [127.13211989999999, 35.8457849]], "mantle_properties": {"strokeColor": "#F59E0B", "strokeOpacity": 0.95, "strokeWeight": 5, "strokeStyle": "shortdash", "strokeLineCap": "butt", "strokeLineJoin": "miter", "visible": true, "clickable": true, "zIndex": 0, "overlayType": "Polyline"}}, "properties": {"strokeColor": "#F59E0B", "strokeOpacity": 0.95, "strokeWeight": 5, "strokeStyle": "shortdash", "strokeLineCap": "butt", "strokeLineJoin": "miter", "visible": true, "clickable": true, "zIndex": 0, "overlayType": "Polyline", "id": "jbnu-osm-correction-1175116966-189765", "kind": "walkway", "name": "OSM 1175116966 \uc704\uce58 \ubcf4\uc815", "walkable": true, "bidirectional": true, "status": "candidate", "access": "unknown", "stairs": false, "wheelchair": false, "surface": "concrete", "opening_hours": "unknown", "access_time_start": null, "access_time_end": null, "access_timezone": "Asia/Seoul", "source": "OpenStreetMap contributors; user_correction", "verified_at": null, "evidence": "OSM \uc6d0\ubcf8 1175116966\uc758 \uc704\uce58 \ubcf4\uc815\ubcf8", "category": null, "description": null, "source_id": "osm-way-1175116966", "replaces_source_id": "osm-way-1175116966", "source_status": "superseded_by_local_correction", "source_highway": "footway", "source_layer": "jbnu_manual_workfile"}, "id": "jbnu-osm-correction-1175116966-189765"}, {"type": "Feature", "geometry": {"type": "LineString", "coordinates": [[127.13398155, 35.846294449999995], [127.1339093, 35.8464103], [127.1338901, 35.8464931]], "mantle_properties": {"strokeColor": "#F59E0B", "strokeOpacity": 0.95, "strokeWeight": 5, "strokeStyle": "shortdash", "strokeLineCap": "butt", "strokeLineJoin": "miter", "visible": true, "clickable": true, "zIndex": 0, "overlayType": "Polyline"}}, "properties": {"strokeColor": "#F59E0B", "strokeOpacity": 0.95, "strokeWeight": 5, "strokeStyle": "shortdash", "strokeLineCap": "butt", "strokeLineJoin": "miter", "visible": true, "clickable": true, "zIndex": 0, "overlayType": "Polyline", "id": "jbnu-osm-correction-471376693-2d1423", "kind": "walkway", "name": "OSM 471376693 \uc704\uce58 \ubcf4\uc815", "walkable": true, "bidirectional": true, "status": "candidate", "access": "unknown", "stairs": false, "wheelchair": false, "surface": "unknown", "opening_hours": "unknown", "access_time_start": null, "access_time_end": null, "access_timezone": "Asia/Seoul", "source": "OpenStreetMap contributors; user_correction", "verified_at": null, "evidence": "OSM \uc6d0\ubcf8 471376693\uc758 \uc704\uce58 \ubcf4\uc815\ubcf8", "category": null, "description": null, "source_id": "osm-way-471376693", "replaces_source_id": "osm-way-471376693", "source_status": "superseded_by_local_correction", "source_highway": "service", "source_layer": "jbnu_manual_workfile"}, "id": "jbnu-osm-correction-471376693-2d1423"}, {"type": "Feature", "geometry": {"type": "LineString", "coordinates": [[127.134656025, 35.846319525], [127.13518987500001, 35.8463369], [127.135135475, 35.846216825], [127.134967875, 35.84596834999999], [127.13489815, 35.845920449999994], [127.1344864, 35.8459059], [127.13408735, 35.845894425], [127.133998975, 35.845939575], [127.133796425, 35.84616835], [127.1339184, 35.8462516], [127.13398155, 35.846294449999995]], "mantle_properties": {"strokeColor": "#F59E0B", "strokeOpacity": 0.95, "strokeWeight": 5, "strokeStyle": "shortdash", "strokeLineCap": "butt", "strokeLineJoin": "miter", "visible": true, "clickable": true, "zIndex": 0, "overlayType": "Polyline"}}, "properties": {"strokeColor": "#F59E0B", "strokeOpacity": 0.95, "strokeWeight": 5, "strokeStyle": "shortdash", "strokeLineCap": "butt", "strokeLineJoin": "miter", "visible": true, "clickable": true, "zIndex": 0, "overlayType": "Polyline", "id": "jbnu-osm-correction-1091855606-dc8ac7", "kind": "walkway", "name": "OSM 1091855606 \uc704\uce58 \ubcf4\uc815", "walkable": true, "bidirectional": true, "status": "candidate", "access": "unknown", "stairs": false, "wheelchair": false, "surface": "unknown", "opening_hours": "unknown", "access_time_start": null, "access_time_end": null, "access_timezone": "Asia/Seoul", "source": "OpenStreetMap contributors; user_correction", "verified_at": null, "evidence": "OSM \uc6d0\ubcf8 1091855606\uc758 \uc704\uce58 \ubcf4\uc815\ubcf8", "category": null, "description": null, "source_id": "osm-way-1091855606", "replaces_source_id": "osm-way-1091855606", "source_status": "superseded_by_local_correction", "source_highway": "service", "source_layer": "jbnu_manual_workfile"}, "id": "jbnu-osm-correction-1091855606-dc8ac7"}, {"type": "Feature", "geometry": {"type": "LineString", "coordinates": [[127.13211989999999, 35.8457849], [127.1320925, 35.8457469], [127.132033, 35.8457373], [127.13192129999999, 35.8457183]], "mantle_properties": {"strokeColor": "#F59E0B", "strokeOpacity": 0.95, "strokeWeight": 5, "strokeStyle": "shortdash", "strokeLineCap": "butt", "strokeLineJoin": "miter", "visible": true, "clickable": true, "zIndex": 0, "overlayType": "Polyline"}}, "properties": {"strokeColor": "#F59E0B", "strokeOpacity": 0.95, "strokeWeight": 5, "strokeStyle": "shortdash", "strokeLineCap": "butt", "strokeLineJoin": "miter", "visible": true, "clickable": true, "zIndex": 0, "overlayType": "Polyline", "id": "jbnu-osm-correction-1327522115-69b9db", "kind": "walkway", "name": "OSM 1327522115 \uc704\uce58 \ubcf4\uc815", "walkable": true, "bidirectional": true, "status": "candidate", "access": "unknown", "stairs": false, "wheelchair": false, "surface": "unknown", "opening_hours": "unknown", "access_time_start": null, "access_time_end": null, "access_timezone": "Asia/Seoul", "source": "OpenStreetMap contributors; user_correction", "verified_at": null, "evidence": "OSM \uc6d0\ubcf8 1327522115\uc758 \uc704\uce58 \ubcf4\uc815\ubcf8", "category": null, "description": null, "source_id": "osm-way-1327522115", "replaces_source_id": "osm-way-1327522115", "source_status": "superseded_by_local_correction", "source_highway": "footway", "source_layer": "jbnu_manual_workfile"}, "id": "jbnu-osm-correction-1327522115-69b9db"}, {"type": "Feature", "geometry": {"type": "LineString", "coordinates": [[127.1317619, 35.8473082], [127.1316211, 35.8472946]], "mantle_properties": {"strokeColor": "#F59E0B", "strokeOpacity": 0.95, "strokeWeight": 5, "strokeStyle": "shortdash", "strokeLineCap": "butt", "strokeLineJoin": "miter", "visible": true, "clickable": true, "zIndex": 0, "overlayType": "Polyline"}}, "properties": {"strokeColor": "#F59E0B", "strokeOpacity": 0.95, "strokeWeight": 5, "strokeStyle": "shortdash", "strokeLineCap": "butt", "strokeLineJoin": "miter", "visible": true, "clickable": true, "zIndex": 0, "overlayType": "Polyline", "id": "jbnu-osm-correction-743824977-8291eb", "kind": "walkway", "name": "OSM 743824977 \uc704\uce58 \ubcf4\uc815", "walkable": true, "bidirectional": true, "status": "candidate", "access": "unknown", "stairs": false, "wheelchair": false, "surface": "unknown", "opening_hours": "unknown", "access_time_start": null, "access_time_end": null, "access_timezone": "Asia/Seoul", "source": "OpenStreetMap contributors; user_correction", "verified_at": null, "evidence": "OSM \uc6d0\ubcf8 743824977\uc758 \uc704\uce58 \ubcf4\uc815\ubcf8", "category": null, "description": null, "source_id": "osm-way-743824977", "replaces_source_id": "osm-way-743824977", "source_status": "superseded_by_local_correction", "source_highway": "service", "source_layer": "jbnu_manual_workfile"}, "id": "jbnu-osm-correction-743824977-8291eb"}, {"type": "Feature", "geometry": {"type": "LineString", "coordinates": [[127.1317981, 35.8473098], [127.1317912, 35.8473879]], "mantle_properties": {"strokeColor": "#F59E0B", "strokeOpacity": 0.95, "strokeWeight": 5, "strokeStyle": "shortdash", "strokeLineCap": "butt", "strokeLineJoin": "miter", "visible": true, "clickable": true, "zIndex": 0, "overlayType": "Polyline"}}, "properties": {"strokeColor": "#F59E0B", "strokeOpacity": 0.95, "strokeWeight": 5, "strokeStyle": "shortdash", "strokeLineCap": "butt", "strokeLineJoin": "miter", "visible": true, "clickable": true, "zIndex": 0, "overlayType": "Polyline", "id": "jbnu-osm-correction-1396136977-ff2daa", "kind": "walkway", "name": "OSM 1396136977 \uc704\uce58 \ubcf4\uc815", "walkable": true, "bidirectional": true, "status": "candidate", "access": "unknown", "stairs": true, "wheelchair": false, "surface": "unknown", "opening_hours": "unknown", "access_time_start": null, "access_time_end": null, "access_timezone": "Asia/Seoul", "source": "OpenStreetMap contributors; user_correction", "verified_at": null, "evidence": "OSM \uc6d0\ubcf8 1396136977\uc758 \uc704\uce58 \ubcf4\uc815\ubcf8", "category": null, "description": null, "source_id": "osm-way-1396136977", "replaces_source_id": "osm-way-1396136977", "source_status": "superseded_by_local_correction", "source_highway": "steps", "source_layer": "jbnu_manual_workfile"}, "id": "jbnu-osm-correction-1396136977-ff2daa"}, {"type": "Feature", "geometry": {"type": "LineString", "coordinates": [[127.1302882, 35.8459511], [127.1303245, 35.8458149], [127.130393, 35.8454234], [127.1304131, 35.8453232], [127.13042790000002, 35.8452585], [127.1305293, 35.8448148], [127.1305592, 35.8447072]], "mantle_properties": {"strokeColor": "#F59E0B", "strokeOpacity": 0.95, "strokeWeight": 5, "strokeStyle": "shortdash", "strokeLineCap": "butt", "strokeLineJoin": "miter", "visible": true, "clickable": true, "zIndex": 0, "overlayType": "Polyline"}}, "properties": {"strokeColor": "#F59E0B", "strokeOpacity": 0.95, "strokeWeight": 5, "strokeStyle": "shortdash", "strokeLineCap": "butt", "strokeLineJoin": "miter", "visible": true, "clickable": true, "zIndex": 0, "overlayType": "Polyline", "id": "jbnu-osm-correction-1228588852-9136b0", "kind": "walkway", "name": "\uac74\uc9c0\ub300\ub85c", "walkable": true, "bidirectional": true, "status": "candidate", "access": "unknown", "stairs": false, "wheelchair": false, "surface": "asphalt", "opening_hours": "unknown", "access_time_start": null, "access_time_end": null, "access_timezone": "Asia/Seoul", "source": "OpenStreetMap contributors; user_correction", "verified_at": null, "evidence": "OSM \uc6d0\ubcf8 1228588852\uc758 \uc704\uce58 \ubcf4\uc815\ubcf8", "category": null, "description": null, "source_id": "osm-way-1228588852", "replaces_source_id": "osm-way-1228588852", "source_status": "superseded_by_local_correction", "source_highway": "service", "source_layer": "jbnu_manual_workfile"}, "id": "jbnu-osm-correction-1228588852-9136b0"}, {"type": "Feature", "geometry": {"type": "LineString", "coordinates": [[127.13012067619047, 35.84821495714286], [127.1301589, 35.8482145], [127.1301978, 35.8482471], [127.1301983, 35.8482765], [127.1301991, 35.8483243], [127.1301629, 35.8483537], [127.13008835, 35.8483538], [127.1300516, 35.8483308], [127.130050375, 35.848247799999996], [127.1300824, 35.8482221], [127.13012067619047, 35.84821495714286]], "mantle_properties": {"strokeColor": "#F59E0B", "strokeOpacity": 0.95, "strokeWeight": 5, "strokeStyle": "shortdash", "strokeLineCap": "butt", "strokeLineJoin": "miter", "visible": true, "clickable": true, "zIndex": 0, "overlayType": "Polyline"}}, "properties": {"strokeColor": "#F59E0B", "strokeOpacity": 0.95, "strokeWeight": 5, "strokeStyle": "shortdash", "strokeLineCap": "butt", "strokeLineJoin": "miter", "visible": true, "clickable": true, "zIndex": 0, "overlayType": "Polyline", "id": "jbnu-osm-correction-1465102816-ee5cd1", "kind": "walkway", "name": "OSM 1465102816 \uc704\uce58 \ubcf4\uc815", "walkable": true, "bidirectional": true, "status": "candidate", "access": "unknown", "stairs": false, "wheelchair": false, "surface": "unknown", "opening_hours": "unknown", "access_time_start": null, "access_time_end": null, "access_timezone": "Asia/Seoul", "source": "OpenStreetMap contributors; user_correction", "verified_at": null, "evidence": "OSM \uc6d0\ubcf8 1465102816\uc758 \uc704\uce58 \ubcf4\uc815\ubcf8", "category": null, "description": null, "source_id": "osm-way-1465102816", "replaces_source_id": "osm-way-1465102816", "source_status": "superseded_by_local_correction", "source_highway": "footway", "source_layer": "jbnu_manual_workfile"}, "id": "jbnu-osm-correction-1465102816-ee5cd1"}, {"type": "Feature", "geometry": {"type": "LineString", "coordinates": [[127.1298187, 35.8487491], [127.12981403271641, 35.84840698130052], [127.129807325, 35.848350749999994], [127.1297844, 35.84829725]], "mantle_properties": {"strokeColor": "#F59E0B", "strokeOpacity": 0.95, "strokeWeight": 5, "strokeStyle": "shortdash", "strokeLineCap": "butt", "strokeLineJoin": "miter", "visible": true, "clickable": true, "zIndex": 0, "overlayType": "Polyline"}}, "properties": {"strokeColor": "#F59E0B", "strokeOpacity": 0.95, "strokeWeight": 5, "strokeStyle": "shortdash", "strokeLineCap": "butt", "strokeLineJoin": "miter", "visible": true, "clickable": true, "zIndex": 0, "overlayType": "Polyline", "id": "jbnu-osm-correction-1299259739-72e401", "kind": "walkway", "name": "OSM 1299259739 \uc704\uce58 \ubcf4\uc815", "walkable": true, "bidirectional": true, "status": "candidate", "access": "unknown", "stairs": false, "wheelchair": false, "surface": "unknown", "opening_hours": "unknown", "access_time_start": null, "access_time_end": null, "access_timezone": "Asia/Seoul", "source": "OpenStreetMap contributors; user_correction", "verified_at": null, "evidence": "OSM \uc6d0\ubcf8 1299259739\uc758 \uc704\uce58 \ubcf4\uc815\ubcf8", "category": null, "description": null, "source_id": "osm-way-1299259739", "replaces_source_id": "osm-way-1299259739", "source_status": "superseded_by_local_correction", "source_highway": "track", "source_layer": "jbnu_manual_workfile"}, "id": "jbnu-osm-correction-1299259739-72e401"}, {"type": "Feature", "geometry": {"type": "LineString", "coordinates": [[127.13149372291912, 35.84876343108076], [127.131493, 35.8487497], [127.1315018, 35.8485589], [127.1314441, 35.848554], [127.1314602, 35.8483591], [127.13145786999999, 35.84831627], [127.131475, 35.8478989]], "mantle_properties": {"strokeColor": "#F59E0B", "strokeOpacity": 0.95, "strokeWeight": 5, "strokeStyle": "shortdash", "strokeLineCap": "butt", "strokeLineJoin": "miter", "visible": true, "clickable": true, "zIndex": 0, "overlayType": "Polyline"}}, "properties": {"strokeColor": "#F59E0B", "strokeOpacity": 0.95, "strokeWeight": 5, "strokeStyle": "shortdash", "strokeLineCap": "butt", "strokeLineJoin": "miter", "visible": true, "clickable": true, "zIndex": 0, "overlayType": "Polyline", "id": "jbnu-osm-correction-1368399476-6f2be5", "kind": "walkway", "name": "OSM 1368399476 \uc704\uce58 \ubcf4\uc815", "walkable": true, "bidirectional": true, "status": "candidate", "access": "unknown", "stairs": false, "wheelchair": false, "surface": "unknown", "opening_hours": "unknown", "access_time_start": null, "access_time_end": null, "access_timezone": "Asia/Seoul", "source": "OpenStreetMap contributors; user_correction", "verified_at": null, "evidence": "OSM \uc6d0\ubcf8 1368399476\uc758 \uc704\uce58 \ubcf4\uc815\ubcf8", "category": null, "description": null, "source_id": "osm-way-1368399476", "replaces_source_id": "osm-way-1368399476", "source_status": "superseded_by_local_correction", "source_highway": "footway", "source_layer": "jbnu_manual_workfile"}, "id": "jbnu-osm-correction-1368399476-6f2be5"}, {"type": "Feature", "geometry": {"type": "LineString", "coordinates": [[127.13031765, 35.847865925], [127.13030072500001, 35.847920175], [127.130528075, 35.848388850000006], [127.1305482, 35.8484366], [127.130654725, 35.8486358], [127.13069537499999, 35.8487048], [127.130755275, 35.84875905], [127.130822625, 35.848787324999996], [127.13091600000001, 35.848808125], [127.13101155, 35.848815900000005], [127.1311454, 35.848813975], [127.13131562499998, 35.848791899999995], [127.1314173, 35.8487774], [127.13149372291912, 35.84876343108076]], "mantle_properties": {"strokeColor": "#F59E0B", "strokeOpacity": 0.95, "strokeWeight": 5, "strokeStyle": "shortdash", "strokeLineCap": "butt", "strokeLineJoin": "miter", "visible": true, "clickable": true, "zIndex": 0, "overlayType": "Polyline"}}, "properties": {"strokeColor": "#F59E0B", "strokeOpacity": 0.95, "strokeWeight": 5, "strokeStyle": "shortdash", "strokeLineCap": "butt", "strokeLineJoin": "miter", "visible": true, "clickable": true, "zIndex": 0, "overlayType": "Polyline", "id": "jbnu-osm-correction-1090388188-8ac685", "kind": "walkway", "name": "OSM 1090388188 \uc704\uce58 \ubcf4\uc815", "walkable": true, "bidirectional": true, "status": "candidate", "access": "unknown", "stairs": false, "wheelchair": false, "surface": "unknown", "opening_hours": "unknown", "access_time_start": null, "access_time_end": null, "access_timezone": "Asia/Seoul", "source": "OpenStreetMap contributors; user_correction", "verified_at": null, "evidence": "OSM \uc6d0\ubcf8 1090388188\uc758 \uc704\uce58 \ubcf4\uc815\ubcf8", "category": null, "description": null, "source_id": "osm-way-1090388188", "replaces_source_id": "osm-way-1090388188", "source_status": "superseded_by_local_correction", "source_highway": "footway", "source_layer": "jbnu_manual_workfile"}, "id": "jbnu-osm-correction-1090388188-8ac685"}, {"type": "Feature", "geometry": {"type": "LineString", "coordinates": [[127.13149372291912, 35.84876343108076], [127.1318263, 35.8487198], [127.13247412222222, 35.8486665888889], [127.1330306, 35.84861755], [127.1338672888889, 35.848539772222225], [127.133958, 35.848517], [127.1345568, 35.84827465], [127.1346319, 35.8482458], [127.1347137, 35.8482012], [127.13476658333335, 35.848152533333334], [127.134783875, 35.8480965], [127.1347908, 35.8480398], [127.134764, 35.8480023], [127.1347687, 35.84798082500001]], "mantle_properties": {"strokeColor": "#F59E0B", "strokeOpacity": 0.95, "strokeWeight": 5, "strokeStyle": "shortdash", "strokeLineCap": "butt", "strokeLineJoin": "miter", "visible": true, "clickable": true, "zIndex": 0, "overlayType": "Polyline"}}, "properties": {"strokeColor": "#F59E0B", "strokeOpacity": 0.95, "strokeWeight": 5, "strokeStyle": "shortdash", "strokeLineCap": "butt", "strokeLineJoin": "miter", "visible": true, "clickable": true, "zIndex": 0, "overlayType": "Polyline", "id": "jbnu-osm-correction-1090388187-451728", "kind": "walkway", "name": "OSM 1090388187 \uc704\uce58 \ubcf4\uc815", "walkable": true, "bidirectional": true, "status": "candidate", "access": "unknown", "stairs": false, "wheelchair": false, "surface": "unknown", "opening_hours": "unknown", "access_time_start": null, "access_time_end": null, "access_timezone": "Asia/Seoul", "source": "OpenStreetMap contributors; user_correction", "verified_at": null, "evidence": "OSM \uc6d0\ubcf8 1090388187\uc758 \uc704\uce58 \ubcf4\uc815\ubcf8", "category": null, "description": null, "source_id": "osm-way-1090388187", "replaces_source_id": "osm-way-1090388187", "source_status": "superseded_by_local_correction", "source_highway": "footway", "source_layer": "jbnu_manual_workfile"}, "id": "jbnu-osm-correction-1090388187-451728"}, {"type": "Feature", "geometry": {"type": "LineString", "coordinates": [[127.1325058, 35.8479503], [127.1324861, 35.8483601], [127.13247412222222, 35.8486665888889]], "mantle_properties": {"strokeColor": "#F59E0B", "strokeOpacity": 0.95, "strokeWeight": 5, "strokeStyle": "shortdash", "strokeLineCap": "butt", "strokeLineJoin": "miter", "visible": true, "clickable": true, "zIndex": 0, "overlayType": "Polyline"}}, "properties": {"strokeColor": "#F59E0B", "strokeOpacity": 0.95, "strokeWeight": 5, "strokeStyle": "shortdash", "strokeLineCap": "butt", "strokeLineJoin": "miter", "visible": true, "clickable": true, "zIndex": 0, "overlayType": "Polyline", "id": "jbnu-osm-correction-1368399475-8e7dda", "kind": "walkway", "name": "OSM 1368399475 \uc704\uce58 \ubcf4\uc815", "walkable": true, "bidirectional": true, "status": "candidate", "access": "unknown", "stairs": false, "wheelchair": false, "surface": "unknown", "opening_hours": "unknown", "access_time_start": null, "access_time_end": null, "access_timezone": "Asia/Seoul", "source": "OpenStreetMap contributors; user_correction", "verified_at": null, "evidence": "OSM \uc6d0\ubcf8 1368399475\uc758 \uc704\uce58 \ubcf4\uc815\ubcf8", "category": null, "description": null, "source_id": "osm-way-1368399475", "replaces_source_id": "osm-way-1368399475", "source_status": "superseded_by_local_correction", "source_highway": "footway", "source_layer": "jbnu_manual_workfile"}, "id": "jbnu-osm-correction-1368399475-8e7dda"}, {"type": "Feature", "geometry": {"type": "LineString", "coordinates": [[127.1330306, 35.84861755], [127.1330315, 35.8486741]], "mantle_properties": {"strokeColor": "#F59E0B", "strokeOpacity": 0.95, "strokeWeight": 5, "strokeStyle": "shortdash", "strokeLineCap": "butt", "strokeLineJoin": "miter", "visible": true, "clickable": true, "zIndex": 0, "overlayType": "Polyline"}}, "properties": {"strokeColor": "#F59E0B", "strokeOpacity": 0.95, "strokeWeight": 5, "strokeStyle": "shortdash", "strokeLineCap": "butt", "strokeLineJoin": "miter", "visible": true, "clickable": true, "zIndex": 0, "overlayType": "Polyline", "id": "jbnu-osm-correction-1090388189-ec8d31", "kind": "walkway", "name": "OSM 1090388189 \uc704\uce58 \ubcf4\uc815", "walkable": true, "bidirectional": true, "status": "candidate", "access": "unknown", "stairs": false, "wheelchair": false, "surface": "unknown", "opening_hours": "unknown", "access_time_start": null, "access_time_end": null, "access_timezone": "Asia/Seoul", "source": "OpenStreetMap contributors; user_correction", "verified_at": null, "evidence": "OSM \uc6d0\ubcf8 1090388189\uc758 \uc704\uce58 \ubcf4\uc815\ubcf8", "category": null, "description": null, "source_id": "osm-way-1090388189", "replaces_source_id": "osm-way-1090388189", "source_status": "superseded_by_local_correction", "source_highway": "footway", "source_layer": "jbnu_manual_workfile"}, "id": "jbnu-osm-correction-1090388189-ec8d31"}, {"type": "Feature", "geometry": {"type": "LineString", "coordinates": [[127.1338664, 35.8484318], [127.1338668, 35.8485242], [127.1338672888889, 35.848539772222225], [127.1338707, 35.848563]], "mantle_properties": {"strokeColor": "#F59E0B", "strokeOpacity": 0.95, "strokeWeight": 5, "strokeStyle": "shortdash", "strokeLineCap": "butt", "strokeLineJoin": "miter", "visible": true, "clickable": true, "zIndex": 0, "overlayType": "Polyline"}}, "properties": {"strokeColor": "#F59E0B", "strokeOpacity": 0.95, "strokeWeight": 5, "strokeStyle": "shortdash", "strokeLineCap": "butt", "strokeLineJoin": "miter", "visible": true, "clickable": true, "zIndex": 0, "overlayType": "Polyline", "id": "jbnu-osm-correction-115952688-70477d", "kind": "walkway", "name": "OSM 115952688 \uc704\uce58 \ubcf4\uc815", "walkable": true, "bidirectional": true, "status": "candidate", "access": "unknown", "stairs": false, "wheelchair": false, "surface": "unknown", "opening_hours": "unknown", "access_time_start": null, "access_time_end": null, "access_timezone": "Asia/Seoul", "source": "OpenStreetMap contributors; user_correction", "verified_at": null, "evidence": "OSM \uc6d0\ubcf8 115952688\uc758 \uc704\uce58 \ubcf4\uc815\ubcf8", "category": null, "description": null, "source_id": "osm-way-115952688", "replaces_source_id": "osm-way-115952688", "source_status": "superseded_by_local_correction", "source_highway": "service", "source_layer": "jbnu_manual_workfile"}, "id": "jbnu-osm-correction-115952688-70477d"}, {"type": "Feature", "geometry": {"type": "LineString", "coordinates": [[127.1344542, 35.8479795], [127.13445031250001, 35.8479940875], [127.1344354, 35.8480197], [127.134466675, 35.848143575], [127.1345058, 35.8482099], [127.1345568, 35.84827465]], "mantle_properties": {"strokeColor": "#F59E0B", "strokeOpacity": 0.95, "strokeWeight": 5, "strokeStyle": "shortdash", "strokeLineCap": "butt", "strokeLineJoin": "miter", "visible": true, "clickable": true, "zIndex": 0, "overlayType": "Polyline"}}, "properties": {"strokeColor": "#F59E0B", "strokeOpacity": 0.95, "strokeWeight": 5, "strokeStyle": "shortdash", "strokeLineCap": "butt", "strokeLineJoin": "miter", "visible": true, "clickable": true, "zIndex": 0, "overlayType": "Polyline", "id": "jbnu-osm-correction-1465102819-5e2689", "kind": "walkway", "name": "OSM 1465102819 \uc704\uce58 \ubcf4\uc815", "walkable": true, "bidirectional": true, "status": "candidate", "access": "unknown", "stairs": false, "wheelchair": false, "surface": "unknown", "opening_hours": "unknown", "access_time_start": null, "access_time_end": null, "access_timezone": "Asia/Seoul", "source": "OpenStreetMap contributors; user_correction", "verified_at": null, "evidence": "OSM \uc6d0\ubcf8 1465102819\uc758 \uc704\uce58 \ubcf4\uc815\ubcf8", "category": null, "description": null, "source_id": "osm-way-1465102819", "replaces_source_id": "osm-way-1465102819", "source_status": "superseded_by_local_correction", "source_highway": "footway", "source_layer": "jbnu_manual_workfile"}, "id": "jbnu-osm-correction-1465102819-5e2689"}]}