{"type":"FeatureCollection","name":"JBNU vehicle routing paths","crs":{"type":"name","properties":{"name":"urn:ogc:def:crs:OGC:1.3:CRS84"}},"attribution":["Road centerlines: NGII continuous digital topographic map","Campus roads and paths: © OpenStreetMap contributors, ODbL 1.0","Manual edits: JBNU alley maker workfile"],"generated_from":"jbnu_walking_path.geojson","filter_version":1,"routing_defaults":{"direction_policy":"source oneway when present; otherwise bidirectional","private_access_policy":"included for campus navigation","excluded_highways":["footway","path","steps","cycleway","pedestrian"]},"graph_stats":{"node_count":2039,"edge_count":2305,"component_count":5,"largest_component_nodes":2018,"largest_component_ratio":0.9897,"total_length_m":66344.0,"source_feature_count":1468,"vehicle_feature_count":493,"skipped_replaced_feature_count":92,"deduplicated_vehicle_feature_count":14,"highway_counts":{"living_street":72,"residential":43,"service":326,"tertiary":34,"tertiary_link":16,"unclassified":2},"excluded_counts":{"highway:cycleway":26,"highway:footway":634,"highway:missing":28,"highway:path":48,"highway:pedestrian":4,"highway:steps":37,"highway:track":16,"too_few_coordinates":76}},"features":[{"type":"Feature","id":"osm-way-33512613","properties":{"osm_id":33512613,"highway":"residential","name":"들사평3길","foot":null,"access":null,"surface":null,"source":"OpenStreetMap contributors","source_layer":"openstreetmap_campus_paths","effective_highway":"residential","drivable":true,"vehicle_access":"unknown","campus_private_access":false,"oneway":false,"bidirectional":true,"routing_speed_kph":20,"routing_source":"jbnu_walking_path_vehicle_filter_v1"},"geometry":{"type":"LineString","coordinates":[[127.1215624,35.8414326],[127.1221503,35.8409969],[127.1226812,35.8406083],[127.1231979,35.8402533],[127.1235874,35.8399771],[127.1240195,35.8396745]]}},{"type":"Feature","id":"osm-way-33512619","properties":{"osm_id":33512619,"highway":"residential","name":"들사평4길","foot":null,"access":null,"surface":null,"source":"OpenStreetMap contributors","source_layer":"openstreetmap_campus_paths","effective_highway":"residential","drivable":true,"vehicle_access":"unknown","campus_private_access":false,"oneway":false,"bidirectional":true,"routing_speed_kph":20,"routing_source":"jbnu_walking_path_vehicle_filter_v1"},"geometry":{"type":"LineString","coordinates":[[127.123608,35.8414601],[127.1241011,35.8410935],[127.1244955,35.8408157],[127.1250642,35.8404344]]}},{"type":"Feature","id":"osm-way-34383265","properties":{"osm_id":34383265,"highway":"tertiary_link","name":"건지산로","foot":null,"access":null,"surface":null,"source":"OpenStreetMap contributors","source_layer":"openstreetmap_campus_paths","effective_highway":"tertiary_link","drivable":true,"vehicle_access":"unknown","campus_private_access":false,"oneway":false,"bidirectional":true,"routing_speed_kph":25,"routing_source":"jbnu_walking_path_vehicle_filter_v1"},"geometry":{"type":"LineString","coordinates":[[127.1339148,35.8510458],[127.1337308,35.8511367],[127.1335318,35.851215],[127.13343265,35.851311100000004],[127.1333609,35.851395800000006],[127.13331213333333,35.851484766666665],[127.1332547,35.8515647],[127.1332488,35.85170675],[127.1332236,35.8518956],[127.1331214,35.851961]]}},{"type":"Feature","id":"osm-way-34416362","properties":{"osm_id":34416362,"highway":"residential","name":"덕진광장로","foot":null,"access":null,"surface":null,"source":"OpenStreetMap contributors","source_layer":"openstreetmap_campus_paths","effective_highway":"residential","drivable":true,"vehicle_access":"unknown","campus_private_access":false,"oneway":false,"bidirectional":true,"routing_speed_kph":20,"routing_source":"jbnu_walking_path_vehicle_filter_v1"},"geometry":{"type":"LineString","coordinates":[[127.1236577,35.843929],[127.1237249,35.843999],[127.1238656,35.8441203],[127.124316475,35.844473074999996],[127.1243697,35.8445534],[127.124593,35.8444064]]}},{"type":"Feature","id":"osm-way-34485852","properties":{"osm_id":34485852,"highway":"residential","name":"명륜4길","foot":null,"access":null,"surface":null,"source":"OpenStreetMap contributors","source_layer":"openstreetmap_campus_paths","effective_highway":"residential","drivable":true,"vehicle_access":"unknown","campus_private_access":false,"oneway":false,"bidirectional":true,"routing_speed_kph":20,"routing_source":"jbnu_walking_path_vehicle_filter_v1"},"geometry":{"type":"LineString","coordinates":[[127.1260544,35.8421678],[127.126142675,35.8422259],[127.12614883333333,35.842302700000005],[127.1262117,35.842418],[127.1263325,35.8426146],[127.1264125,35.8426422],[127.1265056,35.8427679],[127.1264882,35.8428251],[127.1265588,35.8429618],[127.1266871,35.8431129],[127.1267438,35.8431355],[127.1267976,35.8432135],[127.126836,35.8433223],[127.1268813,35.8433994],[127.1269686,35.8434774],[127.1270098,35.8435271],[127.1270774,35.843626],[127.1270914,35.84370413333333],[127.127156,35.8437428],[127.1272732,35.8438632],[127.127384,35.8439854],[127.1274629,35.8440787]]}},{"type":"Feature","id":"osm-way-35344193","properties":{"osm_id":35344193,"highway":"tertiary","name":"사평로","foot":null,"access":null,"surface":"asphalt","source":"OpenStreetMap contributors","source_layer":"openstreetmap_campus_paths","effective_highway":"tertiary","drivable":true,"vehicle_access":"unknown","campus_private_access":false,"oneway":false,"bidirectional":true,"routing_speed_kph":30,"routing_source":"jbnu_walking_path_vehicle_filter_v1"},"geometry":{"type":"LineString","coordinates":[[127.12061673582419,35.840607774945525],[127.1215624,35.8414326],[127.1224485,35.8422744],[127.1229576,35.8427511],[127.123341025,35.84314175]]}},{"type":"Feature","id":"osm-way-35358404","properties":{"osm_id":35358404,"highway":"residential","name":"창포길","foot":null,"access":null,"surface":"asphalt","source":"OpenStreetMap contributors","source_layer":"openstreetmap_campus_paths","effective_highway":"residential","drivable":true,"vehicle_access":"unknown","campus_private_access":false,"oneway":false,"bidirectional":true,"routing_speed_kph":20,"routing_source":"jbnu_walking_path_vehicle_filter_v1"},"geometry":{"type":"LineString","coordinates":[[127.1281108,35.8499884],[127.1282068,35.849976],[127.1282857,35.8500308],[127.1290288,35.8507396],[127.1296278,35.8512949],[127.1298283,35.851485],[127.1300227,35.8515592],[127.1300158,35.851606200000006]]}},{"type":"Feature","id":"osm-way-35542167","properties":{"osm_id":35542167,"highway":"service","name":"농생명로(녹두로)","foot":null,"access":null,"surface":null,"source":"OpenStreetMap contributors","source_layer":"openstreetmap_campus_paths","effective_highway":"service","drivable":true,"vehicle_access":"unknown","campus_private_access":false,"oneway":false,"bidirectional":true,"routing_speed_kph":15,"routing_source":"jbnu_walking_path_vehicle_filter_v1"},"geometry":{"type":"LineString","coordinates":[[127.1346437,35.8482653],[127.13456400726129,35.8482874456243],[127.1341445,35.848472],[127.1338672888889,35.848539772222225],[127.1330956,35.8486688],[127.1330273,35.84864936666666],[127.1323162160507,35.84873192955699],[127.13178279648169,35.84877131956918],[127.1312433,35.8488578],[127.1309615,35.848857],[127.1307116,35.84881075],[127.130639,35.8487367],[127.13050153333334,35.8485217],[127.130514225,35.848456025000004],[127.130247,35.8479081],[127.130186775,35.847856725],[127.1301824,35.8477295]]}},{"type":"Feature","id":"osm-way-35542168","properties":{"osm_id":35542168,"highway":"service","name":"건지대로","foot":null,"access":null,"surface":null,"source":"OpenStreetMap contributors","source_layer":"openstreetmap_campus_paths","effective_highway":"service","drivable":true,"vehicle_access":"unknown","campus_private_access":false,"oneway":false,"bidirectional":true,"routing_speed_kph":15,"routing_source":"jbnu_walking_path_vehicle_filter_v1"},"geometry":{"type":"LineString","coordinates":[[127.1317688,35.841285799999994],[127.1314553,35.8420806],[127.1314106,35.8422035],[127.1313416,35.8424024],[127.1313119,35.8424653],[127.1311548,35.842893],[127.130997,35.8432794],[127.1309569,35.8433777],[127.1308866,35.8434228]]}},{"type":"Feature","id":"osm-way-35542169","properties":{"osm_id":35542169,"highway":"service","name":"중도로","foot":null,"access":null,"surface":null,"source":"OpenStreetMap contributors","source_layer":"openstreetmap_campus_paths","effective_highway":"service","drivable":true,"vehicle_access":"unknown","campus_private_access":false,"oneway":false,"bidirectional":true,"routing_speed_kph":15,"routing_source":"jbnu_walking_path_vehicle_filter_v1"},"geometry":{"type":"LineString","coordinates":[[127.1349176,35.8479338],[127.1347721,35.8479293],[127.1346827,35.8479257],[127.13445678291794,35.84793136738579],[127.1343209,35.8479112],[127.1342544,35.8479082],[127.1339497,35.8478943],[127.1337151,35.8478825],[127.1335798,35.8478756],[127.1332586,35.8478511],[127.1331558,35.8478551],[127.1330459,35.8478504],[127.1325847,35.8478308],[127.13252509,35.84778197],[127.1323105,35.8478117],[127.1320633,35.847799],[127.1317709,35.847789],[127.1317007,35.8477801],[127.1314788,35.8477758],[127.1313553,35.8477761],[127.1310416,35.8477694],[127.130722575,35.84776265000001],[127.1302789,35.8477347],[127.1301824,35.8477295]]}},{"type":"Feature","id":"osm-way-35542170","properties":{"osm_id":35542170,"highway":"service","name":null,"foot":null,"access":null,"surface":null,"source":"OpenStreetMap contributors","source_layer":"openstreetmap_campus_paths","effective_highway":"service","drivable":true,"vehicle_access":"unknown","campus_private_access":false,"oneway":false,"bidirectional":true,"routing_speed_kph":15,"routing_source":"jbnu_walking_path_vehicle_filter_v1"},"geometry":{"type":"LineString","coordinates":[[127.13546013333332,35.846863066666664],[127.1360197,35.8470002],[127.1362669,35.8470608],[127.1359811,35.8478824],[127.1359451,35.847961749999996]]}},{"type":"Feature","id":"osm-way-35542178","properties":{"osm_id":35542178,"highway":"service","name":null,"foot":null,"access":null,"surface":null,"source":"OpenStreetMap contributors","source_layer":"openstreetmap_campus_paths","effective_highway":"service","drivable":true,"vehicle_access":"unknown","campus_private_access":false,"oneway":false,"bidirectional":true,"routing_speed_kph":15,"routing_source":"jbnu_walking_path_vehicle_filter_v1"},"geometry":{"type":"LineString","coordinates":[[127.1318837,35.845653],[127.1318752,35.8455764],[127.1319637,35.8452155],[127.1320914,35.8451514]]}},{"type":"Feature","id":"osm-way-35798572","properties":{"osm_id":35798572,"highway":"living_street","name":null,"foot":null,"access":null,"surface":null,"source":"OpenStreetMap contributors","source_layer":"openstreetmap_campus_paths","effective_highway":"living_street","drivable":true,"vehicle_access":"unknown","campus_private_access":false,"oneway":false,"bidirectional":true,"routing_speed_kph":15,"routing_source":"jbnu_walking_path_vehicle_filter_v1"},"geometry":{"type":"LineString","coordinates":[[127.1215621,35.8449839],[127.1218059,35.8445842],[127.1221047,35.8441097],[127.1221688,35.8440115],[127.122305,35.8439067],[127.1225794,35.8437039],[127.1227678,35.8435732],[127.123341025,35.84314175]]}},{"type":"Feature","id":"osm-way-35798656","properties":{"osm_id":35798656,"highway":"residential","name":"들사평3길","foot":null,"access":null,"surface":null,"source":"OpenStreetMap contributors","source_layer":"openstreetmap_campus_paths","effective_highway":"residential","drivable":true,"vehicle_access":"unknown","campus_private_access":false,"oneway":false,"bidirectional":true,"routing_speed_kph":20,"routing_source":"jbnu_walking_path_vehicle_filter_v1"},"geometry":{"type":"LineString","coordinates":[[127.1226812,35.8406083],[127.12274847592346,35.840669637587645],[127.1232148,35.8410948]]}},{"type":"Feature","id":"osm-way-35798657","properties":{"osm_id":35798657,"highway":"living_street","name":"들사평3길","foot":null,"access":null,"surface":null,"source":"OpenStreetMap contributors","source_layer":"openstreetmap_campus_paths","effective_highway":"living_street","drivable":true,"vehicle_access":"unknown","campus_private_access":false,"oneway":false,"bidirectional":true,"routing_speed_kph":15,"routing_source":"jbnu_walking_path_vehicle_filter_v1"},"geometry":{"type":"LineString","coordinates":[[127.1241153,35.8404532],[127.1235874,35.8399771],[127.1231022,35.8395023]]}},{"type":"Feature","id":"osm-way-35798658","properties":{"osm_id":35798658,"highway":"living_street","name":null,"foot":null,"access":null,"surface":null,"source":"OpenStreetMap contributors","source_layer":"openstreetmap_campus_paths","effective_highway":"living_street","drivable":true,"vehicle_access":"unknown","campus_private_access":false,"oneway":false,"bidirectional":true,"routing_speed_kph":15,"routing_source":"jbnu_walking_path_vehicle_filter_v1"},"geometry":{"type":"LineString","coordinates":[[127.1250988,35.8448803],[127.1250025,35.84489405],[127.1247997,35.8450682],[127.1240098,35.8455753],[127.12392700419284,35.84561823299331],[127.1228394,35.8461822],[127.12198472857554,35.84656802644489],[127.1219663,35.8466462]]}},{"type":"Feature","id":"osm-way-35798660","properties":{"osm_id":35798660,"highway":"living_street","name":null,"foot":null,"access":null,"surface":null,"source":"OpenStreetMap contributors","source_layer":"openstreetmap_campus_paths","effective_highway":"living_street","drivable":true,"vehicle_access":"unknown","campus_private_access":false,"oneway":false,"bidirectional":true,"routing_speed_kph":15,"routing_source":"jbnu_walking_path_vehicle_filter_v1"},"geometry":{"type":"LineString","coordinates":[[127.1240098,35.8455753],[127.1235222,35.845094],[127.12296791454735,35.84454962827687],[127.12289584977145,35.84447992801944]]}},{"type":"Feature","id":"osm-way-36222906","properties":{"osm_id":36222906,"highway":"living_street","name":"명륜5길","foot":null,"access":null,"surface":null,"source":"OpenStreetMap contributors","source_layer":"openstreetmap_campus_paths","effective_highway":"living_street","drivable":true,"vehicle_access":"unknown","campus_private_access":false,"oneway":false,"bidirectional":true,"routing_speed_kph":15,"routing_source":"jbnu_walking_path_vehicle_filter_v1"},"geometry":{"type":"LineString","coordinates":[[127.1249676,35.8429223],[127.1250532,35.8430086],[127.1254541,35.8435321],[127.1257954,35.8439796],[127.1260266,35.8443172],[127.1263882,35.8447073],[127.1264151,35.8447827]]}},{"type":"Feature","id":"osm-way-36222914","properties":{"osm_id":36222914,"highway":"living_street","name":"명륜2길","foot":null,"access":null,"surface":null,"source":"OpenStreetMap contributors","source_layer":"openstreetmap_campus_paths","effective_highway":"living_street","drivable":true,"vehicle_access":"unknown","campus_private_access":false,"oneway":false,"bidirectional":true,"routing_speed_kph":15,"routing_source":"jbnu_walking_path_vehicle_filter_v1"},"geometry":{"type":"LineString","coordinates":[[127.1286607,35.841609],[127.1291152,35.8411627]]}},{"type":"Feature","id":"osm-way-36222916","properties":{"osm_id":36222916,"highway":"living_street","name":"명륜3길","foot":null,"access":null,"surface":null,"source":"OpenStreetMap contributors","source_layer":"openstreetmap_campus_paths","effective_highway":"living_street","drivable":true,"vehicle_access":"unknown","campus_private_access":false,"oneway":false,"bidirectional":true,"routing_speed_kph":15,"routing_source":"jbnu_walking_path_vehicle_filter_v1"},"geometry":{"type":"LineString","coordinates":[[127.1279844,35.8420035],[127.1274552,35.8422774],[127.1265056,35.8427679]]}},{"type":"Feature","id":"osm-way-36222917","properties":{"osm_id":36222917,"highway":"living_street","name":"명륜1길","foot":null,"access":null,"surface":null,"source":"OpenStreetMap contributors","source_layer":"openstreetmap_campus_paths","effective_highway":"living_street","drivable":true,"vehicle_access":"unknown","campus_private_access":false,"oneway":false,"bidirectional":true,"routing_speed_kph":15,"routing_source":"jbnu_walking_path_vehicle_filter_v1"},"geometry":{"type":"LineString","coordinates":[[127.1297867,35.8409372],[127.1295518,35.8407713],[127.1288459,35.8402484],[127.1287428,35.8401683]]}},{"type":"Feature","id":"osm-way-36222918","properties":{"osm_id":36222918,"highway":"living_street","name":"명륜1길","foot":null,"access":null,"surface":null,"source":"OpenStreetMap contributors","source_layer":"openstreetmap_campus_paths","effective_highway":"living_street","drivable":true,"vehicle_access":"unknown","campus_private_access":false,"oneway":false,"bidirectional":true,"routing_speed_kph":15,"routing_source":"jbnu_walking_path_vehicle_filter_v1"},"geometry":{"type":"LineString","coordinates":[[127.1295774,35.8411871],[127.1305691,35.8417402],[127.1306461,35.8417809]]}},{"type":"Feature","id":"osm-way-36508595","properties":{"osm_id":36508595,"highway":"service","name":"예술로","foot":null,"access":null,"surface":null,"source":"OpenStreetMap contributors","source_layer":"openstreetmap_campus_paths","effective_highway":"service","drivable":true,"vehicle_access":"unknown","campus_private_access":false,"oneway":false,"bidirectional":true,"routing_speed_kph":15,"routing_source":"jbnu_walking_path_vehicle_filter_v1"},"geometry":{"type":"LineString","coordinates":[[127.1287092,35.8487718],[127.1289303,35.8483512],[127.128982,35.8482528],[127.1293615,35.8475193]]}},{"type":"Feature","id":"osm-way-36731107","properties":{"osm_id":36731107,"highway":"tertiary_link","name":"조경단로","foot":null,"access":null,"surface":null,"source":"OpenStreetMap contributors","source_layer":"openstreetmap_campus_paths","effective_highway":"tertiary_link","drivable":true,"vehicle_access":"unknown","campus_private_access":false,"oneway":false,"bidirectional":true,"routing_speed_kph":25,"routing_source":"jbnu_walking_path_vehicle_filter_v1"},"geometry":{"type":"LineString","coordinates":[[127.1331214,35.851961],[127.1330339,35.8519005],[127.1329523,35.851781],[127.1328205,35.8516821],[127.1326738,35.851589966666666],[127.1325892,35.851582],[127.1324488,35.8515608],[127.1322483,35.8515602],[127.1322275,35.8515121]]}},{"type":"Feature","id":"osm-way-36768810","properties":{"osm_id":36768810,"highway":"tertiary_link","name":null,"foot":null,"access":null,"surface":"asphalt","source":"OpenStreetMap contributors","source_layer":"openstreetmap_campus_paths","effective_highway":"tertiary_link","drivable":true,"vehicle_access":"unknown","campus_private_access":false,"oneway":false,"bidirectional":true,"routing_speed_kph":25,"routing_source":"jbnu_walking_path_vehicle_filter_v1"},"geometry":{"type":"LineString","coordinates":[[127.1395593,35.8428024],[127.1395268,35.8428794],[127.1394301,35.8428525],[127.13924670000002,35.8428897],[127.1391021,35.8429526],[127.1390294,35.8429474]]}},{"type":"Feature","id":"osm-way-36768811","properties":{"osm_id":36768811,"highway":"tertiary","name":"조경단로","foot":null,"access":null,"surface":"asphalt","source":"OpenStreetMap contributors","source_layer":"openstreetmap_campus_paths","effective_highway":"tertiary","drivable":true,"vehicle_access":"unknown","campus_private_access":false,"oneway":false,"bidirectional":true,"routing_speed_kph":30,"routing_source":"jbnu_walking_path_vehicle_filter_v1"},"geometry":{"type":"LineString","coordinates":[[127.1366189,35.8357987],[127.136997,35.8363377],[127.1373777,35.8368937],[127.1375227,35.837129],[127.1377295,35.837568],[127.1380322,35.8384367],[127.1382686,35.839195],[127.1383013,35.8393096],[127.1384675,35.8398499],[127.138811,35.8409216],[127.1389707,35.8414596],[127.1390011,35.8415471],[127.13903885541312,35.841662458227944],[127.1390769,35.8417787],[127.1391109,35.8419092],[127.1391652,35.8421177]]}},{"type":"Feature","id":"osm-way-36768812","properties":{"osm_id":36768812,"highway":"tertiary_link","name":null,"foot":null,"access":null,"surface":"asphalt","source":"OpenStreetMap contributors","source_layer":"openstreetmap_campus_paths","effective_highway":"tertiary_link","drivable":true,"vehicle_access":"unknown","campus_private_access":false,"oneway":false,"bidirectional":true,"routing_speed_kph":25,"routing_source":"jbnu_walking_path_vehicle_filter_v1"},"geometry":{"type":"LineString","coordinates":[[127.1391652,35.8421177],[127.1393132,35.8423753],[127.13934503333333,35.8424682],[127.1394201,35.8425198],[127.1395171,35.8425755],[127.1394827,35.8426493]]}},{"type":"Feature","id":"osm-way-36768813","properties":{"osm_id":36768813,"highway":"tertiary_link","name":null,"foot":null,"access":null,"surface":"asphalt","source":"OpenStreetMap contributors","source_layer":"openstreetmap_campus_paths","effective_highway":"tertiary_link","drivable":true,"vehicle_access":"unknown","campus_private_access":false,"oneway":false,"bidirectional":true,"routing_speed_kph":25,"routing_source":"jbnu_walking_path_vehicle_filter_v1"},"geometry":{"type":"LineString","coordinates":[[127.1389253,35.842908800000004],[127.13886756666666,35.842751566666664],[127.1386574,35.8426182],[127.1386952,35.8425424]]}},{"type":"Feature","id":"osm-way-36806301","properties":{"osm_id":36806301,"highway":"residential","name":"매봉6길","foot":null,"access":null,"surface":null,"source":"OpenStreetMap contributors","source_layer":"openstreetmap_campus_paths","effective_highway":"residential","drivable":true,"vehicle_access":"unknown","campus_private_access":false,"oneway":false,"bidirectional":true,"routing_speed_kph":20,"routing_source":"jbnu_walking_path_vehicle_filter_v1"},"geometry":{"type":"LineString","coordinates":[[127.1394628,35.8407986],[127.1393348,35.8404257]]}},{"type":"Feature","id":"osm-way-36806303","properties":{"osm_id":36806303,"highway":"residential","name":"매봉8길","foot":null,"access":null,"surface":null,"source":"OpenStreetMap contributors","source_layer":"openstreetmap_campus_paths","effective_highway":"residential","drivable":true,"vehicle_access":"unknown","campus_private_access":false,"oneway":false,"bidirectional":true,"routing_speed_kph":20,"routing_source":"jbnu_walking_path_vehicle_filter_v1"},"geometry":{"type":"LineString","coordinates":[[127.1396698,35.840346],[127.139899,35.8398804]]}},{"type":"Feature","id":"osm-way-36806306","properties":{"osm_id":36806306,"highway":"living_street","name":"매봉6길","foot":null,"access":null,"surface":null,"source":"OpenStreetMap contributors","source_layer":"openstreetmap_campus_paths","effective_highway":"living_street","drivable":true,"vehicle_access":"unknown","campus_private_access":false,"oneway":false,"bidirectional":true,"routing_speed_kph":15,"routing_source":"jbnu_walking_path_vehicle_filter_v1"},"geometry":{"type":"LineString","coordinates":[[127.1390011,35.8415471],[127.1390769,35.8415313],[127.1392423,35.8415099],[127.1395582,35.8414009],[127.1398403,35.8412998],[127.1400406,35.8412086],[127.1401397235207,35.84102030321642]]}},{"type":"Feature","id":"osm-way-36806308","properties":{"osm_id":36806308,"highway":"living_street","name":"매봉4길","foot":null,"access":null,"surface":null,"source":"OpenStreetMap contributors","source_layer":"openstreetmap_campus_paths","effective_highway":"living_street","drivable":true,"vehicle_access":"unknown","campus_private_access":false,"oneway":false,"bidirectional":true,"routing_speed_kph":15,"routing_source":"jbnu_walking_path_vehicle_filter_v1"},"geometry":{"type":"LineString","coordinates":[[127.1395093,35.8419911],[127.1398067,35.8418778],[127.14006557206659,35.841779361574126],[127.1405245,35.8416479],[127.1407894,35.8417183]]}},{"type":"Feature","id":"osm-way-36806309","properties":{"osm_id":36806309,"highway":"living_street","name":"매봉2길","foot":null,"access":null,"surface":null,"source":"OpenStreetMap contributors","source_layer":"openstreetmap_campus_paths","effective_highway":"living_street","drivable":true,"vehicle_access":"unknown","campus_private_access":false,"oneway":false,"bidirectional":true,"routing_speed_kph":15,"routing_source":"jbnu_walking_path_vehicle_filter_v1"},"geometry":{"type":"LineString","coordinates":[[127.1392423,35.8415099],[127.1395093,35.8419911],[127.1396972,35.8423509],[127.140259,35.8421275],[127.1404983,35.8420383]]}},{"type":"Feature","id":"osm-way-36813784","properties":{"osm_id":36813784,"highway":"living_street","name":"삼송5길","foot":null,"access":null,"surface":null,"source":"OpenStreetMap contributors","source_layer":"openstreetmap_campus_paths","effective_highway":"living_street","drivable":true,"vehicle_access":"unknown","campus_private_access":false,"oneway":false,"bidirectional":true,"routing_speed_kph":15,"routing_source":"jbnu_walking_path_vehicle_filter_v1"},"geometry":{"type":"LineString","coordinates":[[127.1359889,35.843038],[127.136718,35.8432283],[127.1378841,35.8435829],[127.1384753,35.8437451],[127.1385554,35.8437754],[127.1386411,35.8437968]]}},{"type":"Feature","id":"osm-way-36813789","properties":{"osm_id":36813789,"highway":"living_street","name":"건지1길","foot":null,"access":null,"surface":null,"source":"OpenStreetMap contributors","source_layer":"openstreetmap_campus_paths","effective_highway":"living_street","drivable":true,"vehicle_access":"unknown","campus_private_access":false,"oneway":false,"bidirectional":true,"routing_speed_kph":15,"routing_source":"jbnu_walking_path_vehicle_filter_v1"},"geometry":{"type":"LineString","coordinates":[[127.1397183,35.8441148],[127.1399223,35.8436633],[127.140159822767,35.84312010587645],[127.14013480828372,35.84317731184664],[127.14019091435489,35.84300421126387]]}},{"type":"Feature","id":"osm-way-36813790","properties":{"osm_id":36813790,"highway":"living_street","name":"삼송3길","foot":null,"access":null,"surface":null,"source":"OpenStreetMap contributors","source_layer":"openstreetmap_campus_paths","effective_highway":"living_street","drivable":true,"vehicle_access":"unknown","campus_private_access":false,"oneway":false,"bidirectional":true,"routing_speed_kph":15,"routing_source":"jbnu_walking_path_vehicle_filter_v1"},"geometry":{"type":"LineString","coordinates":[[127.1365294,35.8436551],[127.1359889,35.843038],[127.1357039,35.8427298],[127.1353825,35.8423885],[127.1352758,35.8422922],[127.1350845,35.842132],[127.1345178,35.841582]]}},{"type":"Feature","id":"osm-way-36813792","properties":{"osm_id":36813792,"highway":"living_street","name":null,"foot":null,"access":null,"surface":null,"source":"OpenStreetMap contributors","source_layer":"openstreetmap_campus_paths","effective_highway":"living_street","drivable":true,"vehicle_access":"unknown","campus_private_access":false,"oneway":false,"bidirectional":true,"routing_speed_kph":15,"routing_source":"jbnu_walking_path_vehicle_filter_v1"},"geometry":{"type":"LineString","coordinates":[[127.1328345,35.8416162],[127.13354013333333,35.84113176666667],[127.1336638,35.8410495]]}},{"type":"Feature","id":"osm-way-36813793","properties":{"osm_id":36813793,"highway":"living_street","name":"삼송1길","foot":null,"access":null,"surface":null,"source":"OpenStreetMap contributors","source_layer":"openstreetmap_campus_paths","effective_highway":"living_street","drivable":true,"vehicle_access":"unknown","campus_private_access":false,"oneway":false,"bidirectional":true,"routing_speed_kph":15,"routing_source":"jbnu_walking_path_vehicle_filter_v1"},"geometry":{"type":"LineString","coordinates":[[127.1327966,35.8407865],[127.13278,35.8409034],[127.13269044116616,35.84153406816774],[127.1328345,35.8416162],[127.1335113,35.8421385],[127.133835,35.84238675],[127.1341509,35.8425699],[127.1347238,35.8429017],[127.1348253,35.8429165]]}},{"type":"Feature","id":"osm-way-36813794","properties":{"osm_id":36813794,"highway":"living_street","name":"삼송3길","foot":null,"access":null,"surface":null,"source":"OpenStreetMap contributors","source_layer":"openstreetmap_campus_paths","effective_highway":"living_street","drivable":true,"vehicle_access":"unknown","campus_private_access":false,"oneway":false,"bidirectional":true,"routing_speed_kph":15,"routing_source":"jbnu_walking_path_vehicle_filter_v1"},"geometry":{"type":"LineString","coordinates":[[127.1365294,35.8436551],[127.1365215,35.844014],[127.1371116,35.84427355],[127.1373797,35.8439551]]}},{"type":"Feature","id":"osm-way-36813795","properties":{"osm_id":36813795,"highway":"living_street","name":"금암3길","foot":null,"access":null,"surface":null,"source":"OpenStreetMap contributors","source_layer":"openstreetmap_campus_paths","effective_highway":"living_street","drivable":true,"vehicle_access":"unknown","campus_private_access":false,"oneway":false,"bidirectional":true,"routing_speed_kph":15,"routing_source":"jbnu_walking_path_vehicle_filter_v1"},"geometry":{"type":"LineString","coordinates":[[127.1359559,35.8415958],[127.1361599,35.8410966],[127.1362997,35.8407119]]}},{"type":"Feature","id":"osm-way-36813796","properties":{"osm_id":36813796,"highway":"living_street","name":"삼송5길","foot":null,"access":null,"surface":null,"source":"OpenStreetMap contributors","source_layer":"openstreetmap_campus_paths","effective_highway":"living_street","drivable":true,"vehicle_access":"unknown","campus_private_access":false,"oneway":false,"bidirectional":true,"routing_speed_kph":15,"routing_source":"jbnu_walking_path_vehicle_filter_v1"},"geometry":{"type":"LineString","coordinates":[[127.136718,35.8432283],[127.1368754,35.8427551],[127.13714110000001,35.8422176],[127.1371944,35.8421058]]}},{"type":"Feature","id":"osm-way-36813797","properties":{"osm_id":36813797,"highway":"living_street","name":"백제대로","foot":null,"access":null,"surface":null,"source":"OpenStreetMap contributors","source_layer":"openstreetmap_campus_paths","effective_highway":"living_street","drivable":true,"vehicle_access":"unknown","campus_private_access":false,"oneway":false,"bidirectional":true,"routing_speed_kph":15,"routing_source":"jbnu_walking_path_vehicle_filter_v1"},"geometry":{"type":"LineString","coordinates":[[127.1376593,35.8429883],[127.13785293999999,35.84242972],[127.1379344,35.8423239]]}},{"type":"Feature","id":"osm-way-36813798","properties":{"osm_id":36813798,"highway":"living_street","name":"금암1길","foot":null,"access":null,"surface":null,"source":"OpenStreetMap contributors","source_layer":"openstreetmap_campus_paths","effective_highway":"living_street","drivable":true,"vehicle_access":"unknown","campus_private_access":false,"oneway":false,"bidirectional":true,"routing_speed_kph":15,"routing_source":"jbnu_walking_path_vehicle_filter_v1"},"geometry":{"type":"LineString","coordinates":[[127.134317,35.8394381],[127.1344581,35.8392572],[127.13473766029017,35.83884990308828],[127.1348295,35.8387161],[127.13502,35.8385993],[127.135191,35.8385331],[127.1361501,35.8382077]]}},{"type":"Feature","id":"osm-way-36813799","properties":{"osm_id":36813799,"highway":"living_street","name":"금암2길","foot":null,"access":null,"surface":null,"source":"OpenStreetMap contributors","source_layer":"openstreetmap_campus_paths","effective_highway":"living_street","drivable":true,"vehicle_access":"unknown","campus_private_access":false,"oneway":false,"bidirectional":true,"routing_speed_kph":15,"routing_source":"jbnu_walking_path_vehicle_filter_v1"},"geometry":{"type":"LineString","coordinates":[[127.1343426,35.8411099],[127.1344945,35.8407356],[127.1343936,35.8401578],[127.1341687,35.8395691],[127.1341722,35.8394633],[127.1340245,35.8391769],[127.13388045202262,35.838978514596974],[127.1337032,35.8387344]]}},{"type":"Feature","id":"osm-way-36813800","properties":{"osm_id":36813800,"highway":"living_street","name":null,"foot":null,"access":null,"surface":null,"source":"OpenStreetMap contributors","source_layer":"openstreetmap_campus_paths","effective_highway":"living_street","drivable":true,"vehicle_access":"unknown","campus_private_access":false,"oneway":false,"bidirectional":true,"routing_speed_kph":15,"routing_source":"jbnu_walking_path_vehicle_filter_v1"},"geometry":{"type":"LineString","coordinates":[[127.1348335,35.8402556],[127.134558,35.8406181],[127.1344945,35.8407356]]}},{"type":"Feature","id":"osm-way-36813801","properties":{"osm_id":36813801,"highway":"living_street","name":"금암2길","foot":null,"access":null,"surface":null,"source":"OpenStreetMap contributors","source_layer":"openstreetmap_campus_paths","effective_highway":"living_street","drivable":true,"vehicle_access":"unknown","campus_private_access":false,"oneway":false,"bidirectional":true,"routing_speed_kph":15,"routing_source":"jbnu_walking_path_vehicle_filter_v1"},"geometry":{"type":"LineString","coordinates":[[127.1361599,35.8410966],[127.134558,35.8406181]]}},{"type":"Feature","id":"osm-way-36813802","properties":{"osm_id":36813802,"highway":"residential","name":"금암5길","foot":null,"access":null,"surface":null,"source":"OpenStreetMap contributors","source_layer":"openstreetmap_campus_paths","effective_highway":"residential","drivable":true,"vehicle_access":"unknown","campus_private_access":false,"oneway":false,"bidirectional":true,"routing_speed_kph":20,"routing_source":"jbnu_walking_path_vehicle_filter_v1"},"geometry":{"type":"LineString","coordinates":[[127.1380322,35.8384367],[127.1379733,35.8385293],[127.1370833,35.8387849],[127.1366602,35.8387742],[127.13659829024186,35.838809365457884],[127.1355523,35.8394035]]}},{"type":"Feature","id":"osm-way-36813803","properties":{"osm_id":36813803,"highway":"residential","name":"금암5길","foot":null,"access":null,"surface":null,"source":"OpenStreetMap contributors","source_layer":"openstreetmap_campus_paths","effective_highway":"residential","drivable":true,"vehicle_access":"unknown","campus_private_access":false,"oneway":false,"bidirectional":true,"routing_speed_kph":20,"routing_source":"jbnu_walking_path_vehicle_filter_v1"},"geometry":{"type":"LineString","coordinates":[[127.1355523,35.8394035],[127.136629,35.839894]]}},{"type":"Feature","id":"osm-way-36813805","properties":{"osm_id":36813805,"highway":"living_street","name":"금암4길","foot":null,"access":null,"surface":null,"source":"OpenStreetMap contributors","source_layer":"openstreetmap_campus_paths","effective_highway":"living_street","drivable":true,"vehicle_access":"unknown","campus_private_access":false,"oneway":false,"bidirectional":true,"routing_speed_kph":15,"routing_source":"jbnu_walking_path_vehicle_filter_v1"},"geometry":{"type":"LineString","coordinates":[[127.1370833,35.8387849],[127.1373922,35.8394959],[127.1375691,35.8398341],[127.137728,35.8401236],[127.1385908,35.8407919],[127.1386988,35.8408239]]}},{"type":"Feature","id":"osm-way-36813806","properties":{"osm_id":36813806,"highway":"residential","name":"금암3길","foot":null,"access":null,"surface":null,"source":"OpenStreetMap contributors","source_layer":"openstreetmap_campus_paths","effective_highway":"residential","drivable":true,"vehicle_access":"unknown","campus_private_access":false,"oneway":false,"bidirectional":true,"routing_speed_kph":20,"routing_source":"jbnu_walking_path_vehicle_filter_v1"},"geometry":{"type":"LineString","coordinates":[[127.1372694,35.8404025],[127.1373957,35.8405521],[127.137373,35.8406734],[127.1373937,35.8407961],[127.1374753,35.8410405]]}},{"type":"Feature","id":"osm-way-36813807","properties":{"osm_id":36813807,"highway":"living_street","name":"금암3길","foot":null,"access":null,"surface":null,"source":"OpenStreetMap contributors","source_layer":"openstreetmap_campus_paths","effective_highway":"living_street","drivable":true,"vehicle_access":"unknown","campus_private_access":false,"oneway":false,"bidirectional":true,"routing_speed_kph":15,"routing_source":"jbnu_walking_path_vehicle_filter_v1"},"geometry":{"type":"LineString","coordinates":[[127.1381474,35.8422603],[127.1381957777224,35.84212462939362],[127.1383064,35.8418144],[127.13840686877064,35.841551912478074],[127.1384822,35.8413551]]}},{"type":"Feature","id":"osm-way-36813808","properties":{"osm_id":36813808,"highway":"living_street","name":null,"foot":null,"access":null,"surface":null,"source":"OpenStreetMap contributors","source_layer":"openstreetmap_campus_paths","effective_highway":"living_street","drivable":true,"vehicle_access":"unknown","campus_private_access":false,"oneway":false,"bidirectional":true,"routing_speed_kph":15,"routing_source":"jbnu_walking_path_vehicle_filter_v1"},"geometry":{"type":"LineString","coordinates":[[127.1374794,35.8415701],[127.1383064,35.8418144]]}},{"type":"Feature","id":"osm-way-36813809","properties":{"osm_id":36813809,"highway":"residential","name":null,"foot":null,"access":null,"surface":null,"source":"OpenStreetMap contributors","source_layer":"openstreetmap_campus_paths","effective_highway":"residential","drivable":true,"vehicle_access":"unknown","campus_private_access":false,"oneway":false,"bidirectional":true,"routing_speed_kph":20,"routing_source":"jbnu_walking_path_vehicle_filter_v1"},"geometry":{"type":"LineString","coordinates":[[127.1373922,35.8394959],[127.1382303,35.8393185]]}},{"type":"Feature","id":"osm-way-36963716","properties":{"osm_id":36963716,"highway":"service","name":null,"foot":null,"access":null,"surface":null,"source":"OpenStreetMap contributors","source_layer":"openstreetmap_campus_paths","effective_highway":"service","drivable":true,"vehicle_access":"unknown","campus_private_access":false,"oneway":false,"bidirectional":true,"routing_speed_kph":15,"routing_source":"jbnu_walking_path_vehicle_filter_v1"},"geometry":{"type":"LineString","coordinates":[[127.1312126,35.8424446],[127.1313119,35.8424653],[127.13142035,35.84251045],[127.13157925,35.84248235],[127.13171940000001,35.8424707],[127.1318223,35.842453666666664],[127.1323664,35.8423957],[127.1324318,35.8427782],[127.13248948671362,35.8431540281533],[127.13255555,35.84349421666667],[127.1325513,35.8435558]]}},{"type":"Feature","id":"osm-way-36963717","properties":{"osm_id":36963717,"highway":"service","name":"창조로","foot":null,"access":null,"surface":null,"source":"OpenStreetMap contributors","source_layer":"openstreetmap_campus_paths","effective_highway":"service","drivable":true,"vehicle_access":"unknown","campus_private_access":false,"oneway":false,"bidirectional":true,"routing_speed_kph":15,"routing_source":"jbnu_walking_path_vehicle_filter_v1"},"geometry":{"type":"LineString","coordinates":[[127.1325513,35.8435558],[127.132676,35.8435435],[127.132755775,35.843570375],[127.13302319999998,35.8435402],[127.13360433333332,35.84348236666667],[127.133747525,35.843471725],[127.13417,35.8434047],[127.1342344,35.843443],[127.13441499999999,35.8437984],[127.13443806666668,35.84385183333333],[127.1346081,35.84421185],[127.13461,35.8442764]]}},{"type":"Feature","id":"osm-way-36963718","properties":{"osm_id":36963718,"highway":"service","name":null,"foot":null,"access":null,"surface":null,"source":"OpenStreetMap contributors","source_layer":"openstreetmap_campus_paths","effective_highway":"service","drivable":true,"vehicle_access":"unknown","campus_private_access":false,"oneway":false,"bidirectional":true,"routing_speed_kph":15,"routing_source":"jbnu_walking_path_vehicle_filter_v1"},"geometry":{"type":"LineString","coordinates":[[127.13417,35.8434047],[127.13422229999999,35.84336893333333],[127.1344289,35.8433979],[127.1349374,35.8433547],[127.1349557,35.8434344],[127.1349841,35.8436043],[127.1349888779567,35.84376675052846],[127.13453429212731,35.84380226744971],[127.13443806666668,35.84385183333333]]}},{"type":"Feature","id":"osm-way-36963719","properties":{"osm_id":36963719,"highway":"service","name":null,"foot":null,"access":null,"surface":null,"source":"OpenStreetMap contributors","source_layer":"openstreetmap_campus_paths","effective_highway":"service","drivable":true,"vehicle_access":"unknown","campus_private_access":false,"oneway":false,"bidirectional":true,"routing_speed_kph":15,"routing_source":"jbnu_walking_path_vehicle_filter_v1"},"geometry":{"type":"LineString","coordinates":[[127.132676,35.8435435],[127.1326837,35.8435884],[127.1327539,35.8440058],[127.1322311,35.8440507],[127.1322084,35.8439364]]}},{"type":"Feature","id":"osm-way-36963720","properties":{"osm_id":36963720,"highway":"service","name":null,"foot":null,"access":null,"surface":null,"source":"OpenStreetMap contributors","source_layer":"openstreetmap_campus_paths","effective_highway":"service","drivable":true,"vehicle_access":"unknown","campus_private_access":false,"oneway":false,"bidirectional":true,"routing_speed_kph":15,"routing_source":"jbnu_walking_path_vehicle_filter_v1"},"geometry":{"type":"LineString","coordinates":[[127.1335657,35.8439229],[127.133382,35.8439544],[127.1332861428213,35.84396725861577],[127.1327539,35.8440058]]}},{"type":"Feature","id":"osm-way-36963721","properties":{"osm_id":36963721,"highway":"service","name":null,"foot":null,"access":null,"surface":null,"source":"OpenStreetMap contributors","source_layer":"openstreetmap_campus_paths","effective_highway":"service","drivable":true,"vehicle_access":"unknown","campus_private_access":false,"oneway":false,"bidirectional":true,"routing_speed_kph":15,"routing_source":"jbnu_walking_path_vehicle_filter_v1"},"geometry":{"type":"LineString","coordinates":[[127.130493,35.84376635],[127.1306418,35.8432661],[127.130795375,35.842806675000006]]}},{"type":"Feature","id":"osm-way-36963722","properties":{"osm_id":36963722,"highway":"service","name":null,"foot":null,"access":null,"surface":null,"source":"OpenStreetMap contributors","source_layer":"openstreetmap_campus_paths","effective_highway":"service","drivable":true,"vehicle_access":"unknown","campus_private_access":false,"oneway":false,"bidirectional":true,"routing_speed_kph":15,"routing_source":"jbnu_walking_path_vehicle_filter_v1"},"geometry":{"type":"LineString","coordinates":[[127.1347726,35.8446105],[127.1348281,35.8446004],[127.1349564,35.8445785],[127.1352274,35.8445416]]}},{"type":"Feature","id":"osm-way-36963726","properties":{"osm_id":36963726,"highway":"service","name":null,"foot":null,"access":null,"surface":null,"source":"OpenStreetMap contributors","source_layer":"openstreetmap_campus_paths","effective_highway":"service","drivable":true,"vehicle_access":"unknown","campus_private_access":false,"oneway":false,"bidirectional":true,"routing_speed_kph":15,"routing_source":"jbnu_walking_path_vehicle_filter_v1"},"geometry":{"type":"LineString","coordinates":[[127.1338701,35.8455800625],[127.1345034375,35.8456037375],[127.135057925,35.8456177],[127.1351561,35.8456087],[127.1352241,35.8456207],[127.1357731,35.8457177],[127.1367623,35.8459011],[127.1373069,35.8459986]]}},{"type":"Feature","id":"osm-way-36963727","properties":{"osm_id":36963727,"highway":"service","name":null,"foot":null,"access":null,"surface":null,"source":"OpenStreetMap contributors","source_layer":"openstreetmap_campus_paths","effective_highway":"service","drivable":true,"vehicle_access":"unknown","campus_private_access":false,"oneway":false,"bidirectional":true,"routing_speed_kph":15,"routing_source":"jbnu_walking_path_vehicle_filter_v1"},"geometry":{"type":"LineString","coordinates":[[127.1322329,35.8457071],[127.1319801,35.8456685]]}},{"type":"Feature","id":"osm-way-36963728","properties":{"osm_id":36963728,"highway":"service","name":null,"foot":null,"access":null,"surface":null,"source":"OpenStreetMap contributors","source_layer":"openstreetmap_campus_paths","effective_highway":"service","drivable":true,"vehicle_access":"unknown","campus_private_access":false,"oneway":false,"bidirectional":true,"routing_speed_kph":15,"routing_source":"jbnu_walking_path_vehicle_filter_v1"},"geometry":{"type":"LineString","coordinates":[[127.1319637,35.8452155],[127.1318822,35.8451935],[127.13179808498843,35.844904963267616],[127.13177063333335,35.84464903333333],[127.13173762214075,35.84458836820711]]}},{"type":"Feature","id":"osm-way-36963729","properties":{"osm_id":36963729,"highway":"service","name":null,"foot":null,"access":null,"surface":null,"source":"OpenStreetMap contributors","source_layer":"openstreetmap_campus_paths","effective_highway":"service","drivable":true,"vehicle_access":"unknown","campus_private_access":false,"oneway":false,"bidirectional":true,"routing_speed_kph":15,"routing_source":"jbnu_walking_path_vehicle_filter_v1"},"geometry":{"type":"LineString","coordinates":[[127.1320914,35.8451514],[127.13206129600844,35.84490747254141],[127.1320525,35.8448362],[127.1320192,35.8446078],[127.1320124,35.8445613]]}},{"type":"Feature","id":"osm-way-36963730","properties":{"osm_id":36963730,"highway":"service","name":null,"foot":null,"access":null,"surface":null,"source":"OpenStreetMap contributors","source_layer":"openstreetmap_campus_paths","effective_highway":"service","drivable":true,"vehicle_access":"unknown","campus_private_access":false,"oneway":false,"bidirectional":true,"routing_speed_kph":15,"routing_source":"jbnu_walking_path_vehicle_filter_v1"},"geometry":{"type":"LineString","coordinates":[[127.1338701,35.8455800625],[127.1337856,35.8457732],[127.1336815,35.84591],[127.133541,35.8460346],[127.1333803,35.8461051],[127.1332139,35.8461375],[127.1330191,35.8461242],[127.1328455,35.8460636],[127.132635,35.8459445],[127.1324148,35.8457876],[127.1322329,35.8457071]]}},{"type":"Feature","id":"osm-way-36963735","properties":{"osm_id":36963735,"highway":"service","name":"문화로","foot":null,"access":null,"surface":null,"source":"OpenStreetMap contributors","source_layer":"openstreetmap_campus_paths","effective_highway":"service","drivable":true,"vehicle_access":"unknown","campus_private_access":false,"oneway":false,"bidirectional":true,"routing_speed_kph":15,"routing_source":"jbnu_walking_path_vehicle_filter_v1"},"geometry":{"type":"LineString","coordinates":[[127.1259941,35.84620683333333],[127.1265355,35.846316],[127.12718309999998,35.8464505],[127.12787897999999,35.84654604],[127.12811505,35.8466136],[127.12826876,35.846594859999996],[127.1285278,35.846631],[127.12875903333332,35.846646311111115],[127.1288672,35.84665]]}},{"type":"Feature","id":"osm-way-36963736","properties":{"osm_id":36963736,"highway":"service","name":null,"foot":null,"access":null,"surface":null,"source":"OpenStreetMap contributors","source_layer":"openstreetmap_campus_paths","effective_highway":"service","drivable":true,"vehicle_access":"unknown","campus_private_access":false,"oneway":false,"bidirectional":true,"routing_speed_kph":15,"routing_source":"jbnu_walking_path_vehicle_filter_v1"},"geometry":{"type":"LineString","coordinates":[[127.127288,35.8455647],[127.12724780276955,35.8458676901882],[127.1272175,35.8460961],[127.12721381549221,35.84616083491686],[127.1267342,35.8460626]]}},{"type":"Feature","id":"osm-way-36963738","properties":{"osm_id":36963738,"highway":"tertiary_link","name":null,"foot":null,"access":null,"surface":null,"source":"OpenStreetMap contributors","source_layer":"openstreetmap_campus_paths","effective_highway":"tertiary_link","drivable":true,"vehicle_access":"unknown","campus_private_access":false,"oneway":false,"bidirectional":true,"routing_speed_kph":25,"routing_source":"jbnu_walking_path_vehicle_filter_v1"},"geometry":{"type":"LineString","coordinates":[[127.13558345,35.85001075],[127.135603,35.8499074],[127.1356782,35.8496796],[127.13578700000001,35.849452],[127.1362785,35.8483443],[127.136297,35.8482104],[127.13622930000001,35.84811473333333],[127.1362449,35.8480608]]}},{"type":"Feature","id":"osm-way-36963740","properties":{"osm_id":36963740,"highway":"service","name":"조경단로","foot":null,"access":null,"surface":null,"source":"OpenStreetMap contributors","source_layer":"openstreetmap_campus_paths","effective_highway":"service","drivable":true,"vehicle_access":"unknown","campus_private_access":false,"oneway":false,"bidirectional":true,"routing_speed_kph":15,"routing_source":"jbnu_walking_path_vehicle_filter_v1"},"geometry":{"type":"LineString","coordinates":[[127.1365076,35.8481353],[127.1364538,35.848245]]}},{"type":"Feature","id":"osm-way-36963741","properties":{"osm_id":36963741,"highway":"tertiary_link","name":"조경단로","foot":null,"access":null,"surface":null,"source":"OpenStreetMap contributors","source_layer":"openstreetmap_campus_paths","effective_highway":"tertiary_link","drivable":true,"vehicle_access":"unknown","campus_private_access":false,"oneway":false,"bidirectional":true,"routing_speed_kph":25,"routing_source":"jbnu_walking_path_vehicle_filter_v1"},"geometry":{"type":"LineString","coordinates":[[127.137197,35.8483007],[127.1369188973237,35.8483691597563],[127.1368513,35.8483858],[127.1366889,35.8484679],[127.1365567,35.8485195]]}},{"type":"Feature","id":"osm-way-36963742","properties":{"osm_id":36963742,"highway":"service","name":null,"foot":null,"access":null,"surface":null,"source":"OpenStreetMap contributors","source_layer":"openstreetmap_campus_paths","effective_highway":"service","drivable":true,"vehicle_access":"unknown","campus_private_access":false,"oneway":false,"bidirectional":true,"routing_speed_kph":15,"routing_source":"jbnu_walking_path_vehicle_filter_v1"},"geometry":{"type":"LineString","coordinates":[[127.13852949883422,35.84782316703328],[127.1379649,35.8476712],[127.1372538,35.8474596],[127.1374184,35.8470784],[127.1381318,35.8472957],[127.1385372,35.8474152],[127.1387855,35.8468586],[127.13894820645885,35.846520604979276],[127.1388651233783,35.846693195961414],[127.1390312,35.8463482],[127.1393011,35.8456949],[127.1396825,35.844888],[127.1397245,35.8448108]]}},{"type":"Feature","id":"osm-way-37020085","properties":{"osm_id":37020085,"highway":"tertiary","name":"대학로지하차도","foot":null,"access":null,"surface":null,"source":"OpenStreetMap contributors","source_layer":"openstreetmap_campus_paths","effective_highway":"tertiary","drivable":true,"vehicle_access":"unknown","campus_private_access":false,"oneway":false,"bidirectional":true,"routing_speed_kph":30,"routing_source":"jbnu_walking_path_vehicle_filter_v1"},"geometry":{"type":"LineString","coordinates":[[127.1377774,35.8456646],[127.1364394,35.8484189]]}},{"type":"Feature","id":"osm-way-37723975","properties":{"osm_id":37723975,"highway":"tertiary","name":"건지산로","foot":null,"access":null,"surface":"asphalt","source":"OpenStreetMap contributors","source_layer":"openstreetmap_campus_paths","effective_highway":"tertiary","drivable":true,"vehicle_access":"unknown","campus_private_access":false,"oneway":false,"bidirectional":true,"routing_speed_kph":30,"routing_source":"jbnu_walking_path_vehicle_filter_v1"},"geometry":{"type":"LineString","coordinates":[[127.1328419,35.8512442],[127.1328736,35.8513246],[127.1329092,35.8514349],[127.132938,35.8514892],[127.1331214,35.851961],[127.1331701,35.8520451],[127.1333087,35.8522847],[127.1334191,35.8524471]]}},{"type":"Feature","id":"osm-way-37725091","properties":{"osm_id":37725091,"highway":"tertiary","name":"백제대로","foot":null,"access":null,"surface":"asphalt","source":"OpenStreetMap contributors","source_layer":"openstreetmap_campus_paths","effective_highway":"tertiary","drivable":true,"vehicle_access":"unknown","campus_private_access":false,"oneway":false,"bidirectional":true,"routing_speed_kph":30,"routing_source":"jbnu_walking_path_vehicle_filter_v1"},"geometry":{"type":"LineString","coordinates":[[127.1240866,35.835666],[127.1245916,35.8360347],[127.1247027,35.8361123],[127.1247648,35.83615565],[127.1248768,35.8362338],[127.1254886,35.8366611],[127.1263923,35.8373033],[127.1264955,35.8373766],[127.1266298,35.837472],[127.12670115,35.8375238],[127.1271614,35.837858],[127.1275296,35.8381253],[127.12841224327289,35.83879510236206],[127.1289398,35.8391889],[127.1290153,35.8392453],[127.1291128,35.8393217],[127.12930386666666,35.8394643],[127.1293505,35.8394974],[127.1294304,35.8395532],[127.1295095,35.8396113],[127.12962233333333,35.8396641],[127.129904,35.8397571],[127.1300867,35.8398156],[127.1301766,35.8398444],[127.1307547,35.8400296],[127.1314692,35.8402471],[127.1317491,35.8403322],[127.1318137,35.8403519],[127.132055,35.8404254],[127.1322099,35.8404714],[127.13271422149485,35.84062094643696],[127.1331691,35.8407559],[127.1343426,35.8411099],[127.1345932761376,35.841185413158115],[127.134676,35.8412103],[127.1359559,35.8415958],[127.13653040061416,35.841768743132135],[127.1366535,35.8418058],[127.1368731,35.8418719],[127.13695125628436,35.8418954034554],[127.137313,35.8420034],[127.1381474,35.8422603],[127.138522,35.8423652],[127.1387597,35.8424318],[127.1389051,35.8424811],[127.1389698,35.8425031],[127.1390791,35.8425382],[127.1391769,35.8425691],[127.1393074,35.8426033],[127.1394827,35.8426493],[127.1395955,35.8426784],[127.1398453,35.8427477],[127.1402721,35.842866],[127.1416723,35.8433141]]}},{"type":"Feature","id":"osm-way-69025476","properties":{"osm_id":69025476,"highway":"living_street","name":"삼송5길","foot":null,"access":null,"surface":null,"source":"OpenStreetMap contributors","source_layer":"openstreetmap_campus_paths","effective_highway":"living_street","drivable":true,"vehicle_access":"unknown","campus_private_access":false,"oneway":false,"bidirectional":true,"routing_speed_kph":15,"routing_source":"jbnu_walking_path_vehicle_filter_v1"},"geometry":{"type":"LineString","coordinates":[[127.1355533,35.8423432],[127.1368754,35.8427551],[127.1376593,35.8429883],[127.13869512000001,35.84329032],[127.1387679,35.8433056]]}},{"type":"Feature","id":"osm-way-69025477","properties":{"osm_id":69025477,"highway":"service","name":"창조로","foot":null,"access":null,"surface":null,"source":"OpenStreetMap contributors","source_layer":"openstreetmap_campus_paths","effective_highway":"service","drivable":true,"vehicle_access":"unknown","campus_private_access":false,"oneway":false,"bidirectional":true,"routing_speed_kph":15,"routing_source":"jbnu_walking_path_vehicle_filter_v1"},"geometry":{"type":"LineString","coordinates":[[127.1349176,35.8479338],[127.1349429,35.8478458],[127.13505316666665,35.84755043333333],[127.1351773,35.8473289],[127.13518165,35.84725843333333],[127.1353423,35.847029],[127.135389275,35.846943625],[127.13546013333332,35.846863066666664]]}},{"type":"Feature","id":"osm-way-69025478","properties":{"osm_id":69025478,"highway":"service","name":null,"foot":null,"access":null,"surface":null,"source":"OpenStreetMap contributors","source_layer":"openstreetmap_campus_paths","effective_highway":"service","drivable":true,"vehicle_access":"unknown","campus_private_access":false,"oneway":false,"bidirectional":true,"routing_speed_kph":15,"routing_source":"jbnu_walking_path_vehicle_filter_v1"},"geometry":{"type":"LineString","coordinates":[[127.13461,35.8442764],[127.134703675,35.844304875],[127.13519225999998,35.844223140000004],[127.13523989999999,35.84422776666667],[127.1359258,35.84411565],[127.136058,35.8441343],[127.13623806666668,35.84412786666667],[127.1367086,35.8442792],[127.137070575,35.844348000000004],[127.1377365,35.8445669],[127.1380067,35.8446464],[127.138142,35.8446842],[127.1382282,35.8447082]]}},{"type":"Feature","id":"osm-way-69025483","properties":{"osm_id":69025483,"highway":"service","name":"창조로","foot":null,"access":null,"surface":null,"source":"OpenStreetMap contributors","source_layer":"openstreetmap_campus_paths","effective_highway":"service","drivable":true,"vehicle_access":"unknown","campus_private_access":false,"oneway":false,"bidirectional":true,"routing_speed_kph":15,"routing_source":"jbnu_walking_path_vehicle_filter_v1"},"geometry":{"type":"LineString","coordinates":[[127.13546013333332,35.846863066666664],[127.1354511,35.8467677],[127.1354499,35.84664635],[127.1353976,35.8464386],[127.1353191,35.8461835],[127.13521383333334,35.845689783333334],[127.1351561,35.8456087],[127.13504502460324,35.84516849454184],[127.1349451,35.8449638],[127.1347726,35.8446105],[127.1346332,35.8443243],[127.13461,35.8442764]]}},{"type":"Feature","id":"osm-way-106468966","properties":{"osm_id":106468966,"highway":"residential","name":"연화길","foot":null,"access":null,"surface":"asphalt","source":"OpenStreetMap contributors","source_layer":"openstreetmap_campus_paths","effective_highway":"residential","drivable":true,"vehicle_access":"unknown","campus_private_access":false,"oneway":false,"bidirectional":true,"routing_speed_kph":20,"routing_source":"jbnu_walking_path_vehicle_filter_v1"},"geometry":{"type":"LineString","coordinates":[[127.1306452,35.8519013],[127.1307253,35.8519557],[127.13080515,35.85202115],[127.1309017,35.852099],[127.1309403,35.8521358],[127.1310584,35.8522518],[127.1311607,35.8524063],[127.131287,35.8526009],[127.1313513,35.8527605],[127.1313815,35.852975],[127.1314594,35.8531128],[127.13165730298122,35.85330064707446],[127.1317487,35.8533874],[127.1319373,35.8536184],[127.1319964,35.8536904],[127.1320534,35.8538033],[127.132076,35.8538495],[127.1321977,35.8540435],[127.132173,35.8544039],[127.1322369,35.8546712],[127.1327066,35.8545862]]}},{"type":"Feature","id":"osm-way-107158669","properties":{"osm_id":107158669,"highway":"residential","name":"권삼득로","foot":null,"access":null,"surface":"asphalt","source":"OpenStreetMap contributors","source_layer":"openstreetmap_campus_paths","effective_highway":"residential","drivable":true,"vehicle_access":"unknown","campus_private_access":false,"oneway":false,"bidirectional":true,"routing_speed_kph":20,"routing_source":"jbnu_walking_path_vehicle_filter_v1"},"geometry":{"type":"LineString","coordinates":[[127.132055,35.8404254],[127.1319831,35.8405281],[127.131888,35.8405703],[127.1318435,35.8406168],[127.1317589,35.8407051],[127.13166285,35.840806],[127.1314641,35.8410264],[127.1310598,35.8414414],[127.1309317,35.8415446],[127.1308035,35.8416478],[127.1307228,35.8417131],[127.1306461,35.8417809],[127.1300928,35.8421961],[127.1299907,35.8422778],[127.1298547,35.8423774],[127.1296705,35.8425179],[127.1291796,35.8428919],[127.1287711,35.8432022],[127.1287013,35.8432553],[127.1283561,35.8435184],[127.1279414,35.8438071],[127.1275169,35.8440454],[127.1274629,35.8440787],[127.1273465,35.8441553],[127.1267862,35.8445168],[127.1264151,35.8447827],[127.1257163,35.8453384],[127.12568316666666,35.84540256666667],[127.12560260000001,35.8454847],[127.12546545000001,35.84551329999999],[127.1252882,35.845597],[127.1237482,35.8464335],[127.1233206,35.846632],[127.1231599,35.8466866],[127.12304365,35.84674185],[127.1229702,35.8467361],[127.1228957,35.8467457],[127.12276329341442,35.846772760582255],[127.1226,35.8467793]]}},{"type":"Feature","id":"osm-way-115952069","properties":{"osm_id":115952069,"highway":"service","name":null,"foot":null,"access":null,"surface":null,"source":"OpenStreetMap contributors","source_layer":"openstreetmap_campus_paths","effective_highway":"service","drivable":true,"vehicle_access":"unknown","campus_private_access":false,"oneway":false,"bidirectional":true,"routing_speed_kph":15,"routing_source":"jbnu_walking_path_vehicle_filter_v1"},"geometry":{"type":"LineString","coordinates":[[127.1338215,35.8490068],[127.1342268,35.8492487],[127.1345559,35.849458]]}},{"type":"Feature","id":"osm-way-115952683","properties":{"osm_id":115952683,"highway":"service","name":null,"foot":null,"access":null,"surface":null,"source":"OpenStreetMap contributors","source_layer":"openstreetmap_campus_paths","effective_highway":"service","drivable":true,"vehicle_access":"unknown","campus_private_access":false,"oneway":false,"bidirectional":true,"routing_speed_kph":15,"routing_source":"jbnu_walking_path_vehicle_filter_v1"},"geometry":{"type":"LineString","coordinates":[[127.129868,35.845342],[127.12986884320999,35.84529156561447]]}},{"type":"Feature","id":"osm-way-115952685","properties":{"osm_id":115952685,"highway":"service","name":null,"foot":null,"access":null,"surface":null,"source":"OpenStreetMap contributors","source_layer":"openstreetmap_campus_paths","effective_highway":"service","drivable":true,"vehicle_access":"unknown","campus_private_access":false,"oneway":false,"bidirectional":true,"routing_speed_kph":15,"routing_source":"jbnu_walking_path_vehicle_filter_v1"},"geometry":{"type":"LineString","coordinates":[[127.130795375,35.842806675000006],[127.13076,35.8427878],[127.13065684320699,35.84275127268046],[127.1305561,35.8427156],[127.1303051,35.8425696],[127.1300966,35.8424019],[127.1300644,35.8423494],[127.1299907,35.8422778]]}},{"type":"Feature","id":"osm-way-115952690","properties":{"osm_id":115952690,"highway":"service","name":null,"foot":null,"access":null,"surface":null,"source":"OpenStreetMap contributors","source_layer":"openstreetmap_campus_paths","effective_highway":"service","drivable":true,"vehicle_access":"unknown","campus_private_access":false,"oneway":false,"bidirectional":true,"routing_speed_kph":15,"routing_source":"jbnu_walking_path_vehicle_filter_v1"},"geometry":{"type":"LineString","coordinates":[[127.1357731,35.8457177],[127.1358846,35.8453074],[127.1355199,35.8452487]]}},{"type":"Feature","id":"osm-way-115952695","properties":{"osm_id":115952695,"highway":"service","name":null,"foot":null,"access":null,"surface":null,"source":"OpenStreetMap contributors","source_layer":"openstreetmap_campus_paths","effective_highway":"service","drivable":true,"vehicle_access":"unknown","campus_private_access":false,"oneway":false,"bidirectional":true,"routing_speed_kph":15,"routing_source":"jbnu_walking_path_vehicle_filter_v1"},"geometry":{"type":"LineString","coordinates":[[127.13667264121518,35.84620473815937],[127.1356867,35.8460348]]}},{"type":"Feature","id":"osm-way-115952696","properties":{"osm_id":115952696,"highway":"service","name":null,"foot":null,"access":null,"surface":null,"source":"OpenStreetMap contributors","source_layer":"openstreetmap_campus_paths","effective_highway":"service","drivable":true,"vehicle_access":"unknown","campus_private_access":false,"oneway":false,"bidirectional":true,"routing_speed_kph":15,"routing_source":"jbnu_walking_path_vehicle_filter_v1"},"geometry":{"type":"LineString","coordinates":[[127.1352274,35.8445416],[127.1356813,35.8444716],[127.1359763,35.844401],[127.1362103,35.8443933],[127.13630055,35.84441195],[127.1363715,35.8444584],[127.1364112,35.8445523],[127.1363884,35.8446535]]}},{"type":"Feature","id":"osm-way-115952700","properties":{"osm_id":115952700,"highway":"service","name":null,"foot":null,"access":null,"surface":null,"source":"OpenStreetMap contributors","source_layer":"openstreetmap_campus_paths","effective_highway":"service","drivable":true,"vehicle_access":"unknown","campus_private_access":false,"oneway":false,"bidirectional":true,"routing_speed_kph":15,"routing_source":"jbnu_walking_path_vehicle_filter_v1"},"geometry":{"type":"LineString","coordinates":[[127.1349841,35.8436043],[127.1354922,35.8435471]]}},{"type":"Feature","id":"osm-way-115952701","properties":{"osm_id":115952701,"highway":"service","name":null,"foot":null,"access":null,"surface":null,"source":"OpenStreetMap contributors","source_layer":"openstreetmap_campus_paths","effective_highway":"service","drivable":true,"vehicle_access":"unknown","campus_private_access":false,"oneway":false,"bidirectional":true,"routing_speed_kph":15,"routing_source":"jbnu_walking_path_vehicle_filter_v1"},"geometry":{"type":"LineString","coordinates":[[127.12829756329253,35.84367718808882],[127.1285661,35.8438756],[127.12868375,35.843746249999995],[127.1288223,35.8436476],[127.12859070056581,35.84347504462713]]}},{"type":"Feature","id":"osm-way-115952705","properties":{"osm_id":115952705,"highway":"service","name":null,"foot":null,"access":null,"surface":null,"source":"OpenStreetMap contributors","source_layer":"openstreetmap_campus_paths","effective_highway":"service","drivable":true,"vehicle_access":"unknown","campus_private_access":false,"oneway":false,"bidirectional":true,"routing_speed_kph":15,"routing_source":"jbnu_walking_path_vehicle_filter_v1"},"geometry":{"type":"LineString","coordinates":[[127.1285661,35.8438756],[127.1284365,35.8439989],[127.12815290587322,35.84377514804939]]}},{"type":"Feature","id":"osm-way-115952708","properties":{"osm_id":115952708,"highway":"service","name":null,"foot":null,"access":null,"surface":null,"source":"OpenStreetMap contributors","source_layer":"openstreetmap_campus_paths","effective_highway":"service","drivable":true,"vehicle_access":"unknown","campus_private_access":false,"oneway":false,"bidirectional":true,"routing_speed_kph":15,"routing_source":"jbnu_walking_path_vehicle_filter_v1"},"geometry":{"type":"LineString","coordinates":[[127.1336268,35.8437466],[127.133714,35.84379575],[127.13375264999999,35.84388335]]}},{"type":"Feature","id":"osm-way-115952709","properties":{"osm_id":115952709,"highway":"service","name":null,"foot":null,"access":null,"surface":null,"source":"OpenStreetMap contributors","source_layer":"openstreetmap_campus_paths","effective_highway":"service","drivable":true,"vehicle_access":"unknown","campus_private_access":false,"oneway":false,"bidirectional":true,"routing_speed_kph":15,"routing_source":"jbnu_walking_path_vehicle_filter_v1"},"geometry":{"type":"LineString","coordinates":[[127.1349564,35.8445785],[127.1350003,35.8448651],[127.1350858,35.8448511],[127.1351215,35.8450296],[127.1351466,35.8451244]]}},{"type":"Feature","id":"osm-way-115952711","properties":{"osm_id":115952711,"highway":"service","name":null,"foot":null,"access":null,"surface":null,"source":"OpenStreetMap contributors","source_layer":"openstreetmap_campus_paths","effective_highway":"service","drivable":true,"vehicle_access":"unknown","campus_private_access":false,"oneway":false,"bidirectional":true,"routing_speed_kph":15,"routing_source":"jbnu_walking_path_vehicle_filter_v1"},"geometry":{"type":"LineString","coordinates":[[127.13132,35.8489646],[127.1303398,35.8491582],[127.1303042,35.8492521],[127.1303442,35.8494068]]}},{"type":"Feature","id":"osm-way-115952716","properties":{"osm_id":115952716,"highway":"service","name":null,"foot":null,"access":null,"surface":null,"source":"OpenStreetMap contributors","source_layer":"openstreetmap_campus_paths","effective_highway":"service","drivable":true,"vehicle_access":"unknown","campus_private_access":false,"oneway":false,"bidirectional":true,"routing_speed_kph":15,"routing_source":"jbnu_walking_path_vehicle_filter_v1"},"geometry":{"type":"LineString","coordinates":[[127.1288223,35.8436476],[127.1289538,35.8435304],[127.12872236303352,35.84337995613872]]}},{"type":"Feature","id":"osm-way-115952717","properties":{"osm_id":115952717,"highway":"service","name":null,"foot":null,"access":null,"surface":null,"source":"OpenStreetMap contributors","source_layer":"openstreetmap_campus_paths","effective_highway":"service","drivable":true,"vehicle_access":"unknown","campus_private_access":false,"oneway":false,"bidirectional":true,"routing_speed_kph":15,"routing_source":"jbnu_walking_path_vehicle_filter_v1"},"geometry":{"type":"LineString","coordinates":[[127.13178935,35.846795125],[127.1321379,35.8468024],[127.1321322,35.8468903],[127.13178332500001,35.846876050000006]]}},{"type":"Feature","id":"osm-way-115952719","properties":{"osm_id":115952719,"highway":"service","name":null,"foot":null,"access":null,"surface":null,"source":"OpenStreetMap contributors","source_layer":"openstreetmap_campus_paths","effective_highway":"service","drivable":true,"vehicle_access":"unknown","campus_private_access":false,"oneway":false,"bidirectional":true,"routing_speed_kph":15,"routing_source":"jbnu_walking_path_vehicle_filter_v1"},"geometry":{"type":"LineString","coordinates":[[127.1301539,35.8463676],[127.1302256,35.8463992],[127.1304071,35.8465394],[127.13074971651452,35.8465114689601],[127.1309456,35.8464955]]}},{"type":"Feature","id":"osm-way-115952721","properties":{"osm_id":115952721,"highway":"service","name":null,"foot":null,"access":null,"surface":null,"source":"OpenStreetMap contributors","source_layer":"openstreetmap_campus_paths","effective_highway":"service","drivable":true,"vehicle_access":"unknown","campus_private_access":false,"oneway":false,"bidirectional":true,"routing_speed_kph":15,"routing_source":"jbnu_walking_path_vehicle_filter_v1"},"geometry":{"type":"LineString","coordinates":[[127.13017102500001,35.843975225],[127.1301181136426,35.843937969899414],[127.12912074078486,35.84323129684538],[127.1290729,35.8431974]]}},{"type":"Feature","id":"osm-way-115952723","properties":{"osm_id":115952723,"highway":"service","name":null,"foot":null,"access":null,"surface":null,"source":"OpenStreetMap contributors","source_layer":"openstreetmap_campus_paths","effective_highway":"service","drivable":true,"vehicle_access":"unknown","campus_private_access":false,"oneway":false,"bidirectional":true,"routing_speed_kph":15,"routing_source":"jbnu_walking_path_vehicle_filter_v1"},"geometry":{"type":"LineString","coordinates":[[127.1332998,35.8423518],[127.13333303053618,35.84256363684556],[127.1333529,35.8426903],[127.13301308388237,35.84272271020775],[127.13248429999999,35.842747133333326],[127.1324318,35.8427782],[127.1323349,35.8427646],[127.1315964,35.8428579]]}},{"type":"Feature","id":"osm-way-115952725","properties":{"osm_id":115952725,"highway":"service","name":null,"foot":null,"access":null,"surface":null,"source":"OpenStreetMap contributors","source_layer":"openstreetmap_campus_paths","effective_highway":"service","drivable":true,"vehicle_access":"unknown","campus_private_access":false,"oneway":false,"bidirectional":true,"routing_speed_kph":15,"routing_source":"jbnu_walking_path_vehicle_filter_v1"},"geometry":{"type":"LineString","coordinates":[[127.12868375,35.843746249999995],[127.1288365,35.8438878],[127.1285465,35.844138],[127.128528,35.8442649],[127.1286528,35.844361],[127.1287885,35.8444066],[127.1292245595296,35.84482958892569]]}},{"type":"Feature","id":"osm-way-115952729","properties":{"osm_id":115952729,"highway":"service","name":null,"foot":null,"access":null,"surface":null,"source":"OpenStreetMap contributors","source_layer":"openstreetmap_campus_paths","effective_highway":"service","drivable":true,"vehicle_access":"unknown","campus_private_access":false,"oneway":false,"bidirectional":true,"routing_speed_kph":15,"routing_source":"jbnu_walking_path_vehicle_filter_v1"},"geometry":{"type":"LineString","coordinates":[[127.1289015,35.8454004],[127.12890157252555,35.84535048183162]]}},{"type":"Feature","id":"osm-way-115952730","properties":{"osm_id":115952730,"highway":"service","name":null,"foot":null,"access":null,"surface":null,"source":"OpenStreetMap contributors","source_layer":"openstreetmap_campus_paths","effective_highway":"service","drivable":true,"vehicle_access":"unknown","campus_private_access":false,"oneway":false,"bidirectional":true,"routing_speed_kph":15,"routing_source":"jbnu_walking_path_vehicle_filter_v1"},"geometry":{"type":"LineString","coordinates":[[127.1314103,35.8491974],[127.1303442,35.8494068]]}},{"type":"Feature","id":"osm-way-115952734","properties":{"osm_id":115952734,"highway":"service","name":null,"foot":null,"access":null,"surface":null,"source":"OpenStreetMap contributors","source_layer":"openstreetmap_campus_paths","effective_highway":"service","drivable":true,"vehicle_access":"unknown","campus_private_access":false,"oneway":false,"bidirectional":true,"routing_speed_kph":15,"routing_source":"jbnu_walking_path_vehicle_filter_v1"},"geometry":{"type":"LineString","coordinates":[[127.1367623,35.8459011],[127.13667264121518,35.84620473815937]]}},{"type":"Feature","id":"osm-way-115952735","properties":{"osm_id":115952735,"highway":"service","name":null,"foot":null,"access":null,"surface":null,"source":"OpenStreetMap contributors","source_layer":"openstreetmap_campus_paths","effective_highway":"service","drivable":true,"vehicle_access":"unknown","campus_private_access":false,"oneway":false,"bidirectional":true,"routing_speed_kph":15,"routing_source":"jbnu_walking_path_vehicle_filter_v1"},"geometry":{"type":"LineString","coordinates":[[127.1313553,35.8477761],[127.1313669,35.8477213],[127.1313709,35.8476531]]}},{"type":"Feature","id":"osm-way-115952737","properties":{"osm_id":115952737,"highway":"service","name":null,"foot":null,"access":null,"surface":null,"source":"OpenStreetMap contributors","source_layer":"openstreetmap_campus_paths","effective_highway":"service","drivable":true,"vehicle_access":"unknown","campus_private_access":false,"oneway":false,"bidirectional":true,"routing_speed_kph":15,"routing_source":"jbnu_walking_path_vehicle_filter_v1"},"geometry":{"type":"LineString","coordinates":[[127.134666375,35.8468838],[127.1346843,35.8465698],[127.1346389,35.8465184]]}},{"type":"Feature","id":"osm-way-115952739","properties":{"osm_id":115952739,"highway":"service","name":null,"foot":null,"access":null,"surface":null,"source":"OpenStreetMap contributors","source_layer":"openstreetmap_campus_paths","effective_highway":"service","drivable":true,"vehicle_access":"unknown","campus_private_access":false,"oneway":false,"bidirectional":true,"routing_speed_kph":15,"routing_source":"jbnu_walking_path_vehicle_filter_v1"},"geometry":{"type":"LineString","coordinates":[[127.129374,35.8453689],[127.12934076666666,35.845321866666666],[127.12931527,35.845166469999995]]}},{"type":"Feature","id":"osm-way-115952741","properties":{"osm_id":115952741,"highway":"service","name":null,"foot":null,"access":null,"surface":null,"source":"OpenStreetMap contributors","source_layer":"openstreetmap_campus_paths","effective_highway":"service","drivable":true,"vehicle_access":"unknown","campus_private_access":false,"oneway":false,"bidirectional":true,"routing_speed_kph":15,"routing_source":"jbnu_walking_path_vehicle_filter_v1"},"geometry":{"type":"LineString","coordinates":[[127.1343209,35.8479112],[127.1343149,35.8480222],[127.1343027,35.848246],[127.1340743,35.8482468],[127.1340493,35.84841875],[127.1338664,35.8484318],[127.1332563,35.8484041]]}},{"type":"Feature","id":"osm-way-115953813","properties":{"osm_id":115953813,"highway":"tertiary_link","name":null,"foot":null,"access":null,"surface":"asphalt","source":"OpenStreetMap contributors","source_layer":"openstreetmap_campus_paths","effective_highway":"tertiary_link","drivable":true,"vehicle_access":"unknown","campus_private_access":false,"oneway":false,"bidirectional":true,"routing_speed_kph":25,"routing_source":"jbnu_walking_path_vehicle_filter_v1"},"geometry":{"type":"LineString","coordinates":[[127.1289359,35.8399121],[127.12887975000001,35.839843900000005],[127.1289308,35.8398127],[127.128974,35.83969265],[127.12900646666667,35.839634499999995],[127.128956,35.8395246],[127.1289259,35.8394763],[127.1289683,35.839431399999995]]}},{"type":"Feature","id":"osm-way-115953814","properties":{"osm_id":115953814,"highway":"tertiary_link","name":null,"foot":null,"access":null,"surface":"asphalt","source":"OpenStreetMap contributors","source_layer":"openstreetmap_campus_paths","effective_highway":"tertiary_link","drivable":true,"vehicle_access":"unknown","campus_private_access":false,"oneway":false,"bidirectional":true,"routing_speed_kph":25,"routing_source":"jbnu_walking_path_vehicle_filter_v1"},"geometry":{"type":"LineString","coordinates":[[127.1298902,35.8393444],[127.1299052,35.8394126],[127.1298554,35.8394645],[127.12984765,35.8395614],[127.1299367,35.8396818],[127.129904,35.8397571]]}},{"type":"Feature","id":"osm-way-115953819","properties":{"osm_id":115953819,"highway":"tertiary_link","name":null,"foot":null,"access":null,"surface":"asphalt","source":"OpenStreetMap contributors","source_layer":"openstreetmap_campus_paths","effective_highway":"tertiary_link","drivable":true,"vehicle_access":"unknown","campus_private_access":false,"oneway":false,"bidirectional":true,"routing_speed_kph":25,"routing_source":"jbnu_walking_path_vehicle_filter_v1"},"geometry":{"type":"LineString","coordinates":[[127.1291128,35.8393217],[127.1291623,35.8392867],[127.1293195,35.8393469],[127.1294156,35.839371],[127.1294791,35.8393522],[127.129598,35.8393295],[127.1297213,35.8393353]]}},{"type":"Feature","id":"osm-way-115953824","properties":{"osm_id":115953824,"highway":"service","name":null,"foot":null,"access":null,"surface":null,"source":"OpenStreetMap contributors","source_layer":"openstreetmap_campus_paths","effective_highway":"service","drivable":true,"vehicle_access":"unknown","campus_private_access":false,"oneway":false,"bidirectional":true,"routing_speed_kph":15,"routing_source":"jbnu_walking_path_vehicle_filter_v1"},"geometry":{"type":"LineString","coordinates":[[127.127501,35.840722099999994],[127.12867689999999,35.8398557]]}},{"type":"Feature","id":"osm-way-115953827","properties":{"osm_id":115953827,"highway":"tertiary_link","name":null,"foot":null,"access":null,"surface":"asphalt","source":"OpenStreetMap contributors","source_layer":"openstreetmap_campus_paths","effective_highway":"tertiary_link","drivable":true,"vehicle_access":"unknown","campus_private_access":false,"oneway":false,"bidirectional":true,"routing_speed_kph":25,"routing_source":"jbnu_walking_path_vehicle_filter_v1"},"geometry":{"type":"LineString","coordinates":[[127.1297165,35.8398536],[127.1296567,35.839940850000005],[127.1295526,35.8399067],[127.1294028,35.8398958],[127.1291805,35.8399434],[127.1291,35.8399214]]}},{"type":"Feature","id":"osm-way-116056065","properties":{"osm_id":116056065,"highway":"service","name":null,"foot":null,"access":null,"surface":null,"source":"OpenStreetMap contributors","source_layer":"openstreetmap_campus_paths","effective_highway":"service","drivable":true,"vehicle_access":"unknown","campus_private_access":false,"oneway":false,"bidirectional":true,"routing_speed_kph":15,"routing_source":"jbnu_walking_path_vehicle_filter_v1"},"geometry":{"type":"LineString","coordinates":[[127.1239376,35.8510552],[127.1237659,35.8511081]]}},{"type":"Feature","id":"osm-way-116056066","properties":{"osm_id":116056066,"highway":"service","name":null,"foot":null,"access":null,"surface":null,"source":"OpenStreetMap contributors","source_layer":"openstreetmap_campus_paths","effective_highway":"service","drivable":true,"vehicle_access":"unknown","campus_private_access":false,"oneway":false,"bidirectional":true,"routing_speed_kph":15,"routing_source":"jbnu_walking_path_vehicle_filter_v1"},"geometry":{"type":"LineString","coordinates":[[127.12803075,35.8504035],[127.12792189019456,35.85038510860245],[127.1278477,35.8503709]]}},{"type":"Feature","id":"osm-way-116056082","properties":{"osm_id":116056082,"highway":"service","name":null,"foot":null,"access":null,"surface":null,"source":"OpenStreetMap contributors","source_layer":"openstreetmap_campus_paths","effective_highway":"service","drivable":true,"vehicle_access":"unknown","campus_private_access":false,"oneway":false,"bidirectional":true,"routing_speed_kph":15,"routing_source":"jbnu_walking_path_vehicle_filter_v1"},"geometry":{"type":"LineString","coordinates":[[127.1273736,35.8513557],[127.127489,35.8509218]]}},{"type":"Feature","id":"osm-way-116056088","properties":{"osm_id":116056088,"highway":"service","name":null,"foot":null,"access":null,"surface":null,"source":"OpenStreetMap contributors","source_layer":"openstreetmap_campus_paths","effective_highway":"service","drivable":true,"vehicle_access":"unknown","campus_private_access":false,"oneway":false,"bidirectional":true,"routing_speed_kph":15,"routing_source":"jbnu_walking_path_vehicle_filter_v1"},"geometry":{"type":"LineString","coordinates":[[127.1266057,35.8501146],[127.1266068,35.8502475],[127.12660822535852,35.850428764878],[127.1266103,35.8506926],[127.1266059,35.8507928],[127.1265921,35.8511079],[127.1264886,35.8511775],[127.1267416,35.8512445],[127.12716,35.8513154],[127.1273736,35.8513557],[127.127542,35.8514264],[127.1276714,35.8515378],[127.1282367,35.8516489]]}},{"type":"Feature","id":"osm-way-116056093","properties":{"osm_id":116056093,"highway":"service","name":null,"foot":null,"access":null,"surface":null,"source":"OpenStreetMap contributors","source_layer":"openstreetmap_campus_paths","effective_highway":"service","drivable":true,"vehicle_access":"unknown","campus_private_access":false,"oneway":false,"bidirectional":true,"routing_speed_kph":15,"routing_source":"jbnu_walking_path_vehicle_filter_v1"},"geometry":{"type":"LineString","coordinates":[[127.1278083,35.8505216],[127.1278477,35.8503709],[127.1278661,35.850261],[127.1275629,35.8502065]]}},{"type":"Feature","id":"osm-way-116056094","properties":{"osm_id":116056094,"highway":"service","name":null,"foot":null,"access":null,"surface":null,"source":"OpenStreetMap contributors","source_layer":"openstreetmap_campus_paths","effective_highway":"service","drivable":true,"vehicle_access":"unknown","campus_private_access":false,"oneway":false,"bidirectional":true,"routing_speed_kph":15,"routing_source":"jbnu_walking_path_vehicle_filter_v1"},"geometry":{"type":"LineString","coordinates":[[127.1282367,35.8516489],[127.128358,35.851252],[127.1283848,35.8512081],[127.12878746973747,35.85128092325039],[127.12906302869563,35.85133320577386]]}},{"type":"Feature","id":"osm-way-116056096","properties":{"osm_id":116056096,"highway":"service","name":null,"foot":null,"access":null,"surface":null,"source":"OpenStreetMap contributors","source_layer":"openstreetmap_campus_paths","effective_highway":"service","drivable":true,"vehicle_access":"unknown","campus_private_access":false,"oneway":false,"bidirectional":true,"routing_speed_kph":15,"routing_source":"jbnu_walking_path_vehicle_filter_v1"},"geometry":{"type":"LineString","coordinates":[[127.1233541,35.8503093],[127.1237104,35.85054],[127.1238316,35.8506411],[127.1239376,35.8510552],[127.1239973,35.8511569],[127.1240397,35.85124],[127.1243951,35.8513558],[127.1247133,35.8514648],[127.1249434,35.851582050000005],[127.1252268,35.8516915],[127.1253636,35.8516916],[127.1255761,35.8518448],[127.1257832,35.8518526],[127.12603276666665,35.851653733333336]]}},{"type":"Feature","id":"osm-way-116056099","properties":{"osm_id":116056099,"highway":"service","name":null,"foot":null,"access":null,"surface":null,"source":"OpenStreetMap contributors","source_layer":"openstreetmap_campus_paths","effective_highway":"service","drivable":true,"vehicle_access":"unknown","campus_private_access":false,"oneway":false,"bidirectional":true,"routing_speed_kph":15,"routing_source":"jbnu_walking_path_vehicle_filter_v1"},"geometry":{"type":"LineString","coordinates":[[127.1253636,35.8516916],[127.1253186,35.8515467],[127.1252343,35.8513224],[127.1250889,35.851045],[127.12490082543681,35.85083212875499],[127.1246799,35.8505149],[127.1247225,35.85043],[127.1251049,35.8502945],[127.1251133,35.8500616]]}},{"type":"Feature","id":"osm-way-116056104","properties":{"osm_id":116056104,"highway":"service","name":null,"foot":null,"access":null,"surface":null,"source":"OpenStreetMap contributors","source_layer":"openstreetmap_campus_paths","effective_highway":"service","drivable":true,"vehicle_access":"unknown","campus_private_access":false,"oneway":false,"bidirectional":true,"routing_speed_kph":15,"routing_source":"jbnu_walking_path_vehicle_filter_v1"},"geometry":{"type":"LineString","coordinates":[[127.1264886,35.8511775],[127.1261666,35.8511208],[127.1260202,35.8511039]]}},{"type":"Feature","id":"osm-way-116056106","properties":{"osm_id":116056106,"highway":"service","name":"조경단로","foot":null,"access":null,"surface":null,"source":"OpenStreetMap contributors","source_layer":"openstreetmap_campus_paths","effective_highway":"service","drivable":true,"vehicle_access":"unknown","campus_private_access":false,"oneway":false,"bidirectional":true,"routing_speed_kph":15,"routing_source":"jbnu_walking_path_vehicle_filter_v1"},"geometry":{"type":"LineString","coordinates":[[127.1334191,35.8524471],[127.13331740000001,35.8525165],[127.13129006666668,35.851885599999996]]}},{"type":"Feature","id":"osm-way-116056110","properties":{"osm_id":116056110,"highway":"service","name":null,"foot":null,"access":null,"surface":null,"source":"OpenStreetMap contributors","source_layer":"openstreetmap_campus_paths","effective_highway":"service","drivable":true,"vehicle_access":"unknown","campus_private_access":false,"oneway":false,"bidirectional":true,"routing_speed_kph":15,"routing_source":"jbnu_walking_path_vehicle_filter_v1"},"geometry":{"type":"LineString","coordinates":[[127.1281108,35.8499884],[127.1280931,35.8500662],[127.12803075,35.8504035],[127.1279705,35.8505315],[127.1278083,35.8505216],[127.1276851,35.8505438],[127.1275217,35.8504405],[127.1275629,35.8502065]]}},{"type":"Feature","id":"osm-way-116056112","properties":{"osm_id":116056112,"highway":"service","name":null,"foot":null,"access":null,"surface":null,"source":"OpenStreetMap contributors","source_layer":"openstreetmap_campus_paths","effective_highway":"service","drivable":true,"vehicle_access":"unknown","campus_private_access":false,"oneway":false,"bidirectional":true,"routing_speed_kph":15,"routing_source":"jbnu_walking_path_vehicle_filter_v1"},"geometry":{"type":"LineString","coordinates":[[127.1260202,35.8511039],[127.1261649,35.8513091],[127.1262852,35.8513872],[127.1265386,35.8514973],[127.1267078,35.8515255],[127.1265386,35.8514973]]}},{"type":"Feature","id":"osm-way-116056117","properties":{"osm_id":116056117,"highway":"service","name":null,"foot":null,"access":null,"surface":null,"source":"OpenStreetMap contributors","source_layer":"openstreetmap_campus_paths","effective_highway":"service","drivable":true,"vehicle_access":"unknown","campus_private_access":false,"oneway":false,"bidirectional":true,"routing_speed_kph":15,"routing_source":"jbnu_walking_path_vehicle_filter_v1"},"geometry":{"type":"LineString","coordinates":[[127.1264886,35.8511775],[127.1262852,35.8513872]]}},{"type":"Feature","id":"osm-way-116056236","properties":{"osm_id":116056236,"highway":"residential","name":null,"foot":null,"access":null,"surface":"asphalt","source":"OpenStreetMap contributors","source_layer":"openstreetmap_campus_paths","effective_highway":"residential","drivable":true,"vehicle_access":"unknown","campus_private_access":false,"oneway":false,"bidirectional":true,"routing_speed_kph":20,"routing_source":"jbnu_walking_path_vehicle_filter_v1"},"geometry":{"type":"LineString","coordinates":[[127.12532850000001,35.85009156666666],[127.12530915,35.849982350000005],[127.1253563972828,35.84984123283519],[127.12547260000001,35.8494016],[127.1257581,35.848306449999995],[127.125805,35.8482148],[127.1258073,35.8481096],[127.1257648,35.8480227],[127.1256871,35.8479613],[127.1256064,35.8479228],[127.1254689,35.8479093],[127.1254143,35.84790098333333],[127.1244139,35.8477936],[127.1242398,35.84774],[127.12411134999999,35.84762165],[127.1240153,35.8475396],[127.1239986,35.8474253],[127.1239789,35.847254],[127.1238981,35.8470986],[127.1238251,35.8470516],[127.1236917,35.84703625],[127.12352770000001,35.84700235],[127.1232216,35.8470129],[127.12309872480895,35.847023712636556],[127.1230016,35.8470308],[127.1229273,35.8470268],[127.1228717,35.8470299],[127.1227756,35.847009],[127.1226836,35.8469643],[127.12263525,35.84690075],[127.1225645,35.8468565]]}},{"type":"Feature","id":"osm-way-116894922","properties":{"osm_id":116894922,"highway":"residential","name":"금암5길","foot":null,"access":null,"surface":null,"source":"OpenStreetMap contributors","source_layer":"openstreetmap_campus_paths","effective_highway":"residential","drivable":true,"vehicle_access":"unknown","campus_private_access":false,"oneway":false,"bidirectional":true,"routing_speed_kph":20,"routing_source":"jbnu_walking_path_vehicle_filter_v1"},"geometry":{"type":"LineString","coordinates":[[127.1352801,35.8399291],[127.1359818,35.8401247],[127.1362447,35.8401995]]}},{"type":"Feature","id":"osm-way-116895299","properties":{"osm_id":116895299,"highway":"service","name":null,"foot":null,"access":null,"surface":null,"source":"OpenStreetMap contributors","source_layer":"openstreetmap_campus_paths","effective_highway":"service","drivable":true,"vehicle_access":"unknown","campus_private_access":false,"oneway":false,"bidirectional":true,"routing_speed_kph":15,"routing_source":"jbnu_walking_path_vehicle_filter_v1"},"geometry":{"type":"LineString","coordinates":[[127.1238656,35.8441203],[127.12379075,35.8441665],[127.1236213,35.8443583],[127.12405703068303,35.84474031538327]]}},{"type":"Feature","id":"osm-way-117908737","properties":{"osm_id":117908737,"highway":"service","name":null,"foot":null,"access":null,"surface":null,"source":"OpenStreetMap contributors","source_layer":"openstreetmap_campus_paths","effective_highway":"service","drivable":true,"vehicle_access":"unknown","campus_private_access":false,"oneway":false,"bidirectional":true,"routing_speed_kph":15,"routing_source":"jbnu_walking_path_vehicle_filter_v1"},"geometry":{"type":"LineString","coordinates":[[127.1359258,35.84411565],[127.13594352,35.84418248],[127.1359763,35.844401]]}},{"type":"Feature","id":"osm-way-117912014","properties":{"osm_id":117912014,"highway":"service","name":null,"foot":null,"access":null,"surface":null,"source":"OpenStreetMap contributors","source_layer":"openstreetmap_campus_paths","effective_highway":"service","drivable":true,"vehicle_access":"unknown","campus_private_access":false,"oneway":false,"bidirectional":true,"routing_speed_kph":15,"routing_source":"jbnu_walking_path_vehicle_filter_v1"},"geometry":{"type":"LineString","coordinates":[[127.1260765,35.8498732],[127.12610112629643,35.84966891808428],[127.12628650000002,35.8496836]]}},{"type":"Feature","id":"osm-way-117912018","properties":{"osm_id":117912018,"highway":"service","name":null,"foot":null,"access":null,"surface":null,"source":"OpenStreetMap contributors","source_layer":"openstreetmap_campus_paths","effective_highway":"service","drivable":true,"vehicle_access":"unknown","campus_private_access":false,"oneway":false,"bidirectional":true,"routing_speed_kph":15,"routing_source":"jbnu_walking_path_vehicle_filter_v1"},"geometry":{"type":"LineString","coordinates":[[127.1290314,35.8514387],[127.1293338,35.8515056]]}},{"type":"Feature","id":"osm-way-117912019","properties":{"osm_id":117912019,"highway":"service","name":null,"foot":null,"access":null,"surface":null,"source":"OpenStreetMap contributors","source_layer":"openstreetmap_campus_paths","effective_highway":"service","drivable":true,"vehicle_access":"unknown","campus_private_access":false,"oneway":false,"bidirectional":true,"routing_speed_kph":15,"routing_source":"jbnu_walking_path_vehicle_filter_v1"},"geometry":{"type":"LineString","coordinates":[[127.1288444,35.8518254],[127.1288909,35.8516612],[127.1289696,35.8516803],[127.1290314,35.8514387],[127.12906302869563,35.85133320577386],[127.1291122,35.8511692],[127.1291151,35.8510815],[127.1290681,35.851014],[127.1289986,35.8509226],[127.1289658,35.8508142],[127.1290288,35.8507396]]}},{"type":"Feature","id":"osm-way-117912023","properties":{"osm_id":117912023,"highway":"service","name":null,"foot":null,"access":null,"surface":null,"source":"OpenStreetMap contributors","source_layer":"openstreetmap_campus_paths","effective_highway":"service","drivable":true,"vehicle_access":"unknown","campus_private_access":false,"oneway":false,"bidirectional":true,"routing_speed_kph":15,"routing_source":"jbnu_walking_path_vehicle_filter_v1"},"geometry":{"type":"LineString","coordinates":[[127.1262806,35.8498715],[127.12628650000002,35.8496836],[127.12610112629643,35.84966891808428]]}},{"type":"Feature","id":"osm-way-117912024","properties":{"osm_id":117912024,"highway":"service","name":null,"foot":null,"access":null,"surface":null,"source":"OpenStreetMap contributors","source_layer":"openstreetmap_campus_paths","effective_highway":"service","drivable":true,"vehicle_access":"unknown","campus_private_access":false,"oneway":false,"bidirectional":true,"routing_speed_kph":15,"routing_source":"jbnu_walking_path_vehicle_filter_v1"},"geometry":{"type":"LineString","coordinates":[[127.1253563972828,35.84984123283519],[127.12545715213089,35.849840676492526],[127.1260765,35.8498732],[127.1262806,35.8498715],[127.1264736,35.8498727]]}},{"type":"Feature","id":"osm-way-118005781","properties":{"osm_id":118005781,"highway":"service","name":null,"foot":null,"access":null,"surface":null,"source":"OpenStreetMap contributors","source_layer":"openstreetmap_campus_paths","effective_highway":"service","drivable":true,"vehicle_access":"unknown","campus_private_access":false,"oneway":false,"bidirectional":true,"routing_speed_kph":15,"routing_source":"jbnu_walking_path_vehicle_filter_v1"},"geometry":{"type":"LineString","coordinates":[[127.1317313,35.8410906],[127.1317246,35.8410319],[127.13166505000001,35.8410088],[127.1315998,35.8410091],[127.1314641,35.8410264]]}},{"type":"Feature","id":"osm-way-118005789","properties":{"osm_id":118005789,"highway":"service","name":"권삼득로","foot":null,"access":null,"surface":"asphalt","source":"OpenStreetMap contributors","source_layer":"openstreetmap_campus_paths","effective_highway":"service","drivable":true,"vehicle_access":"unknown","campus_private_access":false,"oneway":false,"bidirectional":true,"routing_speed_kph":15,"routing_source":"jbnu_walking_path_vehicle_filter_v1"},"geometry":{"type":"LineString","coordinates":[[127.1323053,35.8406191],[127.132262,35.8406833],[127.1321802,35.8406758],[127.1321156,35.8407105],[127.1320287,35.8407235],[127.1319432,35.8408093]]}},{"type":"Feature","id":"osm-way-124702971","properties":{"osm_id":124702971,"highway":"living_street","name":"명륜3길","foot":null,"access":null,"surface":null,"source":"OpenStreetMap contributors","source_layer":"openstreetmap_campus_paths","effective_highway":"living_street","drivable":true,"vehicle_access":"unknown","campus_private_access":false,"oneway":false,"bidirectional":true,"routing_speed_kph":15,"routing_source":"jbnu_walking_path_vehicle_filter_v1"},"geometry":{"type":"LineString","coordinates":[[127.126724,35.8416494],[127.12681022000001,35.84172876],[127.1274552,35.8422774],[127.1280128,35.8427516],[127.1283561,35.8429994],[127.1286115,35.843201],[127.1287013,35.8432553]]}},{"type":"Feature","id":"osm-way-229731315","properties":{"osm_id":229731315,"highway":"service","name":null,"foot":null,"access":null,"surface":null,"source":"OpenStreetMap contributors","source_layer":"openstreetmap_campus_paths","effective_highway":"service","drivable":true,"vehicle_access":"unknown","campus_private_access":false,"oneway":false,"bidirectional":true,"routing_speed_kph":15,"routing_source":"jbnu_walking_path_vehicle_filter_v1"},"geometry":{"type":"LineString","coordinates":[[127.140598,35.8492507],[127.1400172,35.8490829],[127.13906889087146,35.848813836496475],[127.13888943612334,35.84876346232122],[127.1382903,35.8485953],[127.138053,35.8485285],[127.137197,35.8483007],[127.1369226,35.8482557],[127.1366561,35.8481811],[127.1365076,35.8481353],[127.13645215,35.848088950000005],[127.1363735,35.8480993],[127.1362449,35.8480608],[127.1360995,35.8480179],[127.1359451,35.847961749999996]]}},{"type":"Feature","id":"osm-way-231042474","properties":{"osm_id":231042474,"highway":"service","name":null,"foot":null,"access":null,"surface":null,"source":"OpenStreetMap contributors","source_layer":"openstreetmap_campus_paths","effective_highway":"service","drivable":true,"vehicle_access":"unknown","campus_private_access":false,"oneway":false,"bidirectional":true,"routing_speed_kph":15,"routing_source":"jbnu_walking_path_vehicle_filter_v1"},"geometry":{"type":"LineString","coordinates":[[127.13767575,35.845642325],[127.13696454000001,35.8471595],[127.1369178,35.8472683],[127.136534,35.8480881],[127.1365076,35.8481353]]}},{"type":"Feature","id":"osm-way-231049010","properties":{"osm_id":231049010,"highway":"service","name":null,"foot":null,"access":null,"surface":null,"source":"OpenStreetMap contributors","source_layer":"openstreetmap_campus_paths","effective_highway":"service","drivable":true,"vehicle_access":"unknown","campus_private_access":false,"oneway":false,"bidirectional":true,"routing_speed_kph":15,"routing_source":"jbnu_walking_path_vehicle_filter_v1"},"geometry":{"type":"LineString","coordinates":[[127.141413,35.8484979],[127.1405915,35.848255],[127.14033483271679,35.84817649130291],[127.1401253,35.8481124],[127.1394615,35.8479174]]}},{"type":"Feature","id":"osm-way-231049101","properties":{"osm_id":231049101,"highway":"service","name":null,"foot":null,"access":null,"surface":null,"source":"OpenStreetMap contributors","source_layer":"openstreetmap_campus_paths","effective_highway":"service","drivable":true,"vehicle_access":"unknown","campus_private_access":false,"oneway":false,"bidirectional":true,"routing_speed_kph":15,"routing_source":"jbnu_walking_path_vehicle_filter_v1"},"geometry":{"type":"LineString","coordinates":[[127.1383675,35.8443983],[127.13843295,35.84444415],[127.1394983,35.8447452]]}},{"type":"Feature","id":"osm-way-231158616","properties":{"osm_id":231158616,"highway":"living_street","name":"건지1길","foot":null,"access":null,"surface":null,"source":"OpenStreetMap contributors","source_layer":"openstreetmap_campus_paths","effective_highway":"living_street","drivable":true,"vehicle_access":"unknown","campus_private_access":false,"oneway":false,"bidirectional":true,"routing_speed_kph":15,"routing_source":"jbnu_walking_path_vehicle_filter_v1"},"geometry":{"type":"LineString","coordinates":[[127.1386411,35.8437968],[127.1387125,35.8438249],[127.1397183,35.8441148],[127.14047200353514,35.84435503365945]]}},{"type":"Feature","id":"osm-way-231158640","properties":{"osm_id":231158640,"highway":"service","name":null,"foot":null,"access":null,"surface":null,"source":"OpenStreetMap contributors","source_layer":"openstreetmap_campus_paths","effective_highway":"service","drivable":true,"vehicle_access":"unknown","campus_private_access":false,"oneway":false,"bidirectional":true,"routing_speed_kph":15,"routing_source":"jbnu_walking_path_vehicle_filter_v1"},"geometry":{"type":"LineString","coordinates":[[127.1379649,35.8476712],[127.138024,35.8475397],[127.1380668,35.8474444],[127.1381318,35.8472957]]}},{"type":"Feature","id":"osm-way-239700243","properties":{"osm_id":239700243,"highway":"service","name":null,"foot":null,"access":null,"surface":null,"source":"OpenStreetMap contributors","source_layer":"openstreetmap_campus_paths","effective_highway":"service","drivable":true,"vehicle_access":"unknown","campus_private_access":false,"oneway":false,"bidirectional":true,"routing_speed_kph":15,"routing_source":"jbnu_walking_path_vehicle_filter_v1"},"geometry":{"type":"LineString","coordinates":[[127.1377365,35.8445669],[127.1377113,35.8446384],[127.1375931,35.8449738],[127.1376218,35.845115],[127.1375873,35.8453124],[127.1375468,35.8454801],[127.1374949,35.8456606],[127.1373069,35.8459986],[127.1371076,35.8463409]]}},{"type":"Feature","id":"osm-way-258035375","properties":{"osm_id":258035375,"highway":"service","name":null,"foot":null,"access":null,"surface":null,"source":"OpenStreetMap contributors","source_layer":"openstreetmap_campus_paths","effective_highway":"service","drivable":true,"vehicle_access":"unknown","campus_private_access":false,"oneway":false,"bidirectional":true,"routing_speed_kph":15,"routing_source":"jbnu_walking_path_vehicle_filter_v1"},"geometry":{"type":"LineString","coordinates":[[127.13825756892948,35.844909223692376],[127.1382216,35.8453953],[127.1384164,35.8454486],[127.1393011,35.8456949]]}},{"type":"Feature","id":"osm-way-288296550","properties":{"osm_id":288296550,"highway":"service","name":null,"foot":null,"access":null,"surface":null,"source":"OpenStreetMap contributors","source_layer":"openstreetmap_campus_paths","effective_highway":"service","drivable":true,"vehicle_access":"unknown","campus_private_access":false,"oneway":false,"bidirectional":true,"routing_speed_kph":15,"routing_source":"jbnu_walking_path_vehicle_filter_v1"},"geometry":{"type":"LineString","coordinates":[[127.1254093061137,35.84274863863661],[127.1253584,35.8426536]]}},{"type":"Feature","id":"osm-way-362878970","properties":{"osm_id":362878970,"highway":"service","name":null,"foot":null,"access":null,"surface":null,"source":"OpenStreetMap contributors","source_layer":"openstreetmap_campus_paths","effective_highway":"service","drivable":true,"vehicle_access":"unknown","campus_private_access":false,"oneway":false,"bidirectional":true,"routing_speed_kph":15,"routing_source":"jbnu_walking_path_vehicle_filter_v1"},"geometry":{"type":"LineString","coordinates":[[127.1388853,35.8470401],[127.1389031,35.8468953],[127.1390248,35.8466397],[127.1399152,35.8469005]]}},{"type":"Feature","id":"osm-way-362878973","properties":{"osm_id":362878973,"highway":"service","name":null,"foot":null,"access":null,"surface":null,"source":"OpenStreetMap contributors","source_layer":"openstreetmap_campus_paths","effective_highway":"service","drivable":true,"vehicle_access":"unknown","campus_private_access":false,"oneway":false,"bidirectional":true,"routing_speed_kph":15,"routing_source":"jbnu_walking_path_vehicle_filter_v1"},"geometry":{"type":"LineString","coordinates":[[127.13852949883422,35.84782316703328],[127.1389774,35.8479467],[127.1391843,35.8480078],[127.1393965,35.8480681]]}},{"type":"Feature","id":"osm-way-470940567","properties":{"osm_id":470940567,"highway":"service","name":null,"foot":null,"access":null,"surface":null,"source":"OpenStreetMap contributors","source_layer":"openstreetmap_campus_paths","effective_highway":"service","drivable":true,"vehicle_access":"unknown","campus_private_access":false,"oneway":false,"bidirectional":true,"routing_speed_kph":15,"routing_source":"jbnu_walking_path_vehicle_filter_v1"},"geometry":{"type":"LineString","coordinates":[[127.1272123,35.8494671],[127.127312275,35.84926525],[127.1274294,35.848728],[127.1274837,35.8485477],[127.1275023,35.8484934]]}},{"type":"Feature","id":"osm-way-470941639","properties":{"osm_id":470941639,"highway":"service","name":"건지대로","foot":null,"access":null,"surface":null,"source":"OpenStreetMap contributors","source_layer":"openstreetmap_campus_paths","effective_highway":"service","drivable":true,"vehicle_access":"unknown","campus_private_access":false,"oneway":false,"bidirectional":true,"routing_speed_kph":15,"routing_source":"jbnu_walking_path_vehicle_filter_v1"},"geometry":{"type":"LineString","coordinates":[[127.12961742499999,35.846346675],[127.12981193333333,35.846341966666664],[127.1299787,35.8462859],[127.1300786,35.846246],[127.1301451,35.8461924],[127.13019353333334,35.846114633333336],[127.1302321,35.8460216],[127.1302882,35.8459511]]}},{"type":"Feature","id":"osm-way-470941640","properties":{"osm_id":470941640,"highway":"service","name":"건지대로","foot":null,"access":null,"surface":null,"source":"OpenStreetMap contributors","source_layer":"openstreetmap_campus_paths","effective_highway":"service","drivable":true,"vehicle_access":"unknown","campus_private_access":false,"oneway":false,"bidirectional":true,"routing_speed_kph":15,"routing_source":"jbnu_walking_path_vehicle_filter_v1"},"geometry":{"type":"LineString","coordinates":[[127.1302882,35.8459511],[127.1303017,35.8460142],[127.1302739,35.8461151],[127.1302581,35.8461727],[127.1302016,35.8462967],[127.1301539,35.8463676],[127.13005283333332,35.84653956666667],[127.12992865,35.84666795]]}},{"type":"Feature","id":"osm-way-470941641","properties":{"osm_id":470941641,"highway":"service","name":"중도로","foot":null,"access":null,"surface":null,"source":"OpenStreetMap contributors","source_layer":"openstreetmap_campus_paths","effective_highway":"service","drivable":true,"vehicle_access":"unknown","campus_private_access":false,"oneway":false,"bidirectional":true,"routing_speed_kph":15,"routing_source":"jbnu_walking_path_vehicle_filter_v1"},"geometry":{"type":"LineString","coordinates":[[127.12988295000001,35.84692835],[127.1299483,35.84706395],[127.12995492499999,35.847232149999996]]}},{"type":"Feature","id":"osm-way-471376689","properties":{"osm_id":471376689,"highway":"service","name":null,"foot":null,"access":null,"surface":null,"source":"OpenStreetMap contributors","source_layer":"openstreetmap_campus_paths","effective_highway":"service","drivable":true,"vehicle_access":"unknown","campus_private_access":false,"oneway":false,"bidirectional":true,"routing_speed_kph":15,"routing_source":"jbnu_walking_path_vehicle_filter_v1"},"geometry":{"type":"LineString","coordinates":[[127.13398155,35.846294449999995],[127.1340464,35.8462487],[127.1341806,35.8461767],[127.13425985927887,35.84618259697031],[127.13444860397244,35.84618935666398],[127.1346595,35.8461961],[127.134656025,35.846319525],[127.1346389,35.8465184]]}},{"type":"Feature","id":"osm-way-471376690","properties":{"osm_id":471376690,"highway":"service","name":null,"foot":null,"access":null,"surface":null,"source":"OpenStreetMap contributors","source_layer":"openstreetmap_campus_paths","effective_highway":"service","drivable":true,"vehicle_access":"unknown","campus_private_access":false,"oneway":false,"bidirectional":true,"routing_speed_kph":15,"routing_source":"jbnu_walking_path_vehicle_filter_v1"},"geometry":{"type":"LineString","coordinates":[[127.1342332,35.8466243],[127.1342353,35.8465049],[127.13425985927887,35.84618259697031]]}},{"type":"Feature","id":"osm-way-471376691","properties":{"osm_id":471376691,"highway":"service","name":null,"foot":null,"access":null,"surface":null,"source":"OpenStreetMap contributors","source_layer":"openstreetmap_campus_paths","effective_highway":"service","drivable":true,"vehicle_access":"unknown","campus_private_access":false,"oneway":false,"bidirectional":true,"routing_speed_kph":15,"routing_source":"jbnu_walking_path_vehicle_filter_v1"},"geometry":{"type":"LineString","coordinates":[[127.13441523333334,35.84663123333333],[127.1344341,35.8465087],[127.13444860397244,35.84618935666398]]}},{"type":"Feature","id":"osm-way-471376692","properties":{"osm_id":471376692,"highway":"service","name":null,"foot":null,"access":null,"surface":null,"source":"OpenStreetMap contributors","source_layer":"openstreetmap_campus_paths","effective_highway":"service","drivable":true,"vehicle_access":"unknown","campus_private_access":false,"oneway":false,"bidirectional":true,"routing_speed_kph":15,"routing_source":"jbnu_walking_path_vehicle_filter_v1"},"geometry":{"type":"LineString","coordinates":[[127.13403579654994,35.84649829274887],[127.1340464,35.8462487]]}},{"type":"Feature","id":"osm-way-471394523","properties":{"osm_id":471394523,"highway":"service","name":null,"foot":null,"access":null,"surface":null,"source":"OpenStreetMap contributors","source_layer":"openstreetmap_campus_paths","effective_highway":"service","drivable":true,"vehicle_access":"unknown","campus_private_access":false,"oneway":false,"bidirectional":true,"routing_speed_kph":15,"routing_source":"jbnu_walking_path_vehicle_filter_v1"},"geometry":{"type":"LineString","coordinates":[[127.1338701,35.8455800625],[127.133724,35.8456217],[127.1336506,35.8457398],[127.1335305,35.8459124],[127.1333875,35.8459875],[127.1332069,35.8459967],[127.1330674,35.845957],[127.1328829,35.8458235],[127.1328463,35.8457635],[127.1327384,35.8457148],[127.1327909,35.8455502],[127.1328301,35.8454373]]}},{"type":"Feature","id":"osm-way-471402128","properties":{"osm_id":471402128,"highway":"service","name":null,"foot":null,"access":null,"surface":null,"source":"OpenStreetMap contributors","source_layer":"openstreetmap_campus_paths","effective_highway":"service","drivable":true,"vehicle_access":"unknown","campus_private_access":false,"oneway":false,"bidirectional":true,"routing_speed_kph":15,"routing_source":"jbnu_walking_path_vehicle_filter_v1"},"geometry":{"type":"LineString","coordinates":[[127.1275023,35.8484934],[127.12768198597858,35.84846594012377],[127.12869994185213,35.84830857872299],[127.1288984,35.8482786],[127.128982,35.8482528]]}},{"type":"Feature","id":"osm-way-471464166","properties":{"osm_id":471464166,"highway":"tertiary_link","name":null,"foot":null,"access":null,"surface":null,"source":"OpenStreetMap contributors","source_layer":"openstreetmap_campus_paths","effective_highway":"tertiary_link","drivable":true,"vehicle_access":"unknown","campus_private_access":false,"oneway":false,"bidirectional":true,"routing_speed_kph":25,"routing_source":"jbnu_walking_path_vehicle_filter_v1"},"geometry":{"type":"LineString","coordinates":[[127.1362785,35.8483443],[127.1364538,35.848245]]}},{"type":"Feature","id":"osm-way-471464168","properties":{"osm_id":471464168,"highway":"tertiary_link","name":"조경단로","foot":null,"access":null,"surface":null,"source":"OpenStreetMap contributors","source_layer":"openstreetmap_campus_paths","effective_highway":"tertiary_link","drivable":true,"vehicle_access":"unknown","campus_private_access":false,"oneway":false,"bidirectional":true,"routing_speed_kph":25,"routing_source":"jbnu_walking_path_vehicle_filter_v1"},"geometry":{"type":"LineString","coordinates":[[127.1364538,35.848245],[127.1364997,35.8483129],[127.1365841,35.8484297],[127.1365567,35.8485195],[127.136346,35.8489687],[127.1360534,35.84957103333333],[127.1359669,35.8497459],[127.1357749,35.8500212],[127.13568795,35.850021]]}},{"type":"Feature","id":"osm-way-472635972","properties":{"osm_id":472635972,"highway":"service","name":null,"foot":null,"access":null,"surface":null,"source":"OpenStreetMap contributors","source_layer":"openstreetmap_campus_paths","effective_highway":"service","drivable":true,"vehicle_access":"unknown","campus_private_access":false,"oneway":false,"bidirectional":true,"routing_speed_kph":15,"routing_source":"jbnu_walking_path_vehicle_filter_v1"},"geometry":{"type":"LineString","coordinates":[[127.1268596,35.8455304],[127.1268536,35.8454735],[127.1269348,35.8452193],[127.1269641,35.8451024],[127.1270031,35.84499085],[127.1266782544232,35.84487921698499],[127.1265903,35.8448726]]}},{"type":"Feature","id":"osm-way-472635976","properties":{"osm_id":472635976,"highway":"service","name":null,"foot":null,"access":null,"surface":null,"source":"OpenStreetMap contributors","source_layer":"openstreetmap_campus_paths","effective_highway":"service","drivable":true,"vehicle_access":"unknown","campus_private_access":false,"oneway":false,"bidirectional":true,"routing_speed_kph":15,"routing_source":"jbnu_walking_path_vehicle_filter_v1"},"geometry":{"type":"LineString","coordinates":[[127.1256894,35.845608],[127.1256634,35.8455343],[127.12560260000001,35.8454847],[127.12553,35.8454758],[127.12546545000001,35.84551329999999]]}},{"type":"Feature","id":"osm-way-472635988","properties":{"osm_id":472635988,"highway":"service","name":null,"foot":null,"access":null,"surface":null,"source":"OpenStreetMap contributors","source_layer":"openstreetmap_campus_paths","effective_highway":"service","drivable":true,"vehicle_access":"unknown","campus_private_access":false,"oneway":false,"bidirectional":true,"routing_speed_kph":15,"routing_source":"jbnu_walking_path_vehicle_filter_v1"},"geometry":{"type":"LineString","coordinates":[[127.1259941,35.84620683333333],[127.12583132039902,35.84652582693512],[127.1257782,35.8466515],[127.1255071,35.8473101],[127.1267575,35.8476091],[127.1267083,35.847759],[127.1268075,35.847993],[127.1268855,35.8481301],[127.1269774,35.8482433],[127.1271175,35.8483398],[127.127265,35.8484084],[127.1275023,35.8484934]]}},{"type":"Feature","id":"osm-way-472635991","properties":{"osm_id":472635991,"highway":"service","name":"중도로","foot":null,"access":null,"surface":null,"source":"OpenStreetMap contributors","source_layer":"openstreetmap_campus_paths","effective_highway":"service","drivable":true,"vehicle_access":"unknown","campus_private_access":false,"oneway":false,"bidirectional":true,"routing_speed_kph":15,"routing_source":"jbnu_walking_path_vehicle_filter_v1"},"geometry":{"type":"LineString","coordinates":[[127.12996435,35.84737355],[127.12983750000001,35.8472225],[127.1297467,35.847208933333334],[127.12968194999999,35.847179100000005],[127.12965653333333,35.84714098333333]]}},{"type":"Feature","id":"osm-way-472635993","properties":{"osm_id":472635993,"highway":"service","name":null,"foot":null,"access":null,"surface":null,"source":"OpenStreetMap contributors","source_layer":"openstreetmap_campus_paths","effective_highway":"service","drivable":true,"vehicle_access":"unknown","campus_private_access":false,"oneway":false,"bidirectional":true,"routing_speed_kph":15,"routing_source":"jbnu_walking_path_vehicle_filter_v1"},"geometry":{"type":"LineString","coordinates":[[127.1293615,35.8475193],[127.1293577,35.8474388],[127.1293545,35.8473677],[127.12932505,35.847296275],[127.1293053,35.8472488],[127.129272125,35.847188075]]}},{"type":"Feature","id":"osm-way-472635995","properties":{"osm_id":472635995,"highway":"service","name":null,"foot":null,"access":null,"surface":null,"source":"OpenStreetMap contributors","source_layer":"openstreetmap_campus_paths","effective_highway":"service","drivable":true,"vehicle_access":"unknown","campus_private_access":false,"oneway":false,"bidirectional":true,"routing_speed_kph":15,"routing_source":"jbnu_walking_path_vehicle_filter_v1"},"geometry":{"type":"LineString","coordinates":[[127.1295478,35.847184325],[127.129492,35.847295925],[127.1294474,35.8473932],[127.1293615,35.8475193]]}},{"type":"Feature","id":"osm-way-474157087","properties":{"osm_id":474157087,"highway":"residential","name":"매봉12길","foot":null,"access":null,"surface":null,"source":"OpenStreetMap contributors","source_layer":"openstreetmap_campus_paths","effective_highway":"residential","drivable":true,"vehicle_access":"unknown","campus_private_access":false,"oneway":false,"bidirectional":true,"routing_speed_kph":20,"routing_source":"jbnu_walking_path_vehicle_filter_v1"},"geometry":{"type":"LineString","coordinates":[[127.1382686,35.839195],[127.1389257,35.8390728],[127.1400868,35.8394242],[127.1416305,35.8398634]]}},{"type":"Feature","id":"osm-way-474157088","properties":{"osm_id":474157088,"highway":"residential","name":"매봉12길","foot":null,"access":null,"surface":null,"source":"OpenStreetMap contributors","source_layer":"openstreetmap_campus_paths","effective_highway":"residential","drivable":true,"vehicle_access":"unknown","campus_private_access":false,"oneway":false,"bidirectional":true,"routing_speed_kph":20,"routing_source":"jbnu_walking_path_vehicle_filter_v1"},"geometry":{"type":"LineString","coordinates":[[127.1389257,35.8390728],[127.13876779775671,35.83856814383654]]}},{"type":"Feature","id":"osm-way-474157089","properties":{"osm_id":474157089,"highway":"tertiary","name":"조경단로","foot":null,"access":null,"surface":"asphalt","source":"OpenStreetMap contributors","source_layer":"openstreetmap_campus_paths","effective_highway":"tertiary","drivable":true,"vehicle_access":"unknown","campus_private_access":false,"oneway":false,"bidirectional":true,"routing_speed_kph":30,"routing_source":"jbnu_walking_path_vehicle_filter_v1"},"geometry":{"type":"LineString","coordinates":[[127.1390294,35.8429474],[127.138859,35.8433342],[127.1386411,35.8437968],[127.1386158,35.8438666],[127.1383675,35.8443983],[127.1382918,35.8445532],[127.1382282,35.8447082]]}},{"type":"Feature","id":"osm-way-474157091","properties":{"osm_id":474157091,"highway":"living_street","name":"삼송4길","foot":null,"access":null,"surface":null,"source":"OpenStreetMap contributors","source_layer":"openstreetmap_campus_paths","effective_highway":"living_street","drivable":true,"vehicle_access":"unknown","campus_private_access":false,"oneway":false,"bidirectional":true,"routing_speed_kph":15,"routing_source":"jbnu_walking_path_vehicle_filter_v1"},"geometry":{"type":"LineString","coordinates":[[127.1352758,35.8422922],[127.1355533,35.8423432]]}},{"type":"Feature","id":"osm-way-474157092","properties":{"osm_id":474157092,"highway":"living_street","name":"삼송3길","foot":null,"access":null,"surface":null,"source":"OpenStreetMap contributors","source_layer":"openstreetmap_campus_paths","effective_highway":"living_street","drivable":true,"vehicle_access":"unknown","campus_private_access":false,"oneway":false,"bidirectional":true,"routing_speed_kph":15,"routing_source":"jbnu_walking_path_vehicle_filter_v1"},"geometry":{"type":"LineString","coordinates":[[127.1378841,35.8435829],[127.1373797,35.8439551],[127.1365294,35.8436551]]}},{"type":"Feature","id":"osm-way-474157093","properties":{"osm_id":474157093,"highway":"living_street","name":"삼송2길","foot":null,"access":null,"surface":null,"source":"OpenStreetMap contributors","source_layer":"openstreetmap_campus_paths","effective_highway":"living_street","drivable":true,"vehicle_access":"unknown","campus_private_access":false,"oneway":false,"bidirectional":true,"routing_speed_kph":15,"routing_source":"jbnu_walking_path_vehicle_filter_v1"},"geometry":{"type":"LineString","coordinates":[[127.134676,35.8412103],[127.1346196,35.8413382],[127.1345692,35.8414591],[127.1345178,35.841582],[127.1341509,35.8425699]]}},{"type":"Feature","id":"osm-way-474157094","properties":{"osm_id":474157094,"highway":"tertiary","name":"백제대로","foot":null,"access":null,"surface":"asphalt","source":"OpenStreetMap contributors","source_layer":"openstreetmap_campus_paths","effective_highway":"tertiary","drivable":true,"vehicle_access":"unknown","campus_private_access":false,"oneway":false,"bidirectional":true,"routing_speed_kph":30,"routing_source":"jbnu_walking_path_vehicle_filter_v1"},"geometry":{"type":"LineString","coordinates":[[127.1386952,35.8425424],[127.1384565,35.84247593333333],[127.1380848,35.8423671],[127.1379344,35.8423239],[127.1371944,35.8421058],[127.1369606,35.842037],[127.1368902,35.8420163],[127.1365875,35.8419283],[127.136133,35.8417963],[127.135827,35.8417074],[127.1346196,35.8413382],[127.1345336,35.8413122],[127.1336638,35.8410495],[127.1327966,35.8407865],[127.1326735,35.8407446],[127.1323053,35.8406191],[127.1322272,35.8405984],[127.1321458,35.8405768],[127.1319831,35.8405281],[127.131766,35.8404751],[127.1316468,35.8404431],[127.1314127,35.8403737],[127.131087,35.8402772],[127.1305692,35.8401228],[127.1300811,35.8399687],[127.1300275,35.8399518],[127.129783,35.8398746],[127.1297165,35.8398536],[127.1296208,35.8398087],[127.1294932,35.83974636666667],[127.1293902,35.8396884],[127.1293097,35.8396423],[127.12920673333333,35.83957766666666],[127.1289683,35.839431399999995],[127.1287945,35.839303],[127.1280433,35.838749],[127.127022,35.8379903],[127.1266455,35.8377105],[127.1265673,35.837652500000004],[127.1264965,35.8375999],[127.126253,35.8374299],[127.1260981,35.8373217],[127.1250521,35.8365577],[127.1247362,35.83632695],[127.1246481,35.8362626],[127.1245119,35.8361631],[127.1244272,35.8360984],[127.1239667,35.8357666],[127.1238812,35.8357065],[127.1238178,35.8356607],[127.1237761,35.8356245],[127.1236939,35.8355532]]}},{"type":"Feature","id":"osm-way-474157140","properties":{"osm_id":474157140,"highway":"residential","name":"매봉6길","foot":null,"access":null,"surface":null,"source":"OpenStreetMap contributors","source_layer":"openstreetmap_campus_paths","effective_highway":"residential","drivable":true,"vehicle_access":"unknown","campus_private_access":false,"oneway":false,"bidirectional":true,"routing_speed_kph":20,"routing_source":"jbnu_walking_path_vehicle_filter_v1"},"geometry":{"type":"LineString","coordinates":[[127.1387378,35.8409437],[127.138811,35.8409216],[127.1394628,35.8407986],[127.14010771985035,35.84099829455507],[127.1401397235207,35.84102030321642],[127.1409881,35.8412529]]}},{"type":"Feature","id":"osm-way-474157141","properties":{"osm_id":474157141,"highway":"residential","name":"매봉8길","foot":null,"access":null,"surface":null,"source":"OpenStreetMap contributors","source_layer":"openstreetmap_campus_paths","effective_highway":"residential","drivable":true,"vehicle_access":"unknown","campus_private_access":false,"oneway":false,"bidirectional":true,"routing_speed_kph":20,"routing_source":"jbnu_walking_path_vehicle_filter_v1"},"geometry":{"type":"LineString","coordinates":[[127.1393348,35.8404257],[127.1396698,35.840346],[127.14012498008177,35.84047884417703],[127.1411949,35.8407911]]}},{"type":"Feature","id":"osm-way-474157144","properties":{"osm_id":474157144,"highway":"tertiary","name":"기린대로","foot":null,"access":null,"surface":"asphalt","source":"OpenStreetMap contributors","source_layer":"openstreetmap_campus_paths","effective_highway":"tertiary","drivable":true,"vehicle_access":"unknown","campus_private_access":false,"oneway":false,"bidirectional":true,"routing_speed_kph":30,"routing_source":"jbnu_walking_path_vehicle_filter_v1"},"geometry":{"type":"LineString","coordinates":[[127.1287428,35.8401683],[127.1277803,35.8408694],[127.1274273,35.8411363],[127.126724,35.8416494],[127.1260544,35.8421678],[127.1253584,35.8426536],[127.1249676,35.8429223],[127.1242741,35.8434655],[127.1242244,35.8435031],[127.1240931,35.8436083],[127.1240107,35.8436708],[127.1239426,35.8437172],[127.1238446,35.8437839],[127.1236577,35.843929],[127.12289584977145,35.84447992801944],[127.1225071,35.8447504],[127.12223738027517,35.84496437893644],[127.1219487,35.8451934],[127.1218381,35.8452718],[127.1215364,35.845474],[127.1211725,35.845724],[127.1210079,35.8458256],[127.12029148639476,35.8461969524615],[127.1201747,35.8462704],[127.1189265,35.8469391],[127.1182004,35.8473103],[127.1179533,35.8474358],[127.1178436,35.847499],[127.1177629,35.847552],[127.1176952,35.8475865],[127.1176458,35.8476116],[127.1175261,35.8476857],[127.1173505,35.8477692],[127.1172821,35.84781795],[127.1171754,35.8478708],[127.116208,35.8483506],[127.1147839,35.8490439],[127.1144509,35.849206],[127.1135314,35.8496264],[127.1130025,35.8498797],[127.112945,35.8499072],[127.1127283,35.8500179],[127.1126359,35.850065],[127.1125062,35.850129],[127.1122962,35.8502355]]}},{"type":"Feature","id":"osm-way-474157148","properties":{"osm_id":474157148,"highway":"residential","name":"떡전5길","foot":null,"access":null,"surface":null,"source":"OpenStreetMap contributors","source_layer":"openstreetmap_campus_paths","effective_highway":"residential","drivable":true,"vehicle_access":"unknown","campus_private_access":false,"oneway":false,"bidirectional":true,"routing_speed_kph":20,"routing_source":"jbnu_walking_path_vehicle_filter_v1"},"geometry":{"type":"LineString","coordinates":[[127.13141240000002,35.8373566],[127.1311103,35.8376109],[127.1307238,35.8379197],[127.1302606,35.8382634],[127.1298281,35.8385999],[127.1294351,35.8389087],[127.1293924428702,35.83894289268862],[127.12913483333334,35.839139366666664],[127.1290153,35.8392453]]}},{"type":"Feature","id":"osm-way-474157155","properties":{"osm_id":474157155,"highway":"unclassified","name":"들사평로","foot":null,"access":null,"surface":null,"source":"OpenStreetMap contributors","source_layer":"openstreetmap_campus_paths","effective_highway":"unclassified","drivable":true,"vehicle_access":"unknown","campus_private_access":false,"oneway":false,"bidirectional":true,"routing_speed_kph":25,"routing_source":"jbnu_walking_path_vehicle_filter_v1"},"geometry":{"type":"LineString","coordinates":[[127.1208851,35.8374012],[127.1215227,35.83787],[127.1220551,35.8382648],[127.1229948,35.8389182],[127.123927,35.8396082],[127.1240195,35.8396745],[127.1242515,35.8398265],[127.1247271,35.840182],[127.1250642,35.8404344],[127.1257966,35.8409318],[127.1260764,35.841156],[127.1264348,35.8414154],[127.1265659,35.8414969]]}},{"type":"Feature","id":"osm-way-531389002","properties":{"osm_id":531389002,"highway":"tertiary","name":"백제대로","foot":null,"access":null,"surface":"asphalt","source":"OpenStreetMap contributors","source_layer":"openstreetmap_campus_paths","effective_highway":"tertiary","drivable":true,"vehicle_access":"unknown","campus_private_access":false,"oneway":false,"bidirectional":true,"routing_speed_kph":30,"routing_source":"jbnu_walking_path_vehicle_filter_v1"},"geometry":{"type":"LineString","coordinates":[[127.1518569,35.8464859],[127.15157,35.8463903],[127.1514106,35.8463396],[127.1511434,35.8462546],[127.1507787,35.8461385],[127.1502875,35.8460018],[127.1500991,35.8459484],[127.1500389,35.8459313],[127.1486448,35.8455868],[127.1482813,35.8454792],[127.1474012,35.8452186],[127.1473274,35.8451927],[127.1460039,35.8447513],[127.1459162,35.8447219],[127.1444568,35.8442792],[127.1438334,35.8440866],[127.1436998,35.8440464],[127.1430594,35.8438564],[127.1429709,35.8438298],[127.1428762,35.843797],[127.1417072,35.8434537],[127.1416244,35.8434281],[127.14019091435489,35.84300421126387],[127.1397829,35.8428739],[127.1395593,35.8428024]]}},{"type":"Feature","id":"osm-way-531389003","properties":{"osm_id":531389003,"highway":"tertiary_link","name":null,"foot":null,"access":null,"surface":"asphalt","source":"OpenStreetMap contributors","source_layer":"openstreetmap_campus_paths","effective_highway":"tertiary_link","drivable":true,"vehicle_access":"unknown","campus_private_access":false,"oneway":false,"bidirectional":true,"routing_speed_kph":25,"routing_source":"jbnu_walking_path_vehicle_filter_v1"},"geometry":{"type":"LineString","coordinates":[[127.1387597,35.8424318],[127.138802,35.8423755],[127.13894203333332,35.84232876666667],[127.1389896,35.8422971],[127.1390492,35.8422334],[127.1390972,35.8421605]]}},{"type":"Feature","id":"osm-way-531389004","properties":{"osm_id":531389004,"highway":"tertiary","name":"백제대로","foot":null,"access":null,"surface":"asphalt","source":"OpenStreetMap contributors","source_layer":"openstreetmap_campus_paths","effective_highway":"tertiary","drivable":true,"vehicle_access":"unknown","campus_private_access":false,"oneway":false,"bidirectional":true,"routing_speed_kph":30,"routing_source":"jbnu_walking_path_vehicle_filter_v1"},"geometry":{"type":"LineString","coordinates":[[127.1395593,35.8428024],[127.1393435,35.8427429],[127.1392573,35.8427191],[127.1391412,35.8426871],[127.139049,35.8426593],[127.1389227,35.8426176],[127.1386952,35.8425424]]}},{"type":"Feature","id":"osm-way-531389005","properties":{"osm_id":531389005,"highway":"tertiary","name":"조경단로","foot":null,"access":null,"surface":"asphalt","source":"OpenStreetMap contributors","source_layer":"openstreetmap_campus_paths","effective_highway":"tertiary","drivable":true,"vehicle_access":"unknown","campus_private_access":false,"oneway":false,"bidirectional":true,"routing_speed_kph":30,"routing_source":"jbnu_walking_path_vehicle_filter_v1"},"geometry":{"type":"LineString","coordinates":[[127.1391652,35.8421177],[127.1392244,35.8423698],[127.1392064,35.8424452],[127.1391769,35.8425691],[127.1391412,35.8426871],[127.13912413333334,35.84281753333333],[127.1390294,35.8429474]]}},{"type":"Feature","id":"osm-way-608060431","properties":{"osm_id":608060431,"highway":"living_street","name":null,"foot":null,"access":null,"surface":null,"source":"OpenStreetMap contributors","source_layer":"openstreetmap_campus_paths","effective_highway":"living_street","drivable":true,"vehicle_access":"unknown","campus_private_access":false,"oneway":false,"bidirectional":true,"routing_speed_kph":15,"routing_source":"jbnu_walking_path_vehicle_filter_v1"},"geometry":{"type":"LineString","coordinates":[[127.1243697,35.8445534],[127.1242755,35.8446032],[127.1235222,35.845094],[127.12286567263646,35.845518224946886],[127.1224101,35.8458126],[127.1211729,35.8464795],[127.1210859,35.846529],[127.1206922,35.8467309]]}},{"type":"Feature","id":"osm-way-699211820","properties":{"osm_id":699211820,"highway":"living_street","name":"명륜5길","foot":null,"access":null,"surface":null,"source":"OpenStreetMap contributors","source_layer":"openstreetmap_campus_paths","effective_highway":"living_street","drivable":true,"vehicle_access":"unknown","campus_private_access":false,"oneway":false,"bidirectional":true,"routing_speed_kph":15,"routing_source":"jbnu_walking_path_vehicle_filter_v1"},"geometry":{"type":"LineString","coordinates":[[127.1248372,35.8443252],[127.1249341,35.84431015],[127.1257954,35.8439796],[127.126904,35.8435052],[127.1269686,35.8434774]]}},{"type":"Feature","id":"osm-way-701764389","properties":{"osm_id":701764389,"highway":"tertiary","name":"기린대로","foot":null,"access":null,"surface":"asphalt","source":"OpenStreetMap contributors","source_layer":"openstreetmap_campus_paths","effective_highway":"tertiary","drivable":true,"vehicle_access":"unknown","campus_private_access":false,"oneway":false,"bidirectional":true,"routing_speed_kph":30,"routing_source":"jbnu_walking_path_vehicle_filter_v1"},"geometry":{"type":"LineString","coordinates":[[127.1298902,35.8393444],[127.1297061,35.8394673],[127.1296316,35.83951903333334],[127.1295095,35.8396113],[127.1293902,35.8396884],[127.12927603333333,35.83977796666667],[127.1291,35.8399214],[127.1288727,35.8400868],[127.1287428,35.8401683]]}},{"type":"Feature","id":"osm-way-702333104","properties":{"osm_id":702333104,"highway":"living_street","name":"삼송4길","foot":null,"access":null,"surface":null,"source":"OpenStreetMap contributors","source_layer":"openstreetmap_campus_paths","effective_highway":"living_street","drivable":true,"vehicle_access":"unknown","campus_private_access":false,"oneway":false,"bidirectional":true,"routing_speed_kph":15,"routing_source":"jbnu_walking_path_vehicle_filter_v1"},"geometry":{"type":"LineString","coordinates":[[127.1355533,35.8423432],[127.135782,35.8418116],[127.135827,35.8417074]]}},{"type":"Feature","id":"osm-way-702333105","properties":{"osm_id":702333105,"highway":"living_street","name":"금암3길","foot":null,"access":null,"surface":null,"source":"OpenStreetMap contributors","source_layer":"openstreetmap_campus_paths","effective_highway":"living_street","drivable":true,"vehicle_access":"unknown","campus_private_access":false,"oneway":false,"bidirectional":true,"routing_speed_kph":15,"routing_source":"jbnu_walking_path_vehicle_filter_v1"},"geometry":{"type":"LineString","coordinates":[[127.137313,35.8420034],[127.1374794,35.8415701],[127.1376397,35.8410981]]}},{"type":"Feature","id":"osm-way-702353194","properties":{"osm_id":702353194,"highway":"living_street","name":"명륜2길","foot":null,"access":null,"surface":null,"source":"OpenStreetMap contributors","source_layer":"openstreetmap_campus_paths","effective_highway":"living_street","drivable":true,"vehicle_access":"unknown","campus_private_access":false,"oneway":false,"bidirectional":true,"routing_speed_kph":15,"routing_source":"jbnu_walking_path_vehicle_filter_v1"},"geometry":{"type":"LineString","coordinates":[[127.1277803,35.8408694],[127.12787782000001,35.840947320000005],[127.1286607,35.841609],[127.1289717,35.8418443]]}},{"type":"Feature","id":"osm-way-702353195","properties":{"osm_id":702353195,"highway":"living_street","name":"금암3길","foot":null,"access":null,"surface":null,"source":"OpenStreetMap contributors","source_layer":"openstreetmap_campus_paths","effective_highway":"living_street","drivable":true,"vehicle_access":"unknown","campus_private_access":false,"oneway":false,"bidirectional":true,"routing_speed_kph":15,"routing_source":"jbnu_walking_path_vehicle_filter_v1"},"geometry":{"type":"LineString","coordinates":[[127.1388808,35.8413914],[127.138774,35.8414198],[127.1384822,35.8413551],[127.1376397,35.8410981],[127.1374753,35.8410405],[127.1367875,35.8408556],[127.1362997,35.8407119],[127.1350997,35.8403261],[127.1348335,35.8402556],[127.1343936,35.8401578],[127.1336939,35.8399711]]}},{"type":"Feature","id":"osm-way-702367116","properties":{"osm_id":702367116,"highway":"living_street","name":null,"foot":null,"access":null,"surface":null,"source":"OpenStreetMap contributors","source_layer":"openstreetmap_campus_paths","effective_highway":"living_street","drivable":true,"vehicle_access":"unknown","campus_private_access":false,"oneway":false,"bidirectional":true,"routing_speed_kph":15,"routing_source":"jbnu_walking_path_vehicle_filter_v1"},"geometry":{"type":"LineString","coordinates":[[127.14006557206659,35.841779361574126],[127.1398403,35.8412998]]}},{"type":"Feature","id":"osm-way-702367118","properties":{"osm_id":702367118,"highway":"living_street","name":null,"foot":null,"access":null,"surface":null,"source":"OpenStreetMap contributors","source_layer":"openstreetmap_campus_paths","effective_highway":"living_street","drivable":true,"vehicle_access":"unknown","campus_private_access":false,"oneway":false,"bidirectional":true,"routing_speed_kph":15,"routing_source":"jbnu_walking_path_vehicle_filter_v1"},"geometry":{"type":"LineString","coordinates":[[127.1395955,35.8426784],[127.1396508,35.8425343],[127.1396972,35.8423509]]}},{"type":"Feature","id":"osm-way-702367119","properties":{"osm_id":702367119,"highway":"residential","name":"매봉10길","foot":null,"access":null,"surface":null,"source":"OpenStreetMap contributors","source_layer":"openstreetmap_campus_paths","effective_highway":"residential","drivable":true,"vehicle_access":"unknown","campus_private_access":false,"oneway":false,"bidirectional":true,"routing_speed_kph":20,"routing_source":"jbnu_walking_path_vehicle_filter_v1"},"geometry":{"type":"LineString","coordinates":[[127.139899,35.8398804],[127.14032911117961,35.84000703417963],[127.1414067,35.8403243]]}},{"type":"Feature","id":"osm-way-702980858","properties":{"osm_id":702980858,"highway":"living_street","name":"들사평5길","foot":null,"access":null,"surface":null,"source":"OpenStreetMap contributors","source_layer":"openstreetmap_campus_paths","effective_highway":"living_street","drivable":true,"vehicle_access":"unknown","campus_private_access":false,"oneway":false,"bidirectional":true,"routing_speed_kph":15,"routing_source":"jbnu_walking_path_vehicle_filter_v1"},"geometry":{"type":"LineString","coordinates":[[127.123495,35.8422513],[127.1239523,35.8426965]]}},{"type":"Feature","id":"osm-way-702980859","properties":{"osm_id":702980859,"highway":"residential","name":"들사평5길","foot":null,"access":null,"surface":null,"source":"OpenStreetMap contributors","source_layer":"openstreetmap_campus_paths","effective_highway":"residential","drivable":true,"vehicle_access":"unknown","campus_private_access":false,"oneway":false,"bidirectional":true,"routing_speed_kph":20,"routing_source":"jbnu_walking_path_vehicle_filter_v1"},"geometry":{"type":"LineString","coordinates":[[127.1240565,35.8418694],[127.1245143,35.8422817]]}},{"type":"Feature","id":"osm-way-702980861","properties":{"osm_id":702980861,"highway":"living_street","name":"들사평4길","foot":null,"access":null,"surface":null,"source":"OpenStreetMap contributors","source_layer":"openstreetmap_campus_paths","effective_highway":"living_street","drivable":true,"vehicle_access":"unknown","campus_private_access":false,"oneway":false,"bidirectional":true,"routing_speed_kph":15,"routing_source":"jbnu_walking_path_vehicle_filter_v1"},"geometry":{"type":"LineString","coordinates":[[127.1226334,35.8414553],[127.122825682225,35.841640530972754],[127.1230588,35.8418651],[127.123495,35.8422513]]}},{"type":"Feature","id":"osm-way-702980862","properties":{"osm_id":702980862,"highway":"residential","name":"들사평4길","foot":null,"access":null,"surface":null,"source":"OpenStreetMap contributors","source_layer":"openstreetmap_campus_paths","effective_highway":"residential","drivable":true,"vehicle_access":"unknown","campus_private_access":false,"oneway":false,"bidirectional":true,"routing_speed_kph":20,"routing_source":"jbnu_walking_path_vehicle_filter_v1"},"geometry":{"type":"LineString","coordinates":[[127.1232148,35.8410948],[127.123608,35.8414601],[127.1240565,35.8418694]]}},{"type":"Feature","id":"osm-way-702980863","properties":{"osm_id":702980863,"highway":"living_street","name":"들사평4길","foot":null,"access":null,"surface":null,"source":"OpenStreetMap contributors","source_layer":"openstreetmap_campus_paths","effective_highway":"living_street","drivable":true,"vehicle_access":"unknown","campus_private_access":false,"oneway":false,"bidirectional":true,"routing_speed_kph":15,"routing_source":"jbnu_walking_path_vehicle_filter_v1"},"geometry":{"type":"LineString","coordinates":[[127.12371126290789,35.84074115868926],[127.1241011,35.8410935]]}},{"type":"Feature","id":"osm-way-702980864","properties":{"osm_id":702980864,"highway":"living_street","name":"들사평4길","foot":null,"access":null,"surface":null,"source":"OpenStreetMap contributors","source_layer":"openstreetmap_campus_paths","effective_highway":"living_street","drivable":true,"vehicle_access":"unknown","campus_private_access":false,"oneway":false,"bidirectional":true,"routing_speed_kph":15,"routing_source":"jbnu_walking_path_vehicle_filter_v1"},"geometry":{"type":"LineString","coordinates":[[127.1244955,35.8408157],[127.1241153,35.8404532]]}},{"type":"Feature","id":"osm-way-702980865","properties":{"osm_id":702980865,"highway":"living_street","name":"들사평2길","foot":null,"access":null,"surface":null,"source":"OpenStreetMap contributors","source_layer":"openstreetmap_campus_paths","effective_highway":"living_street","drivable":true,"vehicle_access":"unknown","campus_private_access":false,"oneway":false,"bidirectional":true,"routing_speed_kph":15,"routing_source":"jbnu_walking_path_vehicle_filter_v1"},"geometry":{"type":"LineString","coordinates":[[127.1231022,35.8395023],[127.1230376,35.8394418],[127.1226902,35.8391712]]}},{"type":"Feature","id":"osm-way-702980866","properties":{"osm_id":702980866,"highway":"living_street","name":"들사평3길","foot":null,"access":null,"surface":null,"source":"OpenStreetMap contributors","source_layer":"openstreetmap_campus_paths","effective_highway":"living_street","drivable":true,"vehicle_access":"unknown","campus_private_access":false,"oneway":false,"bidirectional":true,"routing_speed_kph":15,"routing_source":"jbnu_walking_path_vehicle_filter_v1"},"geometry":{"type":"LineString","coordinates":[[127.12268802563327,35.83977537466332],[127.1231979,35.8402533],[127.12371126290789,35.84074115868926]]}},{"type":"Feature","id":"osm-way-702980876","properties":{"osm_id":702980876,"highway":"residential","name":"들사평5길","foot":null,"access":null,"surface":null,"source":"OpenStreetMap contributors","source_layer":"openstreetmap_campus_paths","effective_highway":"residential","drivable":true,"vehicle_access":"unknown","campus_private_access":false,"oneway":false,"bidirectional":true,"routing_speed_kph":20,"routing_source":"jbnu_walking_path_vehicle_filter_v1"},"geometry":{"type":"LineString","coordinates":[[127.1245143,35.8422817],[127.1260764,35.841156]]}},{"type":"Feature","id":"osm-way-702980879","properties":{"osm_id":702980879,"highway":"living_street","name":"명륜5길","foot":null,"access":null,"surface":null,"source":"OpenStreetMap contributors","source_layer":"openstreetmap_campus_paths","effective_highway":"living_street","drivable":true,"vehicle_access":"unknown","campus_private_access":false,"oneway":false,"bidirectional":true,"routing_speed_kph":15,"routing_source":"jbnu_walking_path_vehicle_filter_v1"},"geometry":{"type":"LineString","coordinates":[[127.1260266,35.8443172],[127.1251389,35.8448416],[127.1250988,35.8448803]]}},{"type":"Feature","id":"osm-way-702980880","properties":{"osm_id":702980880,"highway":"living_street","name":"명륜4길","foot":null,"access":null,"surface":null,"source":"OpenStreetMap contributors","source_layer":"openstreetmap_campus_paths","effective_highway":"living_street","drivable":true,"vehicle_access":"unknown","campus_private_access":false,"oneway":false,"bidirectional":true,"routing_speed_kph":15,"routing_source":"jbnu_walking_path_vehicle_filter_v1"},"geometry":{"type":"LineString","coordinates":[[127.1270914,35.84370413333333],[127.1260266,35.8443172]]}},{"type":"Feature","id":"osm-way-702980881","properties":{"osm_id":702980881,"highway":"residential","name":"명륜4길","foot":null,"access":null,"surface":null,"source":"OpenStreetMap contributors","source_layer":"openstreetmap_campus_paths","effective_highway":"residential","drivable":true,"vehicle_access":"unknown","campus_private_access":false,"oneway":false,"bidirectional":true,"routing_speed_kph":20,"routing_source":"jbnu_walking_path_vehicle_filter_v1"},"geometry":{"type":"LineString","coordinates":[[127.1269686,35.8434774],[127.1271869,35.8433694]]}},{"type":"Feature","id":"osm-way-702980882","properties":{"osm_id":702980882,"highway":"living_street","name":"명륜2길","foot":null,"access":null,"surface":null,"source":"OpenStreetMap contributors","source_layer":"openstreetmap_campus_paths","effective_highway":"living_street","drivable":true,"vehicle_access":"unknown","campus_private_access":false,"oneway":false,"bidirectional":true,"routing_speed_kph":15,"routing_source":"jbnu_walking_path_vehicle_filter_v1"},"geometry":{"type":"LineString","coordinates":[[127.1286607,35.841609],[127.1279844,35.8420035]]}},{"type":"Feature","id":"osm-way-702980883","properties":{"osm_id":702980883,"highway":"living_street","name":"명륜3길","foot":null,"access":null,"surface":null,"source":"OpenStreetMap contributors","source_layer":"openstreetmap_campus_paths","effective_highway":"living_street","drivable":true,"vehicle_access":"unknown","campus_private_access":false,"oneway":false,"bidirectional":true,"routing_speed_kph":15,"routing_source":"jbnu_walking_path_vehicle_filter_v1"},"geometry":{"type":"LineString","coordinates":[[127.1271869,35.8433694],[127.1280128,35.8427516],[127.1287165,35.8421007]]}},{"type":"Feature","id":"osm-way-702980884","properties":{"osm_id":702980884,"highway":"living_street","name":"명륜2길","foot":null,"access":null,"surface":null,"source":"OpenStreetMap contributors","source_layer":"openstreetmap_campus_paths","effective_highway":"living_street","drivable":true,"vehicle_access":"unknown","campus_private_access":false,"oneway":false,"bidirectional":true,"routing_speed_kph":15,"routing_source":"jbnu_walking_path_vehicle_filter_v1"},"geometry":{"type":"LineString","coordinates":[[127.1287165,35.8421007],[127.1289717,35.8418443],[127.1295774,35.8411871]]}},{"type":"Feature","id":"osm-way-702980885","properties":{"osm_id":702980885,"highway":"service","name":"명륜3길","foot":null,"access":null,"surface":null,"source":"OpenStreetMap contributors","source_layer":"openstreetmap_campus_paths","effective_highway":"service","drivable":true,"vehicle_access":"unknown","campus_private_access":false,"oneway":false,"bidirectional":true,"routing_speed_kph":15,"routing_source":"jbnu_walking_path_vehicle_filter_v1"},"geometry":{"type":"LineString","coordinates":[[127.1287861,35.8425869],[127.1283561,35.8429994]]}},{"type":"Feature","id":"osm-way-702980886","properties":{"osm_id":702980886,"highway":"service","name":"명륜2길","foot":null,"access":null,"surface":null,"source":"OpenStreetMap contributors","source_layer":"openstreetmap_campus_paths","effective_highway":"service","drivable":true,"vehicle_access":"unknown","campus_private_access":false,"oneway":false,"bidirectional":true,"routing_speed_kph":15,"routing_source":"jbnu_walking_path_vehicle_filter_v1"},"geometry":{"type":"LineString","coordinates":[[127.1287165,35.8421007],[127.12896914999999,35.842274399999994],[127.1291059,35.8423776],[127.1287861,35.8425869]]}},{"type":"Feature","id":"osm-way-702980887","properties":{"osm_id":702980887,"highway":"living_street","name":"명륜1길","foot":null,"access":null,"surface":null,"source":"OpenStreetMap contributors","source_layer":"openstreetmap_campus_paths","effective_highway":"living_street","drivable":true,"vehicle_access":"unknown","campus_private_access":false,"oneway":false,"bidirectional":true,"routing_speed_kph":15,"routing_source":"jbnu_walking_path_vehicle_filter_v1"},"geometry":{"type":"LineString","coordinates":[[127.1295774,35.8411871],[127.1297867,35.8409372],[127.1304351,35.840274],[127.13047602000002,35.84022256],[127.1305692,35.8401228]]}},{"type":"Feature","id":"osm-way-702980888","properties":{"osm_id":702980888,"highway":"living_street","name":"명륜5길","foot":null,"access":null,"surface":null,"source":"OpenStreetMap contributors","source_layer":"openstreetmap_campus_paths","effective_highway":"living_street","drivable":true,"vehicle_access":"unknown","campus_private_access":false,"oneway":false,"bidirectional":true,"routing_speed_kph":15,"routing_source":"jbnu_walking_path_vehicle_filter_v1"},"geometry":{"type":"LineString","coordinates":[[127.1245034,35.8440053],[127.1245737,35.8439764],[127.1248431,35.8438514],[127.1254541,35.8435321]]}},{"type":"Feature","id":"osm-way-702980890","properties":{"osm_id":702980890,"highway":"living_street","name":null,"foot":null,"access":null,"surface":null,"source":"OpenStreetMap contributors","source_layer":"openstreetmap_campus_paths","effective_highway":"living_street","drivable":true,"vehicle_access":"unknown","campus_private_access":false,"oneway":false,"bidirectional":true,"routing_speed_kph":15,"routing_source":"jbnu_walking_path_vehicle_filter_v1"},"geometry":{"type":"LineString","coordinates":[[127.1348253,35.8429165],[127.1353825,35.8423885]]}},{"type":"Feature","id":"osm-way-702980897","properties":{"osm_id":702980897,"highway":"living_street","name":"조경단로","foot":null,"access":null,"surface":null,"source":"OpenStreetMap contributors","source_layer":"openstreetmap_campus_paths","effective_highway":"living_street","drivable":true,"vehicle_access":"unknown","campus_private_access":false,"oneway":false,"bidirectional":true,"routing_speed_kph":15,"routing_source":"jbnu_walking_path_vehicle_filter_v1"},"geometry":{"type":"LineString","coordinates":[[127.138859,35.8433342],[127.1389319,35.8433633],[127.1399223,35.8436633]]}},{"type":"Feature","id":"osm-way-702980901","properties":{"osm_id":702980901,"highway":"living_street","name":"건지1길","foot":null,"access":null,"surface":null,"source":"OpenStreetMap contributors","source_layer":"openstreetmap_campus_paths","effective_highway":"living_street","drivable":true,"vehicle_access":"unknown","campus_private_access":false,"oneway":false,"bidirectional":true,"routing_speed_kph":15,"routing_source":"jbnu_walking_path_vehicle_filter_v1"},"geometry":{"type":"LineString","coordinates":[[127.1399223,35.8436633],[127.14069944075018,35.84389648464912]]}},{"type":"Feature","id":"osm-way-702980916","properties":{"osm_id":702980916,"highway":"living_street","name":"기린대로","foot":null,"access":null,"surface":null,"source":"OpenStreetMap contributors","source_layer":"openstreetmap_campus_paths","effective_highway":"living_street","drivable":true,"vehicle_access":"unknown","campus_private_access":false,"oneway":false,"bidirectional":true,"routing_speed_kph":15,"routing_source":"jbnu_walking_path_vehicle_filter_v1"},"geometry":{"type":"LineString","coordinates":[[127.13287188517032,35.83822124799995],[127.1327189,35.8384965],[127.1322605,35.8390245],[127.1325196,35.8392107],[127.1328601,35.8396138]]}},{"type":"Feature","id":"osm-way-702980917","properties":{"osm_id":702980917,"highway":"living_street","name":"백제대로","foot":null,"access":null,"surface":"asphalt","source":"OpenStreetMap contributors","source_layer":"openstreetmap_campus_paths","effective_highway":"living_street","drivable":true,"vehicle_access":"unknown","campus_private_access":false,"oneway":false,"bidirectional":true,"routing_speed_kph":15,"routing_source":"jbnu_walking_path_vehicle_filter_v1"},"geometry":{"type":"LineString","coordinates":[[127.13186601839692,35.838840615007314],[127.1308591,35.8398634],[127.1308031,35.8399065],[127.1307547,35.8400296]]}},{"type":"Feature","id":"osm-way-702980918","properties":{"osm_id":702980918,"highway":"tertiary","name":"권삼득로","foot":null,"access":null,"surface":"asphalt","source":"OpenStreetMap contributors","source_layer":"openstreetmap_campus_paths","effective_highway":"tertiary","drivable":true,"vehicle_access":"unknown","campus_private_access":false,"oneway":false,"bidirectional":true,"routing_speed_kph":30,"routing_source":"jbnu_walking_path_vehicle_filter_v1"},"geometry":{"type":"LineString","coordinates":[[127.1366189,35.8357987],[127.1365526,35.8358386],[127.1362127,35.8361282],[127.1356917,35.8366927],[127.1353632,35.8370608],[127.1348535,35.8375872],[127.1344907,35.8379607],[127.1340061,35.838457],[127.1337032,35.8387344],[127.13364234249642,35.83879787774718],[127.1328601,35.8396138],[127.1324491,35.8400169],[127.1321997,35.8402804],[127.1321591,35.8403158],[127.132055,35.8404254]]}},{"type":"Feature","id":"osm-way-702980920","properties":{"osm_id":702980920,"highway":"living_street","name":"권삼득로","foot":null,"access":null,"surface":null,"source":"OpenStreetMap contributors","source_layer":"openstreetmap_campus_paths","effective_highway":"living_street","drivable":true,"vehicle_access":"unknown","campus_private_access":false,"oneway":false,"bidirectional":true,"routing_speed_kph":15,"routing_source":"jbnu_walking_path_vehicle_filter_v1"},"geometry":{"type":"LineString","coordinates":[[127.1328601,35.8396138],[127.1330921,35.8399836]]}},{"type":"Feature","id":"osm-way-702980921","properties":{"osm_id":702980921,"highway":"living_street","name":"금암1길","foot":null,"access":null,"surface":null,"source":"OpenStreetMap contributors","source_layer":"openstreetmap_campus_paths","effective_highway":"living_street","drivable":true,"vehicle_access":"unknown","campus_private_access":false,"oneway":false,"bidirectional":true,"routing_speed_kph":15,"routing_source":"jbnu_walking_path_vehicle_filter_v1"},"geometry":{"type":"LineString","coordinates":[[127.1330921,35.8399836],[127.1334007,35.8404048]]}},{"type":"Feature","id":"osm-way-702980923","properties":{"osm_id":702980923,"highway":"living_street","name":"금암6길","foot":null,"access":null,"surface":null,"source":"OpenStreetMap contributors","source_layer":"openstreetmap_campus_paths","effective_highway":"living_street","drivable":true,"vehicle_access":"unknown","campus_private_access":false,"oneway":false,"bidirectional":true,"routing_speed_kph":15,"routing_source":"jbnu_walking_path_vehicle_filter_v1"},"geometry":{"type":"LineString","coordinates":[[127.136629,35.839894],[127.13707630000002,35.8401101]]}},{"type":"Feature","id":"osm-way-702980924","properties":{"osm_id":702980924,"highway":"residential","name":"금암6길","foot":null,"access":null,"surface":null,"source":"OpenStreetMap contributors","source_layer":"openstreetmap_campus_paths","effective_highway":"residential","drivable":true,"vehicle_access":"unknown","campus_private_access":false,"oneway":false,"bidirectional":true,"routing_speed_kph":20,"routing_source":"jbnu_walking_path_vehicle_filter_v1"},"geometry":{"type":"LineString","coordinates":[[127.1362447,35.8401995],[127.1369688,35.8404142]]}},{"type":"Feature","id":"osm-way-702980925","properties":{"osm_id":702980925,"highway":"residential","name":"금암6길","foot":null,"access":null,"surface":null,"source":"OpenStreetMap contributors","source_layer":"openstreetmap_campus_paths","effective_highway":"residential","drivable":true,"vehicle_access":"unknown","campus_private_access":false,"oneway":false,"bidirectional":true,"routing_speed_kph":20,"routing_source":"jbnu_walking_path_vehicle_filter_v1"},"geometry":{"type":"LineString","coordinates":[[127.1369457,35.8404792],[127.1372694,35.8404025]]}},{"type":"Feature","id":"osm-way-702980928","properties":{"osm_id":702980928,"highway":"service","name":"금암4길","foot":null,"access":null,"surface":null,"source":"OpenStreetMap contributors","source_layer":"openstreetmap_campus_paths","effective_highway":"service","drivable":true,"vehicle_access":"unknown","campus_private_access":false,"oneway":false,"bidirectional":true,"routing_speed_kph":15,"routing_source":"jbnu_walking_path_vehicle_filter_v1"},"geometry":{"type":"LineString","coordinates":[[127.1374345,35.8403325],[127.1379924,35.8407955],[127.1379383,35.840843],[127.1376208,35.8405817],[127.1373957,35.8405521]]}},{"type":"Feature","id":"osm-way-702980929","properties":{"osm_id":702980929,"highway":"residential","name":"금암4길","foot":null,"access":null,"surface":null,"source":"OpenStreetMap contributors","source_layer":"openstreetmap_campus_paths","effective_highway":"residential","drivable":true,"vehicle_access":"unknown","campus_private_access":false,"oneway":false,"bidirectional":true,"routing_speed_kph":20,"routing_source":"jbnu_walking_path_vehicle_filter_v1"},"geometry":{"type":"LineString","coordinates":[[127.137728,35.8401236],[127.1374345,35.8403325],[127.1372694,35.8404025]]}},{"type":"Feature","id":"osm-way-702980930","properties":{"osm_id":702980930,"highway":"residential","name":"금암6길","foot":null,"access":null,"surface":null,"source":"OpenStreetMap contributors","source_layer":"openstreetmap_campus_paths","effective_highway":"residential","drivable":true,"vehicle_access":"unknown","campus_private_access":false,"oneway":false,"bidirectional":true,"routing_speed_kph":20,"routing_source":"jbnu_walking_path_vehicle_filter_v1"},"geometry":{"type":"LineString","coordinates":[[127.1361501,35.8382077],[127.1366602,35.8387742],[127.13668951891133,35.838868329136375],[127.13707630000002,35.8401101],[127.1370755,35.8401961],[127.1369688,35.8404142],[127.1369457,35.8404792],[127.1367875,35.8408556]]}},{"type":"Feature","id":"osm-way-702980931","properties":{"osm_id":702980931,"highway":"living_street","name":null,"foot":null,"access":null,"surface":null,"source":"OpenStreetMap contributors","source_layer":"openstreetmap_campus_paths","effective_highway":"living_street","drivable":true,"vehicle_access":"unknown","campus_private_access":false,"oneway":false,"bidirectional":true,"routing_speed_kph":15,"routing_source":"jbnu_walking_path_vehicle_filter_v1"},"geometry":{"type":"LineString","coordinates":[[127.1398067,35.8418778],[127.1395582,35.8414009]]}},{"type":"Feature","id":"osm-way-702980932","properties":{"osm_id":702980932,"highway":"residential","name":"조경단로","foot":null,"access":null,"surface":null,"source":"OpenStreetMap contributors","source_layer":"openstreetmap_campus_paths","effective_highway":"residential","drivable":true,"vehicle_access":"unknown","campus_private_access":false,"oneway":false,"bidirectional":true,"routing_speed_kph":20,"routing_source":"jbnu_walking_path_vehicle_filter_v1"},"geometry":{"type":"LineString","coordinates":[[127.1384675,35.8398499],[127.1391206,35.8397397]]}},{"type":"Feature","id":"osm-way-702980934","properties":{"osm_id":702980934,"highway":"residential","name":"매봉8길","foot":null,"access":null,"surface":null,"source":"OpenStreetMap contributors","source_layer":"openstreetmap_campus_paths","effective_highway":"residential","drivable":true,"vehicle_access":"unknown","campus_private_access":false,"oneway":false,"bidirectional":true,"routing_speed_kph":20,"routing_source":"jbnu_walking_path_vehicle_filter_v1"},"geometry":{"type":"LineString","coordinates":[[127.1393348,35.8404257],[127.1391206,35.8397397],[127.1389257,35.8390728]]}},{"type":"Feature","id":"osm-way-702980941","properties":{"osm_id":702980941,"highway":"residential","name":"매봉12길","foot":null,"access":null,"surface":null,"source":"OpenStreetMap contributors","source_layer":"openstreetmap_campus_paths","effective_highway":"residential","drivable":true,"vehicle_access":"unknown","campus_private_access":false,"oneway":false,"bidirectional":true,"routing_speed_kph":20,"routing_source":"jbnu_walking_path_vehicle_filter_v1"},"geometry":{"type":"LineString","coordinates":[[127.139899,35.8398804],[127.1400868,35.8394242]]}},{"type":"Feature","id":"osm-way-705044466","properties":{"osm_id":705044466,"highway":"service","name":null,"foot":null,"access":null,"surface":null,"source":"OpenStreetMap contributors","source_layer":"openstreetmap_campus_paths","effective_highway":"service","drivable":true,"vehicle_access":"unknown","campus_private_access":false,"oneway":false,"bidirectional":true,"routing_speed_kph":15,"routing_source":"jbnu_walking_path_vehicle_filter_v1"},"geometry":{"type":"LineString","coordinates":[[127.123541,35.8424285],[127.12341703722466,35.842506818334904]]}},{"type":"Feature","id":"osm-way-705044467","properties":{"osm_id":705044467,"highway":"service","name":null,"foot":null,"access":null,"surface":null,"source":"OpenStreetMap contributors","source_layer":"openstreetmap_campus_paths","effective_highway":"service","drivable":true,"vehicle_access":"unknown","campus_private_access":false,"oneway":false,"bidirectional":true,"routing_speed_kph":15,"routing_source":"jbnu_walking_path_vehicle_filter_v1"},"geometry":{"type":"LineString","coordinates":[[127.123135,35.842618],[127.1230385,35.8425279],[127.1233939,35.8422899],[127.123541,35.8424285],[127.12368645629866,35.84245145315558]]}},{"type":"Feature","id":"osm-way-705044468","properties":{"osm_id":705044468,"highway":"service","name":null,"foot":null,"access":null,"surface":null,"source":"OpenStreetMap contributors","source_layer":"openstreetmap_campus_paths","effective_highway":"service","drivable":true,"vehicle_access":"unknown","campus_private_access":false,"oneway":false,"bidirectional":true,"routing_speed_kph":15,"routing_source":"jbnu_walking_path_vehicle_filter_v1"},"geometry":{"type":"LineString","coordinates":[[127.123135,35.842618],[127.1233728,35.8424705],[127.12341703722466,35.842506818334904]]}},{"type":"Feature","id":"osm-way-705044499","properties":{"osm_id":705044499,"highway":"living_street","name":"기린대로","foot":null,"access":null,"surface":null,"source":"OpenStreetMap contributors","source_layer":"openstreetmap_campus_paths","effective_highway":"living_street","drivable":true,"vehicle_access":"unknown","campus_private_access":false,"oneway":false,"bidirectional":true,"routing_speed_kph":15,"routing_source":"jbnu_walking_path_vehicle_filter_v1"},"geometry":{"type":"LineString","coordinates":[[127.1245143,35.8422817],[127.1249454,35.8427373],[127.1249857,35.842782]]}},{"type":"Feature","id":"osm-way-706903054","properties":{"osm_id":706903054,"highway":"service","name":null,"foot":null,"access":null,"surface":null,"source":"OpenStreetMap contributors","source_layer":"openstreetmap_campus_paths","effective_highway":"service","drivable":true,"vehicle_access":"unknown","campus_private_access":false,"oneway":false,"bidirectional":true,"routing_speed_kph":15,"routing_source":"jbnu_walking_path_vehicle_filter_v1"},"geometry":{"type":"LineString","coordinates":[[127.1240475,35.8395055],[127.12387609999999,35.839341525]]}},{"type":"Feature","id":"osm-way-706903055","properties":{"osm_id":706903055,"highway":"service","name":null,"foot":null,"access":null,"surface":null,"source":"OpenStreetMap contributors","source_layer":"openstreetmap_campus_paths","effective_highway":"service","drivable":true,"vehicle_access":"unknown","campus_private_access":false,"oneway":false,"bidirectional":true,"routing_speed_kph":15,"routing_source":"jbnu_walking_path_vehicle_filter_v1"},"geometry":{"type":"LineString","coordinates":[[127.12387609999999,35.839341525],[127.1240752,35.8391611]]}},{"type":"Feature","id":"osm-way-706903056","properties":{"osm_id":706903056,"highway":"service","name":null,"foot":null,"access":null,"surface":null,"source":"OpenStreetMap contributors","source_layer":"openstreetmap_campus_paths","effective_highway":"service","drivable":true,"vehicle_access":"unknown","campus_private_access":false,"oneway":false,"bidirectional":true,"routing_speed_kph":15,"routing_source":"jbnu_walking_path_vehicle_filter_v1"},"geometry":{"type":"LineString","coordinates":[[127.12387609999999,35.839341525],[127.123668,35.8391756],[127.1238598,35.8390034],[127.1240752,35.8391611]]}},{"type":"Feature","id":"osm-way-706903057","properties":{"osm_id":706903057,"highway":"service","name":null,"foot":null,"access":null,"surface":null,"source":"OpenStreetMap contributors","source_layer":"openstreetmap_campus_paths","effective_highway":"service","drivable":true,"vehicle_access":"unknown","campus_private_access":false,"oneway":false,"bidirectional":true,"routing_speed_kph":15,"routing_source":"jbnu_walking_path_vehicle_filter_v1"},"geometry":{"type":"LineString","coordinates":[[127.123927,35.8396082],[127.1240475,35.8395055]]}},{"type":"Feature","id":"osm-way-706903059","properties":{"osm_id":706903059,"highway":"service","name":null,"foot":null,"access":null,"surface":null,"source":"OpenStreetMap contributors","source_layer":"openstreetmap_campus_paths","effective_highway":"service","drivable":true,"vehicle_access":"unknown","campus_private_access":false,"oneway":false,"bidirectional":true,"routing_speed_kph":15,"routing_source":"jbnu_walking_path_vehicle_filter_v1"},"geometry":{"type":"LineString","coordinates":[[127.1257966,35.8409318],[127.1261716,35.8405817]]}},{"type":"Feature","id":"osm-way-707831620","properties":{"osm_id":707831620,"highway":"service","name":null,"foot":null,"access":null,"surface":null,"source":"OpenStreetMap contributors","source_layer":"openstreetmap_campus_paths","effective_highway":"service","drivable":true,"vehicle_access":"unknown","campus_private_access":false,"oneway":false,"bidirectional":true,"routing_speed_kph":15,"routing_source":"jbnu_walking_path_vehicle_filter_v1"},"geometry":{"type":"LineString","coordinates":[[127.1393231,35.8477043],[127.1392575,35.8478477],[127.1391843,35.8480078],[127.1391211,35.848146]]}},{"type":"Feature","id":"osm-way-707834858","properties":{"osm_id":707834858,"highway":"service","name":null,"foot":null,"access":null,"surface":null,"source":"OpenStreetMap contributors","source_layer":"openstreetmap_campus_paths","effective_highway":"service","drivable":true,"vehicle_access":"unknown","campus_private_access":false,"oneway":false,"bidirectional":true,"routing_speed_kph":15,"routing_source":"jbnu_walking_path_vehicle_filter_v1"},"geometry":{"type":"LineString","coordinates":[[127.14211220921737,35.84550390735118],[127.1420676,35.8455928],[127.1408702,35.845224],[127.1407304,35.8451867],[127.1400084,35.8449866],[127.1396825,35.844888],[127.1394101,35.8448161],[127.1393037,35.8448131],[127.138964,35.8448815],[127.1388111,35.8448863],[127.13865086478711,35.84485047391328],[127.13837126666665,35.8447641],[127.1382282,35.8447082]]}},{"type":"Feature","id":"osm-way-707834860","properties":{"osm_id":707834860,"highway":"service","name":null,"foot":null,"access":null,"surface":null,"source":"OpenStreetMap contributors","source_layer":"openstreetmap_campus_paths","effective_highway":"service","drivable":true,"vehicle_access":"unknown","campus_private_access":false,"oneway":false,"bidirectional":true,"routing_speed_kph":15,"routing_source":"jbnu_walking_path_vehicle_filter_v1"},"geometry":{"type":"LineString","coordinates":[[127.1382282,35.8447082],[127.13840060000001,35.844719100000006],[127.13874949999999,35.8447977],[127.1388616,35.8448318],[127.1389934,35.8448224],[127.1392756,35.8447484],[127.1394983,35.8447452],[127.1397245,35.8448108],[127.1400505,35.8449087],[127.1407642,35.8451153],[127.1409992,35.8451538],[127.1415939,35.845333],[127.14211220921737,35.84550390735118],[127.1420676,35.8455928]]}},{"type":"Feature","id":"osm-way-714966393","properties":{"osm_id":714966393,"highway":"living_street","name":"명륜4길","foot":null,"access":null,"surface":null,"source":"OpenStreetMap contributors","source_layer":"openstreetmap_campus_paths","effective_highway":"living_street","drivable":true,"vehicle_access":"unknown","campus_private_access":false,"oneway":false,"bidirectional":true,"routing_speed_kph":15,"routing_source":"jbnu_walking_path_vehicle_filter_v1"},"geometry":{"type":"LineString","coordinates":[[127.1254541,35.8435321],[127.1262847,35.8431315],[127.1265588,35.8429618]]}},{"type":"Feature","id":"osm-way-714966395","properties":{"osm_id":714966395,"highway":"living_street","name":"명륜1길","foot":null,"access":null,"surface":null,"source":"OpenStreetMap contributors","source_layer":"openstreetmap_campus_paths","effective_highway":"living_street","drivable":true,"vehicle_access":"unknown","campus_private_access":false,"oneway":false,"bidirectional":true,"routing_speed_kph":15,"routing_source":"jbnu_walking_path_vehicle_filter_v1"},"geometry":{"type":"LineString","coordinates":[[127.1291152,35.8411627],[127.1295518,35.8407713]]}},{"type":"Feature","id":"osm-way-720252315","properties":{"osm_id":720252315,"highway":"service","name":null,"foot":null,"access":null,"surface":null,"source":"OpenStreetMap contributors","source_layer":"openstreetmap_campus_paths","effective_highway":"service","drivable":true,"vehicle_access":"unknown","campus_private_access":false,"oneway":false,"bidirectional":true,"routing_speed_kph":15,"routing_source":"jbnu_walking_path_vehicle_filter_v1"},"geometry":{"type":"LineString","coordinates":[[127.1240107,35.8436708],[127.1240427,35.8437432],[127.1241494,35.8438018],[127.1241544,35.8438777],[127.1238656,35.8441203]]}},{"type":"Feature","id":"osm-way-720252316","properties":{"osm_id":720252316,"highway":"residential","name":"덕진광장로","foot":null,"access":null,"surface":null,"source":"OpenStreetMap contributors","source_layer":"openstreetmap_campus_paths","effective_highway":"residential","drivable":true,"vehicle_access":"unknown","campus_private_access":false,"oneway":false,"bidirectional":true,"routing_speed_kph":20,"routing_source":"jbnu_walking_path_vehicle_filter_v1"},"geometry":{"type":"LineString","coordinates":[[127.1240931,35.8436083],[127.12417523333333,35.843644866666665],[127.12421025,35.8437231],[127.1245034,35.8440053],[127.1245913,35.84402276666666],[127.1248372,35.8443252],[127.1246588,35.8443836],[127.124593,35.8444064],[127.1246563,35.8444635],[127.1250988,35.8448803],[127.12557726666667,35.845265366666666],[127.12568316666666,35.84540256666667]]}},{"type":"Feature","id":"osm-way-736677384","properties":{"osm_id":736677384,"highway":"tertiary","name":"기린대로","foot":null,"access":null,"surface":"asphalt","source":"OpenStreetMap contributors","source_layer":"openstreetmap_campus_paths","effective_highway":"tertiary","drivable":true,"vehicle_access":"unknown","campus_private_access":false,"oneway":false,"bidirectional":true,"routing_speed_kph":30,"routing_source":"jbnu_walking_path_vehicle_filter_v1"},"geometry":{"type":"LineString","coordinates":[[127.1358314,35.8348613],[127.135756,35.8349273],[127.1356052,35.8350831],[127.1352962,35.8353457],[127.1350156,35.8355841],[127.1342028,35.8361927],[127.1334427,35.8367456],[127.1326199,35.8373541],[127.1324902,35.83745],[127.1324137,35.8375076],[127.1323487,35.8375565],[127.1321552,35.8377023],[127.1319659,35.8378406],[127.1316758,35.8380572],[127.1312921,35.8383435],[127.1308001688044,35.8386946894906],[127.13038968731935,35.83898773206428],[127.1302561,35.8390831],[127.1300302,35.8392444],[127.1298902,35.8393444]]}},{"type":"Feature","id":"osm-way-743633084","properties":{"osm_id":743633084,"highway":"service","name":"공학로","foot":null,"access":null,"surface":null,"source":"OpenStreetMap contributors","source_layer":"openstreetmap_campus_paths","effective_highway":"service","drivable":true,"vehicle_access":"unknown","campus_private_access":false,"oneway":false,"bidirectional":true,"routing_speed_kph":15,"routing_source":"jbnu_walking_path_vehicle_filter_v1"},"geometry":{"type":"LineString","coordinates":[[127.1346389,35.8465184],[127.1344341,35.8465087],[127.1342353,35.8465049],[127.13403579654994,35.84649829274887],[127.1338901,35.8464931]]}},{"type":"Feature","id":"osm-way-743639971","properties":{"osm_id":743639971,"highway":"service","name":null,"foot":null,"access":null,"surface":null,"source":"OpenStreetMap contributors","source_layer":"openstreetmap_campus_paths","effective_highway":"service","drivable":true,"vehicle_access":"unknown","campus_private_access":false,"oneway":false,"bidirectional":true,"routing_speed_kph":15,"routing_source":"jbnu_walking_path_vehicle_filter_v1"},"geometry":{"type":"LineString","coordinates":[[127.1307116,35.84881075],[127.13065574918582,35.84886237169455],[127.130597,35.8489414],[127.1304289,35.8490526],[127.1303398,35.8491582]]}},{"type":"Feature","id":"osm-way-743824969","properties":{"osm_id":743824969,"highway":"service","name":null,"foot":null,"access":null,"surface":null,"source":"OpenStreetMap contributors","source_layer":"openstreetmap_campus_paths","effective_highway":"service","drivable":true,"vehicle_access":"unknown","campus_private_access":false,"oneway":false,"bidirectional":true,"routing_speed_kph":15,"routing_source":"jbnu_walking_path_vehicle_filter_v1"},"geometry":{"type":"LineString","coordinates":[[127.1310733,35.8448335],[127.131099775,35.8449841],[127.130835,35.8450145]]}},{"type":"Feature","id":"osm-way-743824971","properties":{"osm_id":743824971,"highway":"service","name":null,"foot":null,"access":null,"surface":null,"source":"OpenStreetMap contributors","source_layer":"openstreetmap_campus_paths","effective_highway":"service","drivable":true,"vehicle_access":"unknown","campus_private_access":false,"oneway":false,"bidirectional":true,"routing_speed_kph":15,"routing_source":"jbnu_walking_path_vehicle_filter_v1"},"geometry":{"type":"LineString","coordinates":[[127.1352274,35.8445416],[127.13519225999998,35.844223140000004]]}},{"type":"Feature","id":"osm-way-743824972","properties":{"osm_id":743824972,"highway":"service","name":null,"foot":null,"access":null,"surface":null,"source":"OpenStreetMap contributors","source_layer":"openstreetmap_campus_paths","effective_highway":"service","drivable":true,"vehicle_access":"unknown","campus_private_access":false,"oneway":false,"bidirectional":true,"routing_speed_kph":15,"routing_source":"jbnu_walking_path_vehicle_filter_v1"},"geometry":{"type":"LineString","coordinates":[[127.13360433333332,35.84348236666667],[127.1335965,35.8434053],[127.13358663074155,35.84329668741538],[127.13357298975197,35.843146566396435],[127.13357895,35.8429755],[127.1338735,35.8429522],[127.1342203,35.8429231]]}},{"type":"Feature","id":"osm-way-743824973","properties":{"osm_id":743824973,"highway":"service","name":null,"foot":null,"access":null,"surface":null,"source":"OpenStreetMap contributors","source_layer":"openstreetmap_campus_paths","effective_highway":"service","drivable":true,"vehicle_access":"unknown","campus_private_access":false,"oneway":false,"bidirectional":true,"routing_speed_kph":15,"routing_source":"jbnu_walking_path_vehicle_filter_v1"},"geometry":{"type":"LineString","coordinates":[[127.130493,35.84376635],[127.1303706,35.8439147],[127.1302612,35.8439896],[127.13017102500001,35.843975225]]}},{"type":"Feature","id":"osm-way-743824980","properties":{"osm_id":743824980,"highway":"service","name":null,"foot":null,"access":null,"surface":null,"source":"OpenStreetMap contributors","source_layer":"openstreetmap_campus_paths","effective_highway":"service","drivable":true,"vehicle_access":"unknown","campus_private_access":false,"oneway":false,"bidirectional":true,"routing_speed_kph":15,"routing_source":"jbnu_walking_path_vehicle_filter_v1"},"geometry":{"type":"LineString","coordinates":[[127.13091972500001,35.847626225],[127.1313709,35.8476531],[127.1317133,35.8476609],[127.1317126,35.8475718],[127.1316989,35.84744445],[127.13096365514885,35.84740695522115]]}},{"type":"Feature","id":"osm-way-743824982","properties":{"osm_id":743824982,"highway":"service","name":null,"foot":null,"access":null,"surface":null,"source":"OpenStreetMap contributors","source_layer":"openstreetmap_campus_paths","effective_highway":"service","drivable":true,"vehicle_access":"unknown","campus_private_access":false,"oneway":false,"bidirectional":true,"routing_speed_kph":15,"routing_source":"jbnu_walking_path_vehicle_filter_v1"},"geometry":{"type":"LineString","coordinates":[[127.130709225,35.847665250000006],[127.1306502,35.8475931],[127.13045767403787,35.84770437376645]]}},{"type":"Feature","id":"osm-way-743824983","properties":{"osm_id":743824983,"highway":"service","name":null,"foot":null,"access":null,"surface":null,"source":"OpenStreetMap contributors","source_layer":"openstreetmap_campus_paths","effective_highway":"service","drivable":true,"vehicle_access":"unknown","campus_private_access":false,"oneway":false,"bidirectional":true,"routing_speed_kph":15,"routing_source":"jbnu_walking_path_vehicle_filter_v1"},"geometry":{"type":"LineString","coordinates":[[127.1325847,35.8478308],[127.13255006666667,35.847953133333334],[127.13255534999999,35.8484287]]}},{"type":"Feature","id":"osm-way-743824984","properties":{"osm_id":743824984,"highway":"service","name":null,"foot":null,"access":null,"surface":null,"source":"OpenStreetMap contributors","source_layer":"openstreetmap_campus_paths","effective_highway":"service","drivable":true,"vehicle_access":"unknown","campus_private_access":false,"oneway":false,"bidirectional":true,"routing_speed_kph":15,"routing_source":"jbnu_walking_path_vehicle_filter_v1"},"geometry":{"type":"LineString","coordinates":[[127.1355302,35.8479538],[127.135535,35.8480091],[127.1355933,35.8482538],[127.1351667,35.8483471],[127.1347166,35.8484378],[127.1342217,35.8485607],[127.1342043,35.8486563],[127.1342539,35.8487585],[127.1343692,35.84879],[127.1346428,35.8487759],[127.1351381,35.8486764]]}},{"type":"Feature","id":"osm-way-743824985","properties":{"osm_id":743824985,"highway":"service","name":null,"foot":null,"access":null,"surface":null,"source":"OpenStreetMap contributors","source_layer":"openstreetmap_campus_paths","effective_highway":"service","drivable":true,"vehicle_access":"unknown","campus_private_access":false,"oneway":false,"bidirectional":true,"routing_speed_kph":15,"routing_source":"jbnu_walking_path_vehicle_filter_v1"},"geometry":{"type":"LineString","coordinates":[[127.1347166,35.8484378],[127.1346437,35.8482653]]}},{"type":"Feature","id":"osm-way-744058688","properties":{"osm_id":744058688,"highway":"service","name":null,"foot":null,"access":null,"surface":null,"source":"OpenStreetMap contributors","source_layer":"openstreetmap_campus_paths","effective_highway":"service","drivable":true,"vehicle_access":"unknown","campus_private_access":false,"oneway":false,"bidirectional":true,"routing_speed_kph":15,"routing_source":"jbnu_walking_path_vehicle_filter_v1"},"geometry":{"type":"LineString","coordinates":[[127.13375264999999,35.84388335],[127.13405100702096,35.84388021396874],[127.1341831,35.843874]]}},{"type":"Feature","id":"osm-way-744058697","properties":{"osm_id":744058697,"highway":"service","name":null,"foot":null,"access":null,"surface":null,"source":"OpenStreetMap contributors","source_layer":"openstreetmap_campus_paths","effective_highway":"service","drivable":true,"vehicle_access":"unknown","campus_private_access":false,"oneway":false,"bidirectional":true,"routing_speed_kph":15,"routing_source":"jbnu_walking_path_vehicle_filter_v1"},"geometry":{"type":"LineString","coordinates":[[127.13227894480666,35.8443674116765],[127.1322311,35.8440507]]}},{"type":"Feature","id":"osm-way-744058699","properties":{"osm_id":744058699,"highway":"service","name":null,"foot":null,"access":null,"surface":null,"source":"OpenStreetMap contributors","source_layer":"openstreetmap_campus_paths","effective_highway":"service","drivable":true,"vehicle_access":"unknown","campus_private_access":false,"oneway":false,"bidirectional":true,"routing_speed_kph":15,"routing_source":"jbnu_walking_path_vehicle_filter_v1"},"geometry":{"type":"LineString","coordinates":[[127.13453429212731,35.84380226744971],[127.1344289,35.8433979]]}},{"type":"Feature","id":"osm-way-744058700","properties":{"osm_id":744058700,"highway":"service","name":null,"foot":null,"access":null,"surface":null,"source":"OpenStreetMap contributors","source_layer":"openstreetmap_campus_paths","effective_highway":"service","drivable":true,"vehicle_access":"unknown","campus_private_access":false,"oneway":false,"bidirectional":true,"routing_speed_kph":15,"routing_source":"jbnu_walking_path_vehicle_filter_v1"},"geometry":{"type":"LineString","coordinates":[[127.1322084,35.8439364],[127.1321562,35.8436392]]}},{"type":"Feature","id":"osm-way-764422953","properties":{"osm_id":764422953,"highway":"tertiary","name":"기린대로","foot":null,"access":null,"surface":"asphalt","source":"OpenStreetMap contributors","source_layer":"openstreetmap_campus_paths","effective_highway":"tertiary","drivable":true,"vehicle_access":"unknown","campus_private_access":false,"oneway":false,"bidirectional":true,"routing_speed_kph":30,"routing_source":"jbnu_walking_path_vehicle_filter_v1"},"geometry":{"type":"LineString","coordinates":[[127.12029148639476,35.8461969524615],[127.1209046,35.8457218],[127.1211856,35.8455683],[127.121442,35.8454111],[127.121687,35.8452113],[127.1218276,35.8450928],[127.12353443076722,35.84383077911964],[127.12371173333334,35.8436997],[127.1238183,35.8436153],[127.1238709,35.8435748],[127.1241177,35.8434195],[127.1249857,35.842782],[127.1266524,35.8415544],[127.1273299,35.8410533],[127.1274098,35.8409922],[127.1274519,35.8409609],[127.1281838,35.8404417],[127.1287886,35.8400158],[127.1289359,35.8399121],[127.1291325,35.8397702],[127.12920503333333,35.83971783333333],[127.1293097,35.8396423],[127.1294304,35.8395532],[127.12952899999999,35.8394808],[127.1295669,35.8394531],[127.1297213,35.8393353],[127.1299441,35.8391648],[127.1302518,35.8389293],[127.131166,35.8382498],[127.1315632,35.8379658],[127.1317973,35.8377984],[127.1318596,35.8377538],[127.131988,35.8376635],[127.1320799,35.8375989],[127.1322579,35.8374688],[127.132526,35.8372746],[127.1334103,35.8366342],[127.134111,35.8361176],[127.1342358,35.8360152],[127.1349569,35.8354451],[127.1351613,35.8352565],[127.1354411,35.8349985],[127.1355537,35.8348895],[127.1356023,35.8348424],[127.1357083,35.8347576]]}},{"type":"Feature","id":"osm-way-876428424","properties":{"osm_id":876428424,"highway":"service","name":null,"foot":null,"access":null,"surface":null,"source":"OpenStreetMap contributors","source_layer":"openstreetmap_campus_paths","effective_highway":"service","drivable":true,"vehicle_access":"unknown","campus_private_access":false,"oneway":false,"bidirectional":true,"routing_speed_kph":15,"routing_source":"jbnu_walking_path_vehicle_filter_v1"},"geometry":{"type":"LineString","coordinates":[[127.12568316666666,35.84540256666667],[127.125722,35.8454441],[127.1256894,35.845608],[127.1256687,35.845711],[127.1256438,35.8458556],[127.12567575,35.84595265],[127.12571445,35.84602645],[127.1257339,35.8460844],[127.12582111761033,35.846096925551066],[127.1258625,35.8461496],[127.1259941,35.84620683333333]]}},{"type":"Feature","id":"osm-way-876428425","properties":{"osm_id":876428425,"highway":"service","name":null,"foot":null,"access":null,"surface":null,"source":"OpenStreetMap contributors","source_layer":"openstreetmap_campus_paths","effective_highway":"service","drivable":true,"vehicle_access":"unknown","campus_private_access":false,"oneway":false,"bidirectional":true,"routing_speed_kph":15,"routing_source":"jbnu_walking_path_vehicle_filter_v1"},"geometry":{"type":"LineString","coordinates":[[127.1267083,35.847759],[127.12662479573572,35.847915656760236],[127.1264358,35.8483695],[127.1262913,35.8488753]]}},{"type":"Feature","id":"osm-way-968143596","properties":{"osm_id":968143596,"highway":"service","name":null,"foot":null,"access":null,"surface":null,"source":"OpenStreetMap contributors","source_layer":"openstreetmap_campus_paths","effective_highway":"service","drivable":true,"vehicle_access":"unknown","campus_private_access":false,"oneway":false,"bidirectional":true,"routing_speed_kph":15,"routing_source":"jbnu_walking_path_vehicle_filter_v1"},"geometry":{"type":"LineString","coordinates":[[127.1261716,35.8508699],[127.1261666,35.8511208]]}},{"type":"Feature","id":"osm-way-968143609","properties":{"osm_id":968143609,"highway":"service","name":null,"foot":null,"access":null,"surface":null,"source":"OpenStreetMap contributors","source_layer":"openstreetmap_campus_paths","effective_highway":"service","drivable":true,"vehicle_access":"unknown","campus_private_access":false,"oneway":false,"bidirectional":true,"routing_speed_kph":15,"routing_source":"jbnu_walking_path_vehicle_filter_v1"},"geometry":{"type":"LineString","coordinates":[[127.1275717,35.8447436],[127.1275799,35.8447914],[127.1275633,35.8450486]]}},{"type":"Feature","id":"osm-way-968143610","properties":{"osm_id":968143610,"highway":"service","name":null,"foot":null,"access":null,"surface":null,"source":"OpenStreetMap contributors","source_layer":"openstreetmap_campus_paths","effective_highway":"service","drivable":true,"vehicle_access":"unknown","campus_private_access":false,"oneway":false,"bidirectional":true,"routing_speed_kph":15,"routing_source":"jbnu_walking_path_vehicle_filter_v1"},"geometry":{"type":"LineString","coordinates":[[127.12799664,35.84553212666666],[127.1278847,35.8454228],[127.1278691,35.8451902],[127.1278399,35.8451455],[127.1277004,35.8450824],[127.1275633,35.8450486],[127.1273303,35.8450476],[127.1273576,35.8448041],[127.1273658,35.8447328],[127.1275717,35.8447436]]}},{"type":"Feature","id":"osm-way-968143611","properties":{"osm_id":968143611,"highway":"service","name":null,"foot":null,"access":null,"surface":null,"source":"OpenStreetMap contributors","source_layer":"openstreetmap_campus_paths","effective_highway":"service","drivable":true,"vehicle_access":"unknown","campus_private_access":false,"oneway":false,"bidirectional":true,"routing_speed_kph":15,"routing_source":"jbnu_walking_path_vehicle_filter_v1"},"geometry":{"type":"LineString","coordinates":[[127.130835,35.8450145],[127.1308074,35.8448659],[127.1310733,35.8448335]]}},{"type":"Feature","id":"osm-way-968143612","properties":{"osm_id":968143612,"highway":"service","name":null,"foot":null,"access":null,"surface":null,"source":"OpenStreetMap contributors","source_layer":"openstreetmap_campus_paths","effective_highway":"service","drivable":true,"vehicle_access":"unknown","campus_private_access":false,"oneway":false,"bidirectional":true,"routing_speed_kph":15,"routing_source":"jbnu_walking_path_vehicle_filter_v1"},"geometry":{"type":"LineString","coordinates":[[127.131034,35.8446687],[127.1310572,35.844731],[127.1310733,35.8448335]]}},{"type":"Feature","id":"osm-way-968143613","properties":{"osm_id":968143613,"highway":"service","name":null,"foot":null,"access":null,"surface":null,"source":"OpenStreetMap contributors","source_layer":"openstreetmap_campus_paths","effective_highway":"service","drivable":true,"vehicle_access":"unknown","campus_private_access":false,"oneway":false,"bidirectional":true,"routing_speed_kph":15,"routing_source":"jbnu_walking_path_vehicle_filter_v1"},"geometry":{"type":"LineString","coordinates":[[127.1309366,35.8468238],[127.1309378,35.8467441],[127.13038237568996,35.84684940004311]]}},{"type":"Feature","id":"osm-way-968143614","properties":{"osm_id":968143614,"highway":"service","name":null,"foot":null,"access":null,"surface":null,"source":"OpenStreetMap contributors","source_layer":"openstreetmap_campus_paths","effective_highway":"service","drivable":true,"vehicle_access":"unknown","campus_private_access":false,"oneway":false,"bidirectional":true,"routing_speed_kph":15,"routing_source":"jbnu_walking_path_vehicle_filter_v1"},"geometry":{"type":"LineString","coordinates":[[127.12996435,35.84737355],[127.1299142,35.8474313],[127.12998844017538,35.84754330404147]]}},{"type":"Feature","id":"osm-way-968143615","properties":{"osm_id":968143615,"highway":"service","name":null,"foot":null,"access":null,"surface":null,"source":"OpenStreetMap contributors","source_layer":"openstreetmap_campus_paths","effective_highway":"service","drivable":true,"vehicle_access":"unknown","campus_private_access":false,"oneway":false,"bidirectional":true,"routing_speed_kph":15,"routing_source":"jbnu_walking_path_vehicle_filter_v1"},"geometry":{"type":"LineString","coordinates":[[127.1380668,35.8474444],[127.13831906983042,35.847521605386696],[127.1382724,35.8476218]]}},{"type":"Feature","id":"osm-way-968143616","properties":{"osm_id":968143616,"highway":"service","name":null,"foot":null,"access":null,"surface":null,"source":"OpenStreetMap contributors","source_layer":"openstreetmap_campus_paths","effective_highway":"service","drivable":true,"vehicle_access":"unknown","campus_private_access":false,"oneway":false,"bidirectional":true,"routing_speed_kph":15,"routing_source":"jbnu_walking_path_vehicle_filter_v1"},"geometry":{"type":"LineString","coordinates":[[127.138024,35.8475397],[127.1382724,35.8476218],[127.13831906983042,35.847521605386696]]}},{"type":"Feature","id":"osm-way-968143619","properties":{"osm_id":968143619,"highway":"service","name":null,"foot":null,"access":null,"surface":null,"source":"OpenStreetMap contributors","source_layer":"openstreetmap_campus_paths","effective_highway":"service","drivable":true,"vehicle_access":"unknown","campus_private_access":false,"oneway":false,"bidirectional":true,"routing_speed_kph":15,"routing_source":"jbnu_walking_path_vehicle_filter_v1"},"geometry":{"type":"LineString","coordinates":[[127.1380109,35.8463761],[127.1382697,35.8464591],[127.1384168,35.8461575]]}},{"type":"Feature","id":"osm-way-968143620","properties":{"osm_id":968143620,"highway":"service","name":null,"foot":null,"access":null,"surface":null,"source":"OpenStreetMap contributors","source_layer":"openstreetmap_campus_paths","effective_highway":"service","drivable":true,"vehicle_access":"unknown","campus_private_access":false,"oneway":false,"bidirectional":true,"routing_speed_kph":15,"routing_source":"jbnu_walking_path_vehicle_filter_v1"},"geometry":{"type":"LineString","coordinates":[[127.1384168,35.8461575],[127.1381618,35.8460739],[127.1380109,35.8463761]]}},{"type":"Feature","id":"osm-way-968143621","properties":{"osm_id":968143621,"highway":"service","name":null,"foot":null,"access":null,"surface":null,"source":"OpenStreetMap contributors","source_layer":"openstreetmap_campus_paths","effective_highway":"service","drivable":true,"vehicle_access":"unknown","campus_private_access":false,"oneway":false,"bidirectional":true,"routing_speed_kph":15,"routing_source":"jbnu_walking_path_vehicle_filter_v1"},"geometry":{"type":"LineString","coordinates":[[127.1385436,35.8465908],[127.1388651233783,35.846693195961414]]}},{"type":"Feature","id":"osm-way-968143622","properties":{"osm_id":968143622,"highway":"service","name":null,"foot":null,"access":null,"surface":null,"source":"OpenStreetMap contributors","source_layer":"openstreetmap_campus_paths","effective_highway":"service","drivable":true,"vehicle_access":"unknown","campus_private_access":false,"oneway":false,"bidirectional":true,"routing_speed_kph":15,"routing_source":"jbnu_walking_path_vehicle_filter_v1"},"geometry":{"type":"LineString","coordinates":[[127.1386221,35.846417],[127.13894820645885,35.846520604979276]]}},{"type":"Feature","id":"osm-way-968143623","properties":{"osm_id":968143623,"highway":"service","name":null,"foot":null,"access":null,"surface":null,"source":"OpenStreetMap contributors","source_layer":"openstreetmap_campus_paths","effective_highway":"service","drivable":true,"vehicle_access":"unknown","campus_private_access":false,"oneway":false,"bidirectional":true,"routing_speed_kph":15,"routing_source":"jbnu_walking_path_vehicle_filter_v1"},"geometry":{"type":"LineString","coordinates":[[127.1387855,35.8468586],[127.1384656,35.8467637],[127.1385436,35.8465908],[127.1386221,35.846417],[127.1386997,35.8462453]]}},{"type":"Feature","id":"osm-way-968143624","properties":{"osm_id":968143624,"highway":"service","name":null,"foot":null,"access":null,"surface":null,"source":"OpenStreetMap contributors","source_layer":"openstreetmap_campus_paths","effective_highway":"service","drivable":true,"vehicle_access":"unknown","campus_private_access":false,"oneway":false,"bidirectional":true,"routing_speed_kph":15,"routing_source":"jbnu_walking_path_vehicle_filter_v1"},"geometry":{"type":"LineString","coordinates":[[127.1390312,35.8463482],[127.1386997,35.8462453],[127.1384168,35.8461575]]}},{"type":"Feature","id":"osm-way-968143625","properties":{"osm_id":968143625,"highway":"service","name":null,"foot":null,"access":null,"surface":null,"source":"OpenStreetMap contributors","source_layer":"openstreetmap_campus_paths","effective_highway":"service","drivable":true,"vehicle_access":"unknown","campus_private_access":false,"oneway":false,"bidirectional":true,"routing_speed_kph":15,"routing_source":"jbnu_walking_path_vehicle_filter_v1"},"geometry":{"type":"LineString","coordinates":[[127.13865086478711,35.84485047391328],[127.1384164,35.8454486]]}},{"type":"Feature","id":"osm-way-968143626","properties":{"osm_id":968143626,"highway":"service","name":null,"foot":null,"access":null,"surface":null,"source":"OpenStreetMap contributors","source_layer":"openstreetmap_campus_paths","effective_highway":"service","drivable":true,"vehicle_access":"unknown","campus_private_access":false,"oneway":false,"bidirectional":true,"routing_speed_kph":15,"routing_source":"jbnu_walking_path_vehicle_filter_v1"},"geometry":{"type":"LineString","coordinates":[[127.1396958,35.8452028],[127.1402781,35.8453667]]}},{"type":"Feature","id":"osm-way-968143628","properties":{"osm_id":968143628,"highway":"service","name":null,"foot":null,"access":null,"surface":null,"source":"OpenStreetMap contributors","source_layer":"openstreetmap_campus_paths","effective_highway":"service","drivable":true,"vehicle_access":"unknown","campus_private_access":false,"oneway":false,"bidirectional":true,"routing_speed_kph":15,"routing_source":"jbnu_walking_path_vehicle_filter_v1"},"geometry":{"type":"LineString","coordinates":[[127.1396352,35.8453438],[127.1396958,35.8452028],[127.1397545,35.8450664],[127.1403328,35.8452299],[127.1402781,35.8453667],[127.1405892,35.8454607]]}},{"type":"Feature","id":"osm-way-968143629","properties":{"osm_id":968143629,"highway":"service","name":null,"foot":null,"access":null,"surface":null,"source":"OpenStreetMap contributors","source_layer":"openstreetmap_campus_paths","effective_highway":"service","drivable":true,"vehicle_access":"unknown","campus_private_access":false,"oneway":false,"bidirectional":true,"routing_speed_kph":15,"routing_source":"jbnu_walking_path_vehicle_filter_v1"},"geometry":{"type":"LineString","coordinates":[[127.1402325,35.8457033],[127.1403045,35.8455488],[127.140213,35.8455208],[127.1396352,35.8453438]]}},{"type":"Feature","id":"osm-way-968143633","properties":{"osm_id":968143633,"highway":"service","name":null,"foot":null,"access":null,"surface":null,"source":"OpenStreetMap contributors","source_layer":"openstreetmap_campus_paths","effective_highway":"service","drivable":true,"vehicle_access":"unknown","campus_private_access":false,"oneway":false,"bidirectional":true,"routing_speed_kph":15,"routing_source":"jbnu_walking_path_vehicle_filter_v1"},"geometry":{"type":"LineString","coordinates":[[127.1399729,35.847762849999995],[127.1397952,35.8477239],[127.1397404,35.84784],[127.1401847,35.8479778],[127.14033483271679,35.84817649130291]]}},{"type":"Feature","id":"osm-way-968143634","properties":{"osm_id":968143634,"highway":"service","name":null,"foot":null,"access":null,"surface":null,"source":"OpenStreetMap contributors","source_layer":"openstreetmap_campus_paths","effective_highway":"service","drivable":true,"vehicle_access":"unknown","campus_private_access":false,"oneway":false,"bidirectional":true,"routing_speed_kph":15,"routing_source":"jbnu_walking_path_vehicle_filter_v1"},"geometry":{"type":"LineString","coordinates":[[127.1397346,35.84729],[127.1404009,35.8474924],[127.1406304,35.8475621],[127.1405544,35.8477271],[127.1404746,35.847899],[127.1402499,35.8478308],[127.1399729,35.847762849999995],[127.1400591,35.8475767],[127.1403272,35.8476581],[127.1405544,35.8477271]]}},{"type":"Feature","id":"osm-way-968143641","properties":{"osm_id":968143641,"highway":"service","name":null,"foot":null,"access":null,"surface":null,"source":"OpenStreetMap contributors","source_layer":"openstreetmap_campus_paths","effective_highway":"service","drivable":true,"vehicle_access":"unknown","campus_private_access":false,"oneway":false,"bidirectional":true,"routing_speed_kph":15,"routing_source":"jbnu_walking_path_vehicle_filter_v1"},"geometry":{"type":"LineString","coordinates":[[127.1395563,35.8482475],[127.1396233,35.8480943],[127.1400779,35.8482248]]}},{"type":"Feature","id":"osm-way-968143644","properties":{"osm_id":968143644,"highway":"service","name":null,"foot":null,"access":null,"surface":null,"source":"OpenStreetMap contributors","source_layer":"openstreetmap_campus_paths","effective_highway":"service","drivable":true,"vehicle_access":"unknown","campus_private_access":false,"oneway":false,"bidirectional":true,"routing_speed_kph":15,"routing_source":"jbnu_walking_path_vehicle_filter_v1"},"geometry":{"type":"LineString","coordinates":[[127.1400779,35.8482248],[127.1400114,35.8483777],[127.1395563,35.8482475]]}},{"type":"Feature","id":"osm-way-968143645","properties":{"osm_id":968143645,"highway":"service","name":null,"foot":null,"access":null,"surface":null,"source":"OpenStreetMap contributors","source_layer":"openstreetmap_campus_paths","effective_highway":"service","drivable":true,"vehicle_access":"unknown","campus_private_access":false,"oneway":false,"bidirectional":true,"routing_speed_kph":15,"routing_source":"jbnu_walking_path_vehicle_filter_v1"},"geometry":{"type":"LineString","coordinates":[[127.1389818,35.8484586],[127.139192,35.8485203]]}},{"type":"Feature","id":"osm-way-968143646","properties":{"osm_id":968143646,"highway":"service","name":null,"foot":null,"access":null,"surface":null,"source":"OpenStreetMap contributors","source_layer":"openstreetmap_campus_paths","effective_highway":"service","drivable":true,"vehicle_access":"unknown","campus_private_access":false,"oneway":false,"bidirectional":true,"routing_speed_kph":15,"routing_source":"jbnu_walking_path_vehicle_filter_v1"},"geometry":{"type":"LineString","coordinates":[[127.1391211,35.848146],[127.1390516,35.8483019],[127.1389818,35.8484586],[127.13855298272873,35.84814923541733]]}},{"type":"Feature","id":"osm-way-968143647","properties":{"osm_id":968143647,"highway":"service","name":null,"foot":null,"access":null,"surface":null,"source":"OpenStreetMap contributors","source_layer":"openstreetmap_campus_paths","effective_highway":"service","drivable":true,"vehicle_access":"unknown","campus_private_access":false,"oneway":false,"bidirectional":true,"routing_speed_kph":15,"routing_source":"jbnu_walking_path_vehicle_filter_v1"},"geometry":{"type":"LineString","coordinates":[[127.1389115,35.8480813],[127.1389774,35.8479467],[127.1390568,35.8477847],[127.1391256,35.8476443],[127.1392007,35.8474912]]}},{"type":"Feature","id":"osm-way-968143648","properties":{"osm_id":968143648,"highway":"service","name":null,"foot":null,"access":null,"surface":null,"source":"OpenStreetMap contributors","source_layer":"openstreetmap_campus_paths","effective_highway":"service","drivable":true,"vehicle_access":"unknown","campus_private_access":false,"oneway":false,"bidirectional":true,"routing_speed_kph":15,"routing_source":"jbnu_walking_path_vehicle_filter_v1"},"geometry":{"type":"LineString","coordinates":[[127.1387436,35.847352],[127.1392007,35.8474912],[127.13940059999999,35.847529449999996],[127.1393231,35.8477043]]}},{"type":"Feature","id":"osm-way-968143649","properties":{"osm_id":968143649,"highway":"service","name":null,"foot":null,"access":null,"surface":null,"source":"OpenStreetMap contributors","source_layer":"openstreetmap_campus_paths","effective_highway":"service","drivable":true,"vehicle_access":"unknown","campus_private_access":false,"oneway":false,"bidirectional":true,"routing_speed_kph":15,"routing_source":"jbnu_walking_path_vehicle_filter_v1"},"geometry":{"type":"LineString","coordinates":[[127.1386106,35.8476448],[127.1390568,35.8477847],[127.1392575,35.8478477]]}},{"type":"Feature","id":"osm-way-968143650","properties":{"osm_id":968143650,"highway":"service","name":null,"foot":null,"access":null,"surface":null,"source":"OpenStreetMap contributors","source_layer":"openstreetmap_campus_paths","effective_highway":"service","drivable":true,"vehicle_access":"unknown","campus_private_access":false,"oneway":false,"bidirectional":true,"routing_speed_kph":15,"routing_source":"jbnu_walking_path_vehicle_filter_v1"},"geometry":{"type":"LineString","coordinates":[[127.1320914,35.8451514],[127.1323555,35.8452145],[127.1322941,35.8454481],[127.1322329,35.8457071]]}},{"type":"Feature","id":"osm-way-968143651","properties":{"osm_id":968143651,"highway":"service","name":null,"foot":null,"access":null,"surface":null,"source":"OpenStreetMap contributors","source_layer":"openstreetmap_campus_paths","effective_highway":"service","drivable":true,"vehicle_access":"unknown","campus_private_access":false,"oneway":false,"bidirectional":true,"routing_speed_kph":15,"routing_source":"jbnu_walking_path_vehicle_filter_v1"},"geometry":{"type":"LineString","coordinates":[[127.133137,35.8490861],[127.1338215,35.8490068]]}},{"type":"Feature","id":"osm-way-968143652","properties":{"osm_id":968143652,"highway":"service","name":null,"foot":null,"access":null,"surface":null,"source":"OpenStreetMap contributors","source_layer":"openstreetmap_campus_paths","effective_highway":"service","drivable":true,"vehicle_access":"unknown","campus_private_access":false,"oneway":false,"bidirectional":true,"routing_speed_kph":15,"routing_source":"jbnu_walking_path_vehicle_filter_v1"},"geometry":{"type":"LineString","coordinates":[[127.1330956,35.8486688],[127.133137,35.8490861]]}},{"type":"Feature","id":"osm-way-968143653","properties":{"osm_id":968143653,"highway":"service","name":null,"foot":null,"access":null,"surface":null,"source":"OpenStreetMap contributors","source_layer":"openstreetmap_campus_paths","effective_highway":"service","drivable":true,"vehicle_access":"unknown","campus_private_access":false,"oneway":false,"bidirectional":true,"routing_speed_kph":15,"routing_source":"jbnu_walking_path_vehicle_filter_v1"},"geometry":{"type":"LineString","coordinates":[[127.128953,35.8519635],[127.1292011,35.8518852]]}},{"type":"Feature","id":"osm-way-968143655","properties":{"osm_id":968143655,"highway":"service","name":null,"foot":null,"access":null,"surface":null,"source":"OpenStreetMap contributors","source_layer":"openstreetmap_campus_paths","effective_highway":"service","drivable":true,"vehicle_access":"unknown","campus_private_access":false,"oneway":false,"bidirectional":true,"routing_speed_kph":15,"routing_source":"jbnu_walking_path_vehicle_filter_v1"},"geometry":{"type":"LineString","coordinates":[[127.133542,35.8428084],[127.1338046,35.8427847],[127.133858,35.8428136],[127.1338735,35.8429522]]}},{"type":"Feature","id":"osm-way-968143656","properties":{"osm_id":968143656,"highway":"service","name":null,"foot":null,"access":null,"surface":null,"source":"OpenStreetMap contributors","source_layer":"openstreetmap_campus_paths","effective_highway":"service","drivable":true,"vehicle_access":"unknown","campus_private_access":false,"oneway":false,"bidirectional":true,"routing_speed_kph":15,"routing_source":"jbnu_walking_path_vehicle_filter_v1"},"geometry":{"type":"LineString","coordinates":[[127.13357895,35.8429755],[127.133542,35.8428084],[127.13333303053618,35.84256363684556]]}},{"type":"Feature","id":"osm-way-968143657","properties":{"osm_id":968143657,"highway":"service","name":null,"foot":null,"access":null,"surface":null,"source":"OpenStreetMap contributors","source_layer":"openstreetmap_campus_paths","effective_highway":"service","drivable":true,"vehicle_access":"unknown","campus_private_access":false,"oneway":false,"bidirectional":true,"routing_speed_kph":15,"routing_source":"jbnu_walking_path_vehicle_filter_v1"},"geometry":{"type":"LineString","coordinates":[[127.1288365,35.8438878],[127.1289538,35.8435304]]}},{"type":"Feature","id":"osm-way-968143659","properties":{"osm_id":968143659,"highway":"service","name":null,"foot":null,"access":null,"surface":null,"source":"OpenStreetMap contributors","source_layer":"openstreetmap_campus_paths","effective_highway":"service","drivable":true,"vehicle_access":"unknown","campus_private_access":false,"oneway":false,"bidirectional":true,"routing_speed_kph":15,"routing_source":"jbnu_walking_path_vehicle_filter_v1"},"geometry":{"type":"LineString","coordinates":[[127.1264468,35.8449422],[127.1268237,35.8450682],[127.1269641,35.8451024]]}},{"type":"Feature","id":"osm-way-968143660","properties":{"osm_id":968143660,"highway":"service","name":null,"foot":null,"access":null,"surface":null,"source":"OpenStreetMap contributors","source_layer":"openstreetmap_campus_paths","effective_highway":"service","drivable":true,"vehicle_access":"unknown","campus_private_access":false,"oneway":false,"bidirectional":true,"routing_speed_kph":15,"routing_source":"jbnu_walking_path_vehicle_filter_v1"},"geometry":{"type":"LineString","coordinates":[[127.1263556,35.8450905],[127.1269348,35.8452193]]}},{"type":"Feature","id":"osm-way-968143662","properties":{"osm_id":968143662,"highway":"service","name":null,"foot":null,"access":null,"surface":null,"source":"OpenStreetMap contributors","source_layer":"openstreetmap_campus_paths","effective_highway":"service","drivable":true,"vehicle_access":"unknown","campus_private_access":false,"oneway":false,"bidirectional":true,"routing_speed_kph":15,"routing_source":"jbnu_walking_path_vehicle_filter_v1"},"geometry":{"type":"LineString","coordinates":[[127.1278954,35.8510581],[127.1282163,35.8511177],[127.1281873,35.8512203]]}},{"type":"Feature","id":"osm-way-968143663","properties":{"osm_id":968143663,"highway":"service","name":null,"foot":null,"access":null,"surface":null,"source":"OpenStreetMap contributors","source_layer":"openstreetmap_campus_paths","effective_highway":"service","drivable":true,"vehicle_access":"unknown","campus_private_access":false,"oneway":false,"bidirectional":true,"routing_speed_kph":15,"routing_source":"jbnu_walking_path_vehicle_filter_v1"},"geometry":{"type":"LineString","coordinates":[[127.128358,35.851252],[127.1282916,35.8512397],[127.1281873,35.8512203]]}},{"type":"Feature","id":"osm-way-968143664","properties":{"osm_id":968143664,"highway":"service","name":null,"foot":null,"access":null,"surface":null,"source":"OpenStreetMap contributors","source_layer":"openstreetmap_campus_paths","effective_highway":"service","drivable":true,"vehicle_access":"unknown","campus_private_access":false,"oneway":false,"bidirectional":true,"routing_speed_kph":15,"routing_source":"jbnu_walking_path_vehicle_filter_v1"},"geometry":{"type":"LineString","coordinates":[[127.1281873,35.8512203],[127.1278664,35.8511607],[127.1278954,35.8510581]]}},{"type":"Feature","id":"osm-way-968143665","properties":{"osm_id":968143665,"highway":"service","name":null,"foot":null,"access":null,"surface":null,"source":"OpenStreetMap contributors","source_layer":"openstreetmap_campus_paths","effective_highway":"service","drivable":true,"vehicle_access":"unknown","campus_private_access":false,"oneway":false,"bidirectional":true,"routing_speed_kph":15,"routing_source":"jbnu_walking_path_vehicle_filter_v1"},"geometry":{"type":"LineString","coordinates":[[127.1272123,35.8494671],[127.12823303333333,35.84964086666667]]}},{"type":"Feature","id":"osm-way-968143666","properties":{"osm_id":968143666,"highway":"service","name":null,"foot":null,"access":null,"surface":null,"source":"OpenStreetMap contributors","source_layer":"openstreetmap_campus_paths","effective_highway":"service","drivable":true,"vehicle_access":"unknown","campus_private_access":false,"oneway":false,"bidirectional":true,"routing_speed_kph":15,"routing_source":"jbnu_walking_path_vehicle_filter_v1"},"geometry":{"type":"LineString","coordinates":[[127.12565439999999,35.8494353],[127.1258163,35.848806],[127.1262913,35.8488753]]}},{"type":"Feature","id":"osm-way-968143667","properties":{"osm_id":968143667,"highway":"service","name":null,"foot":null,"access":null,"surface":null,"source":"OpenStreetMap contributors","source_layer":"openstreetmap_campus_paths","effective_highway":"service","drivable":true,"vehicle_access":"unknown","campus_private_access":false,"oneway":false,"bidirectional":true,"routing_speed_kph":15,"routing_source":"jbnu_walking_path_vehicle_filter_v1"},"geometry":{"type":"LineString","coordinates":[[127.1262913,35.8488753],[127.1261075,35.8494949],[127.12565439999999,35.8494353]]}},{"type":"Feature","id":"osm-way-968143668","properties":{"osm_id":968143668,"highway":"service","name":null,"foot":null,"access":null,"surface":null,"source":"OpenStreetMap contributors","source_layer":"openstreetmap_campus_paths","effective_highway":"service","drivable":true,"vehicle_access":"unknown","campus_private_access":false,"oneway":false,"bidirectional":true,"routing_speed_kph":15,"routing_source":"jbnu_walking_path_vehicle_filter_v1"},"geometry":{"type":"LineString","coordinates":[[127.1255071,35.8473101],[127.1253815,35.8476085]]}},{"type":"Feature","id":"osm-way-968143669","properties":{"osm_id":968143669,"highway":"service","name":null,"foot":null,"access":null,"surface":null,"source":"OpenStreetMap contributors","source_layer":"openstreetmap_campus_paths","effective_highway":"service","drivable":true,"vehicle_access":"unknown","campus_private_access":false,"oneway":false,"bidirectional":true,"routing_speed_kph":15,"routing_source":"jbnu_walking_path_vehicle_filter_v1"},"geometry":{"type":"LineString","coordinates":[[127.1256515,35.8466157],[127.12583132039902,35.84652582693512]]}},{"type":"Feature","id":"osm-way-968143670","properties":{"osm_id":968143670,"highway":"service","name":null,"foot":null,"access":null,"surface":null,"source":"OpenStreetMap contributors","source_layer":"openstreetmap_campus_paths","effective_highway":"service","drivable":true,"vehicle_access":"unknown","campus_private_access":false,"oneway":false,"bidirectional":true,"routing_speed_kph":15,"routing_source":"jbnu_walking_path_vehicle_filter_v1"},"geometry":{"type":"LineString","coordinates":[[127.1252972,35.8465239],[127.1256515,35.8466157],[127.1257782,35.8466515]]}},{"type":"Feature","id":"osm-way-968357435","properties":{"osm_id":968357435,"highway":"service","name":null,"foot":null,"access":null,"surface":null,"source":"OpenStreetMap contributors","source_layer":"openstreetmap_campus_paths","effective_highway":"service","drivable":true,"vehicle_access":"unknown","campus_private_access":false,"oneway":false,"bidirectional":true,"routing_speed_kph":15,"routing_source":"jbnu_walking_path_vehicle_filter_v1"},"geometry":{"type":"LineString","coordinates":[[127.1272595,35.8445572],[127.1273658,35.8447328]]}},{"type":"Feature","id":"osm-way-968357437","properties":{"osm_id":968357437,"highway":"service","name":null,"foot":null,"access":null,"surface":null,"source":"OpenStreetMap contributors","source_layer":"openstreetmap_campus_paths","effective_highway":"service","drivable":true,"vehicle_access":"unknown","campus_private_access":false,"oneway":false,"bidirectional":true,"routing_speed_kph":15,"routing_source":"jbnu_walking_path_vehicle_filter_v1"},"geometry":{"type":"LineString","coordinates":[[127.1320232,35.8413439],[127.1320578,35.841402],[127.1322525,35.8414464]]}},{"type":"Feature","id":"osm-way-968357442","properties":{"osm_id":968357442,"highway":"service","name":null,"foot":null,"access":null,"surface":null,"source":"OpenStreetMap contributors","source_layer":"openstreetmap_campus_paths","effective_highway":"service","drivable":true,"vehicle_access":"unknown","campus_private_access":false,"oneway":false,"bidirectional":true,"routing_speed_kph":15,"routing_source":"jbnu_walking_path_vehicle_filter_v1"},"geometry":{"type":"LineString","coordinates":[[127.1391211,35.848146],[127.1389115,35.8480813],[127.1384737,35.847946]]}},{"type":"Feature","id":"osm-way-968357443","properties":{"osm_id":968357443,"highway":"service","name":null,"foot":null,"access":null,"surface":null,"source":"OpenStreetMap contributors","source_layer":"openstreetmap_campus_paths","effective_highway":"service","drivable":true,"vehicle_access":"unknown","campus_private_access":false,"oneway":false,"bidirectional":true,"routing_speed_kph":15,"routing_source":"jbnu_walking_path_vehicle_filter_v1"},"geometry":{"type":"LineString","coordinates":[[127.1386732,35.847507],[127.1391256,35.8476443],[127.1393231,35.8477043]]}},{"type":"Feature","id":"osm-way-968357447","properties":{"osm_id":968357447,"highway":"service","name":null,"foot":null,"access":null,"surface":null,"source":"OpenStreetMap contributors","source_layer":"openstreetmap_campus_paths","effective_highway":"service","drivable":true,"vehicle_access":"unknown","campus_private_access":false,"oneway":false,"bidirectional":true,"routing_speed_kph":15,"routing_source":"jbnu_walking_path_vehicle_filter_v1"},"geometry":{"type":"LineString","coordinates":[[127.1268203,35.8507037],[127.1268502,35.8503134]]}},{"type":"Feature","id":"osm-way-968357449","properties":{"osm_id":968357449,"highway":"service","name":null,"foot":null,"access":null,"surface":null,"source":"OpenStreetMap contributors","source_layer":"openstreetmap_campus_paths","effective_highway":"service","drivable":true,"vehicle_access":"unknown","campus_private_access":false,"oneway":false,"bidirectional":true,"routing_speed_kph":15,"routing_source":"jbnu_walking_path_vehicle_filter_v1"},"geometry":{"type":"LineString","coordinates":[[127.1266103,35.8506926],[127.1268203,35.8507037],[127.12711096840751,35.85072199103522]]}},{"type":"Feature","id":"osm-way-968357454","properties":{"osm_id":968357454,"highway":"service","name":null,"foot":null,"access":null,"surface":null,"source":"OpenStreetMap contributors","source_layer":"openstreetmap_campus_paths","effective_highway":"service","drivable":true,"vehicle_access":"unknown","campus_private_access":false,"oneway":false,"bidirectional":true,"routing_speed_kph":15,"routing_source":"jbnu_walking_path_vehicle_filter_v1"},"geometry":{"type":"LineString","coordinates":[[127.1401265,35.8464358],[127.1399152,35.8469005],[127.1397346,35.84729],[127.1394615,35.8479174],[127.1393965,35.8480681],[127.139192,35.8485203],[127.13906889087146,35.848813836496475]]}},{"type":"Feature","id":"osm-way-968358896","properties":{"osm_id":968358896,"highway":"service","name":null,"foot":null,"access":null,"surface":null,"source":"OpenStreetMap contributors","source_layer":"openstreetmap_campus_paths","effective_highway":"service","drivable":true,"vehicle_access":"unknown","campus_private_access":false,"oneway":false,"bidirectional":true,"routing_speed_kph":15,"routing_source":"jbnu_walking_path_vehicle_filter_v1"},"geometry":{"type":"LineString","coordinates":[[127.138053,35.8485285],[127.1381584,35.8483023],[127.1379358,35.8482393]]}},{"type":"Feature","id":"osm-way-968358897","properties":{"osm_id":968358897,"highway":"service","name":null,"foot":null,"access":null,"surface":null,"source":"OpenStreetMap contributors","source_layer":"openstreetmap_campus_paths","effective_highway":"service","drivable":true,"vehicle_access":"unknown","campus_private_access":false,"oneway":false,"bidirectional":true,"routing_speed_kph":15,"routing_source":"jbnu_walking_path_vehicle_filter_v1"},"geometry":{"type":"LineString","coordinates":[[127.1387925,35.8472445],[127.1393911,35.84744155],[127.13940059999999,35.847529449999996]]}},{"type":"Feature","id":"osm-way-1070840243","properties":{"osm_id":1070840243,"highway":"service","name":"농생명로(녹두로)","foot":null,"access":null,"surface":null,"source":"OpenStreetMap contributors","source_layer":"openstreetmap_campus_paths","effective_highway":"service","drivable":true,"vehicle_access":"unknown","campus_private_access":false,"oneway":false,"bidirectional":true,"routing_speed_kph":15,"routing_source":"jbnu_walking_path_vehicle_filter_v1"},"geometry":{"type":"LineString","coordinates":[[127.1349176,35.8479338],[127.13502976666666,35.8479841],[127.13498273333333,35.84807893333333],[127.1349468,35.8481267],[127.1347949,35.84822595],[127.13472259999999,35.848219699999994]]}},{"type":"Feature","id":"osm-way-1074389621","properties":{"osm_id":1074389621,"highway":"service","name":null,"foot":null,"access":null,"surface":null,"source":"OpenStreetMap contributors","source_layer":"openstreetmap_campus_paths","effective_highway":"service","drivable":true,"vehicle_access":"unknown","campus_private_access":false,"oneway":false,"bidirectional":true,"routing_speed_kph":15,"routing_source":"jbnu_walking_path_vehicle_filter_v1"},"geometry":{"type":"LineString","coordinates":[[127.1270031,35.84499085],[127.1271562,35.8450326],[127.1273303,35.8450476]]}},{"type":"Feature","id":"osm-way-1074389622","properties":{"osm_id":1074389622,"highway":"service","name":null,"foot":null,"access":null,"surface":null,"source":"OpenStreetMap contributors","source_layer":"openstreetmap_campus_paths","effective_highway":"service","drivable":true,"vehicle_access":"unknown","campus_private_access":false,"oneway":false,"bidirectional":true,"routing_speed_kph":15,"routing_source":"jbnu_walking_path_vehicle_filter_v1"},"geometry":{"type":"LineString","coordinates":[[127.1275717,35.8447436],[127.1277253,35.8446657],[127.1278278,35.8446294]]}},{"type":"Feature","id":"osm-way-1074393053","properties":{"osm_id":1074393053,"highway":"service","name":null,"foot":null,"access":null,"surface":null,"source":"OpenStreetMap contributors","source_layer":"openstreetmap_campus_paths","effective_highway":"service","drivable":true,"vehicle_access":"unknown","campus_private_access":false,"oneway":false,"bidirectional":true,"routing_speed_kph":15,"routing_source":"jbnu_walking_path_vehicle_filter_v1"},"geometry":{"type":"LineString","coordinates":[[127.128953,35.8519635],[127.1288444,35.8518254]]}},{"type":"Feature","id":"osm-way-1074408341","properties":{"osm_id":1074408341,"highway":"service","name":null,"foot":null,"access":null,"surface":null,"source":"OpenStreetMap contributors","source_layer":"openstreetmap_campus_paths","effective_highway":"service","drivable":true,"vehicle_access":"unknown","campus_private_access":false,"oneway":false,"bidirectional":true,"routing_speed_kph":15,"routing_source":"jbnu_walking_path_vehicle_filter_v1"},"geometry":{"type":"LineString","coordinates":[[127.1273249,35.8409254],[127.127276,35.8408879],[127.1271995,35.8408289]]}},{"type":"Feature","id":"osm-way-1074408342","properties":{"osm_id":1074408342,"highway":"service","name":null,"foot":null,"access":null,"surface":null,"source":"OpenStreetMap contributors","source_layer":"openstreetmap_campus_paths","effective_highway":"service","drivable":true,"vehicle_access":"unknown","campus_private_access":false,"oneway":false,"bidirectional":true,"routing_speed_kph":15,"routing_source":"jbnu_walking_path_vehicle_filter_v1"},"geometry":{"type":"LineString","coordinates":[[127.1271995,35.8408289],[127.1265275,35.8413459],[127.1264348,35.8414154]]}},{"type":"Feature","id":"osm-way-1074408349","properties":{"osm_id":1074408349,"highway":"service","name":null,"foot":null,"access":null,"surface":null,"source":"OpenStreetMap contributors","source_layer":"openstreetmap_campus_paths","effective_highway":"service","drivable":true,"vehicle_access":"unknown","campus_private_access":false,"oneway":false,"bidirectional":true,"routing_speed_kph":15,"routing_source":"jbnu_walking_path_vehicle_filter_v1"},"geometry":{"type":"LineString","coordinates":[[127.127319,35.8408576],[127.1273663,35.8408952],[127.1274519,35.8409609]]}},{"type":"Feature","id":"osm-way-1074414264","properties":{"osm_id":1074414264,"highway":"service","name":null,"foot":null,"access":null,"surface":null,"source":"OpenStreetMap contributors","source_layer":"openstreetmap_campus_paths","effective_highway":"service","drivable":true,"vehicle_access":"unknown","campus_private_access":false,"oneway":false,"bidirectional":true,"routing_speed_kph":15,"routing_source":"jbnu_walking_path_vehicle_filter_v1"},"geometry":{"type":"LineString","coordinates":[[127.1362447,35.8401995],[127.1363267143518,35.840134302538445],[127.136629,35.839894]]}},{"type":"Feature","id":"osm-way-1074414265","properties":{"osm_id":1074414265,"highway":"residential","name":null,"foot":null,"access":null,"surface":null,"source":"OpenStreetMap contributors","source_layer":"openstreetmap_campus_paths","effective_highway":"residential","drivable":true,"vehicle_access":"unknown","campus_private_access":false,"oneway":false,"bidirectional":true,"routing_speed_kph":20,"routing_source":"jbnu_walking_path_vehicle_filter_v1"},"geometry":{"type":"LineString","coordinates":[[127.1370755,35.8401961],[127.1372694,35.8404025]]}},{"type":"Feature","id":"osm-way-1074422378","properties":{"osm_id":1074422378,"highway":"service","name":null,"foot":null,"access":null,"surface":null,"source":"OpenStreetMap contributors","source_layer":"openstreetmap_campus_paths","effective_highway":"service","drivable":true,"vehicle_access":"unknown","campus_private_access":false,"oneway":false,"bidirectional":true,"routing_speed_kph":15,"routing_source":"jbnu_walking_path_vehicle_filter_v1"},"geometry":{"type":"LineString","coordinates":[[127.1229576,35.8427511],[127.1230479,35.8426822],[127.123135,35.842618]]}},{"type":"Feature","id":"osm-way-1074430889","properties":{"osm_id":1074430889,"highway":"residential","name":null,"foot":null,"access":null,"surface":null,"source":"OpenStreetMap contributors","source_layer":"openstreetmap_campus_paths","effective_highway":"residential","drivable":true,"vehicle_access":"unknown","campus_private_access":false,"oneway":false,"bidirectional":true,"routing_speed_kph":20,"routing_source":"jbnu_walking_path_vehicle_filter_v1"},"geometry":{"type":"LineString","coordinates":[[127.1280918,35.8526624],[127.128061,35.8525967],[127.1279734,35.8524859],[127.127805,35.8523582],[127.1275601,35.8522761],[127.1271545,35.85221],[127.126888,35.8521611],[127.1265643,35.8520962],[127.12634385,35.85201565],[127.1261747,35.8518154],[127.12603276666665,35.851653733333336],[127.1259868,35.8515707],[127.1257742,35.8512935],[127.125614,35.8510088],[127.1254877,35.8507341],[127.125336,35.8503819],[127.1252499,35.8501859],[127.12525763333333,35.85008023333334]]}},{"type":"Feature","id":"osm-way-1090717121","properties":{"osm_id":1090717121,"highway":"service","name":null,"foot":null,"access":null,"surface":null,"source":"OpenStreetMap contributors","source_layer":"openstreetmap_campus_paths","effective_highway":"service","drivable":true,"vehicle_access":"unknown","campus_private_access":false,"oneway":false,"bidirectional":true,"routing_speed_kph":15,"routing_source":"jbnu_walking_path_vehicle_filter_v1"},"geometry":{"type":"LineString","coordinates":[[127.1390516,35.8483019],[127.13855298272873,35.84814923541733],[127.1384023,35.8481031]]}},{"type":"Feature","id":"osm-way-1090717122","properties":{"osm_id":1090717122,"highway":"service","name":null,"foot":null,"access":null,"surface":null,"source":"OpenStreetMap contributors","source_layer":"openstreetmap_campus_paths","effective_highway":"service","drivable":true,"vehicle_access":"unknown","campus_private_access":false,"oneway":false,"bidirectional":true,"routing_speed_kph":15,"routing_source":"jbnu_walking_path_vehicle_filter_v1"},"geometry":{"type":"LineString","coordinates":[[127.1384023,35.8481031],[127.1384737,35.847946],[127.13852949883422,35.84782316703328],[127.1386106,35.8476448],[127.1386732,35.847507],[127.1387436,35.847352],[127.1387925,35.8472445],[127.1388853,35.8470401]]}},{"type":"Feature","id":"osm-way-1097687064","properties":{"osm_id":1097687064,"highway":"service","name":null,"foot":null,"access":null,"surface":null,"source":"OpenStreetMap contributors","source_layer":"openstreetmap_campus_paths","effective_highway":"service","drivable":true,"vehicle_access":"unknown","campus_private_access":false,"oneway":false,"bidirectional":true,"routing_speed_kph":15,"routing_source":"jbnu_walking_path_vehicle_filter_v1"},"geometry":{"type":"LineString","coordinates":[[127.1317688,35.841285799999994],[127.13180732500001,35.841325775],[127.1318595,35.841306],[127.1320232,35.8413439]]}},{"type":"Feature","id":"osm-way-1097688855","properties":{"osm_id":1097688855,"highway":"service","name":null,"foot":null,"access":null,"surface":null,"source":"OpenStreetMap contributors","source_layer":"openstreetmap_campus_paths","effective_highway":"service","drivable":true,"vehicle_access":"unknown","campus_private_access":false,"oneway":false,"bidirectional":true,"routing_speed_kph":15,"routing_source":"jbnu_walking_path_vehicle_filter_v1"},"geometry":{"type":"LineString","coordinates":[[127.1349888779567,35.84376675052846],[127.135066,35.8438349],[127.1350784,35.8439074],[127.1351656,35.8438903],[127.13519146666665,35.84415786666667],[127.13519225999998,35.844223140000004]]}},{"type":"Feature","id":"osm-way-1109016981","properties":{"osm_id":1109016981,"highway":"tertiary_link","name":null,"foot":null,"access":null,"surface":null,"source":"OpenStreetMap contributors","source_layer":"openstreetmap_campus_paths","effective_highway":"tertiary_link","drivable":true,"vehicle_access":"unknown","campus_private_access":false,"oneway":false,"bidirectional":true,"routing_speed_kph":25,"routing_source":"jbnu_walking_path_vehicle_filter_v1"},"geometry":{"type":"LineString","coordinates":[[127.13166285,35.840806],[127.13168235,35.8407207],[127.13169242857143,35.84059761428571],[127.131647,35.84051155],[127.1316468,35.8404431]]}},{"type":"Feature","id":"osm-way-1115640440","properties":{"osm_id":1115640440,"highway":"service","name":null,"foot":null,"access":null,"surface":null,"source":"OpenStreetMap contributors","source_layer":"openstreetmap_campus_paths","effective_highway":"service","drivable":true,"vehicle_access":"unknown","campus_private_access":false,"oneway":false,"bidirectional":true,"routing_speed_kph":15,"routing_source":"jbnu_walking_path_vehicle_filter_v1"},"geometry":{"type":"LineString","coordinates":[[127.1323664,35.8423957],[127.13248113251373,35.84215725381952]]}},{"type":"Feature","id":"osm-way-1137624667","properties":{"osm_id":1137624667,"highway":"tertiary","name":"조경단로","foot":null,"access":null,"surface":"asphalt","source":"OpenStreetMap contributors","source_layer":"openstreetmap_campus_paths","effective_highway":"tertiary","drivable":true,"vehicle_access":"unknown","campus_private_access":false,"oneway":false,"bidirectional":true,"routing_speed_kph":30,"routing_source":"jbnu_walking_path_vehicle_filter_v1"},"geometry":{"type":"LineString","coordinates":[[127.1280918,35.8526624],[127.128564,35.8525161],[127.1293127,35.8522899],[127.1301138,35.8520197],[127.1306452,35.8519013],[127.13087943333335,35.851818699999995],[127.1310316,35.8517907],[127.1320663,35.8514747],[127.1325895,35.8513255],[127.1326531,35.8513074],[127.1328419,35.8512442]]}},{"type":"Feature","id":"osm-way-1137624668","properties":{"osm_id":1137624668,"highway":"tertiary","name":"조경단로","foot":null,"access":null,"surface":null,"source":"OpenStreetMap contributors","source_layer":"openstreetmap_campus_paths","effective_highway":"tertiary","drivable":true,"vehicle_access":"unknown","campus_private_access":false,"oneway":false,"bidirectional":true,"routing_speed_kph":30,"routing_source":"jbnu_walking_path_vehicle_filter_v1"},"geometry":{"type":"LineString","coordinates":[[127.12279004119888,35.85144651114529],[127.1229337,35.8515593],[127.1230905,35.8516521]]}},{"type":"Feature","id":"osm-way-1221501271","properties":{"osm_id":1221501271,"highway":"living_street","name":"금암1길","foot":null,"access":null,"surface":null,"source":"OpenStreetMap contributors","source_layer":"openstreetmap_campus_paths","effective_highway":"living_street","drivable":true,"vehicle_access":"unknown","campus_private_access":false,"oneway":false,"bidirectional":true,"routing_speed_kph":15,"routing_source":"jbnu_walking_path_vehicle_filter_v1"},"geometry":{"type":"LineString","coordinates":[[127.1331691,35.8407559],[127.1332437,35.8406055],[127.1334007,35.8404048],[127.1336939,35.8399711],[127.1341687,35.8395691]]}},{"type":"Feature","id":"osm-way-1228596131","properties":{"osm_id":1228596131,"highway":"service","name":"정의로","foot":null,"access":null,"surface":null,"source":"OpenStreetMap contributors","source_layer":"openstreetmap_campus_paths","effective_highway":"service","drivable":true,"vehicle_access":"unknown","campus_private_access":false,"oneway":false,"bidirectional":true,"routing_speed_kph":15,"routing_source":"jbnu_walking_path_vehicle_filter_v1"},"geometry":{"type":"LineString","coordinates":[[127.13461,35.8442764],[127.1344869,35.8442899],[127.1340035,35.844343],[127.1338948,35.844362],[127.1336454,35.8443822],[127.13330245,35.844421275],[127.1321212,35.8445497],[127.1320124,35.8445613],[127.13173762214075,35.84458836820711],[127.1316573,35.8445999],[127.1311171,35.8446589],[127.131034,35.8446687],[127.1307071,35.8447153],[127.1305592,35.8447072]]}},{"type":"Feature","id":"osm-way-1228664618","properties":{"osm_id":1228664618,"highway":"service","name":null,"foot":null,"access":null,"surface":null,"source":"OpenStreetMap contributors","source_layer":"openstreetmap_campus_paths","effective_highway":"service","drivable":true,"vehicle_access":"unknown","campus_private_access":false,"oneway":false,"bidirectional":true,"routing_speed_kph":15,"routing_source":"jbnu_walking_path_vehicle_filter_v1"},"geometry":{"type":"LineString","coordinates":[[127.133285525,35.847369225],[127.13334085893433,35.84666410811276],[127.1333562,35.8464728]]}},{"type":"Feature","id":"osm-way-1228664619","properties":{"osm_id":1228664619,"highway":"service","name":null,"foot":null,"access":null,"surface":null,"source":"OpenStreetMap contributors","source_layer":"openstreetmap_campus_paths","effective_highway":"service","drivable":true,"vehicle_access":"unknown","campus_private_access":false,"oneway":false,"bidirectional":true,"routing_speed_kph":15,"routing_source":"jbnu_walking_path_vehicle_filter_v1"},"geometry":{"type":"LineString","coordinates":[[127.13138809555757,35.847287150383984],[127.13147140303579,35.846464848011166]]}},{"type":"Feature","id":"osm-way-1229993207","properties":{"osm_id":1229993207,"highway":"service","name":"공학로","foot":null,"access":null,"surface":"asphalt","source":"OpenStreetMap contributors","source_layer":"openstreetmap_campus_paths","effective_highway":"service","drivable":true,"vehicle_access":"unknown","campus_private_access":false,"oneway":false,"bidirectional":true,"routing_speed_kph":15,"routing_source":"jbnu_walking_path_vehicle_filter_v1"},"geometry":{"type":"LineString","coordinates":[[127.1303245,35.8458149],[127.1304759,35.84582435],[127.1307531,35.8457903],[127.13125837188124,35.84572894000056],[127.1318016,35.845663],[127.1318837,35.845653]]}},{"type":"Feature","id":"osm-way-1229993208","properties":{"osm_id":1229993208,"highway":"service","name":"공학로","foot":null,"access":null,"surface":"asphalt","source":"OpenStreetMap contributors","source_layer":"openstreetmap_campus_paths","effective_highway":"service","drivable":true,"vehicle_access":"unknown","campus_private_access":false,"oneway":false,"bidirectional":true,"routing_speed_kph":15,"routing_source":"jbnu_walking_path_vehicle_filter_v1"},"geometry":{"type":"LineString","coordinates":[[127.132443875,35.84625545],[127.1321806,35.8459308],[127.132033,35.8457373],[127.1319801,35.8456685]]}},{"type":"Feature","id":"osm-way-1280489679","properties":{"osm_id":1280489679,"highway":"service","name":null,"foot":null,"access":null,"surface":null,"source":"OpenStreetMap contributors","source_layer":"openstreetmap_campus_paths","effective_highway":"service","drivable":true,"vehicle_access":"unknown","campus_private_access":false,"oneway":false,"bidirectional":true,"routing_speed_kph":15,"routing_source":"jbnu_walking_path_vehicle_filter_v1"},"geometry":{"type":"LineString","coordinates":[[127.1338901,35.8464931],[127.1338872,35.8466295],[127.133873275,35.846851175000005],[127.133865125,35.847107449999996],[127.1338614,35.847155],[127.13393928062116,35.84738559908578],[127.133931175,35.8474775],[127.13394395,35.8475167],[127.13395680933336,35.847725706880304],[127.13393570000001,35.8478294],[127.1339497,35.8478943]]}},{"type":"Feature","id":"osm-way-1299259732","properties":{"osm_id":1299259732,"highway":"service","name":null,"foot":null,"access":null,"surface":null,"source":"OpenStreetMap contributors","source_layer":"openstreetmap_campus_paths","effective_highway":"service","drivable":true,"vehicle_access":"unknown","campus_private_access":false,"oneway":false,"bidirectional":true,"routing_speed_kph":15,"routing_source":"jbnu_walking_path_vehicle_filter_v1"},"geometry":{"type":"LineString","coordinates":[[127.1267575,35.8476091],[127.1268658,35.8472687],[127.1269199,35.8471318],[127.12703455083242,35.846860658931845],[127.1271309,35.8466328],[127.12718309999998,35.8464505]]}},{"type":"Feature","id":"osm-way-1299259737","properties":{"osm_id":1299259737,"highway":"service","name":null,"foot":null,"access":null,"surface":null,"source":"OpenStreetMap contributors","source_layer":"openstreetmap_campus_paths","effective_highway":"service","drivable":true,"vehicle_access":"unknown","campus_private_access":false,"oneway":false,"bidirectional":true,"routing_speed_kph":15,"routing_source":"jbnu_walking_path_vehicle_filter_v1"},"geometry":{"type":"LineString","coordinates":[[127.1266782544232,35.84487921698499],[127.1267569,35.8447669],[127.126836,35.8447013],[127.12694649999999,35.844704799999995],[127.1271066,35.8447636],[127.1271675,35.8447175],[127.1273658,35.8447328]]}},{"type":"Feature","id":"osm-way-1299259740","properties":{"osm_id":1299259740,"highway":"service","name":"농생명로(녹두로)","foot":null,"access":null,"surface":null,"source":"OpenStreetMap contributors","source_layer":"openstreetmap_campus_paths","effective_highway":"service","drivable":true,"vehicle_access":"unknown","campus_private_access":false,"oneway":false,"bidirectional":true,"routing_speed_kph":15,"routing_source":"jbnu_walking_path_vehicle_filter_v1"},"geometry":{"type":"LineString","coordinates":[[127.13472259999999,35.848219699999994],[127.13476658333335,35.848152533333334],[127.1348436,35.8480802],[127.1348555,35.8479781],[127.1349176,35.8479338]]}},{"type":"Feature","id":"osm-way-1299259741","properties":{"osm_id":1299259741,"highway":"service","name":null,"foot":null,"access":null,"surface":null,"source":"OpenStreetMap contributors","source_layer":"openstreetmap_campus_paths","effective_highway":"service","drivable":true,"vehicle_access":"unknown","campus_private_access":false,"oneway":false,"bidirectional":true,"routing_speed_kph":15,"routing_source":"jbnu_walking_path_vehicle_filter_v1"},"geometry":{"type":"LineString","coordinates":[[127.1271675,35.8447175],[127.1271545,35.8446612],[127.127054,35.8446383],[127.12694649999999,35.844704799999995]]}},{"type":"Feature","id":"osm-way-1327522089","properties":{"osm_id":1327522089,"highway":"service","name":null,"foot":null,"access":null,"surface":null,"source":"OpenStreetMap contributors","source_layer":"openstreetmap_campus_paths","effective_highway":"service","drivable":true,"vehicle_access":"unknown","campus_private_access":false,"oneway":false,"bidirectional":true,"routing_speed_kph":15,"routing_source":"jbnu_walking_path_vehicle_filter_v1"},"geometry":{"type":"LineString","coordinates":[[127.12787897999999,35.84654604],[127.1279121,35.8464127]]}},{"type":"Feature","id":"osm-way-1327522106","properties":{"osm_id":1327522106,"highway":"service","name":null,"foot":null,"access":null,"surface":null,"source":"OpenStreetMap contributors","source_layer":"openstreetmap_campus_paths","effective_highway":"service","drivable":true,"vehicle_access":"unknown","campus_private_access":false,"oneway":false,"bidirectional":true,"routing_speed_kph":15,"routing_source":"jbnu_walking_path_vehicle_filter_v1"},"geometry":{"type":"LineString","coordinates":[[127.1307531,35.8457903],[127.13072770000001,35.8457373],[127.1307325,35.8456671],[127.13108077740496,35.845689542036745]]}},{"type":"Feature","id":"osm-way-1327522120","properties":{"osm_id":1327522120,"highway":"service","name":null,"foot":null,"access":null,"surface":null,"source":"OpenStreetMap contributors","source_layer":"openstreetmap_campus_paths","effective_highway":"service","drivable":true,"vehicle_access":"unknown","campus_private_access":false,"oneway":false,"bidirectional":true,"routing_speed_kph":15,"routing_source":"jbnu_walking_path_vehicle_filter_v1"},"geometry":{"type":"LineString","coordinates":[[127.13009646117962,35.8452790719444],[127.1300423,35.8452824],[127.1300293,35.8453352]]}},{"type":"Feature","id":"osm-way-1328178407","properties":{"osm_id":1328178407,"highway":"service","name":"건지대로","foot":null,"access":null,"surface":null,"source":"OpenStreetMap contributors","source_layer":"openstreetmap_campus_paths","effective_highway":"service","drivable":true,"vehicle_access":"unknown","campus_private_access":false,"oneway":false,"bidirectional":true,"routing_speed_kph":15,"routing_source":"jbnu_walking_path_vehicle_filter_v1"},"geometry":{"type":"LineString","coordinates":[[127.1305592,35.8447072],[127.1307125,35.8441185],[127.1307439,35.8439919],[127.1307801,35.8438401],[127.1308005,35.8437396]]}},{"type":"Feature","id":"osm-way-1328178408","properties":{"osm_id":1328178408,"highway":"service","name":"건지대로","foot":null,"access":null,"surface":null,"source":"OpenStreetMap contributors","source_layer":"openstreetmap_campus_paths","effective_highway":"service","drivable":true,"vehicle_access":"unknown","campus_private_access":false,"oneway":false,"bidirectional":true,"routing_speed_kph":15,"routing_source":"jbnu_walking_path_vehicle_filter_v1"},"geometry":{"type":"LineString","coordinates":[[127.1319831,35.8405281],[127.1319978,35.8406099],[127.1319848,35.8406573],[127.1319432,35.8408093],[127.1318882,35.8409339],[127.13180271815534,35.841144731945505],[127.1317688,35.841285799999994]]}},{"type":"Feature","id":"osm-way-1328178409","properties":{"osm_id":1328178409,"highway":"service","name":"건지대로","foot":null,"access":null,"surface":null,"source":"OpenStreetMap contributors","source_layer":"openstreetmap_campus_paths","effective_highway":"service","drivable":true,"vehicle_access":"unknown","campus_private_access":false,"oneway":false,"bidirectional":true,"routing_speed_kph":15,"routing_source":"jbnu_walking_path_vehicle_filter_v1"},"geometry":{"type":"LineString","coordinates":[[127.1308866,35.8434228],[127.1308586,35.8433752],[127.130903,35.84325],[127.1309712,35.8430578],[127.1310481,35.8428614],[127.1311214,35.842674],[127.1312126,35.8424446],[127.1312393,35.8423768],[127.1312621,35.8423186],[127.1312884,35.8422517],[127.1313146,35.8421848],[127.1314809,35.8417521],[127.1316793,35.8412336],[127.1317313,35.8410906],[127.1318104,35.8409075],[127.1318827,35.8407412],[127.1319241,35.8406399],[127.1319831,35.8405281]]}},{"type":"Feature","id":"osm-way-1328178414","properties":{"osm_id":1328178414,"highway":"service","name":null,"foot":null,"access":null,"surface":null,"source":"OpenStreetMap contributors","source_layer":"openstreetmap_campus_paths","effective_highway":"service","drivable":true,"vehicle_access":"unknown","campus_private_access":false,"oneway":false,"bidirectional":true,"routing_speed_kph":15,"routing_source":"jbnu_walking_path_vehicle_filter_v1"},"geometry":{"type":"LineString","coordinates":[[127.130795375,35.842806675000006],[127.1309637,35.84285693333333],[127.1310481,35.8428614]]}},{"type":"Feature","id":"osm-way-1328178416","properties":{"osm_id":1328178416,"highway":"service","name":null,"foot":null,"access":null,"surface":null,"source":"OpenStreetMap contributors","source_layer":"openstreetmap_campus_paths","effective_highway":"service","drivable":true,"vehicle_access":"unknown","campus_private_access":false,"oneway":false,"bidirectional":true,"routing_speed_kph":15,"routing_source":"jbnu_walking_path_vehicle_filter_v1"},"geometry":{"type":"LineString","coordinates":[[127.1309569,35.8433777],[127.1310151,35.8434527],[127.13107213333335,35.84350303333333],[127.1310862,35.8435451],[127.1311801,35.843618],[127.1312676,35.8436557]]}},{"type":"Feature","id":"osm-way-1328178439","properties":{"osm_id":1328178439,"highway":"service","name":null,"foot":null,"access":null,"surface":null,"source":"OpenStreetMap contributors","source_layer":"openstreetmap_campus_paths","effective_highway":"service","drivable":true,"vehicle_access":"unknown","campus_private_access":false,"oneway":false,"bidirectional":true,"routing_speed_kph":15,"routing_source":"jbnu_walking_path_vehicle_filter_v1"},"geometry":{"type":"LineString","coordinates":[[127.131034,35.8446687],[127.13097883333334,35.84461556666667],[127.1309889,35.8445253],[127.1308903,35.8445353],[127.1308718,35.8444291],[127.131095125,35.844386],[127.1310998,35.8445115],[127.1309889,35.8445253]]}},{"type":"Feature","id":"osm-way-1328178440","properties":{"osm_id":1328178440,"highway":"service","name":null,"foot":null,"access":null,"surface":null,"source":"OpenStreetMap contributors","source_layer":"openstreetmap_campus_paths","effective_highway":"service","drivable":true,"vehicle_access":"unknown","campus_private_access":false,"oneway":false,"bidirectional":true,"routing_speed_kph":15,"routing_source":"jbnu_walking_path_vehicle_filter_v1"},"geometry":{"type":"LineString","coordinates":[[127.1310998,35.8445115],[127.13140215888254,35.84456418128428]]}},{"type":"Feature","id":"osm-way-1328178445","properties":{"osm_id":1328178445,"highway":"service","name":null,"foot":null,"access":null,"surface":null,"source":"OpenStreetMap contributors","source_layer":"openstreetmap_campus_paths","effective_highway":"service","drivable":true,"vehicle_access":"unknown","campus_private_access":false,"oneway":false,"bidirectional":true,"routing_speed_kph":15,"routing_source":"jbnu_walking_path_vehicle_filter_v1"},"geometry":{"type":"LineString","coordinates":[[127.1320525,35.8448362],[127.13177063333335,35.84464903333333]]}},{"type":"Feature","id":"osm-way-1328178447","properties":{"osm_id":1328178447,"highway":"service","name":null,"foot":null,"access":null,"surface":null,"source":"OpenStreetMap contributors","source_layer":"openstreetmap_campus_paths","effective_highway":"service","drivable":true,"vehicle_access":"unknown","campus_private_access":false,"oneway":false,"bidirectional":true,"routing_speed_kph":15,"routing_source":"jbnu_walking_path_vehicle_filter_v1"},"geometry":{"type":"LineString","coordinates":[[127.1323555,35.8452145],[127.13253994576095,35.845211590951834]]}},{"type":"Feature","id":"osm-way-1328178457","properties":{"osm_id":1328178457,"highway":"service","name":null,"foot":null,"access":null,"surface":null,"source":"OpenStreetMap contributors","source_layer":"openstreetmap_campus_paths","effective_highway":"service","drivable":true,"vehicle_access":"unknown","campus_private_access":false,"oneway":false,"bidirectional":true,"routing_speed_kph":15,"routing_source":"jbnu_walking_path_vehicle_filter_v1"},"geometry":{"type":"LineString","coordinates":[[127.12995492499999,35.847232149999996],[127.12983750000001,35.8472225]]}},{"type":"Feature","id":"osm-way-1328178458","properties":{"osm_id":1328178458,"highway":"service","name":"중도로","foot":null,"access":null,"surface":null,"source":"OpenStreetMap contributors","source_layer":"openstreetmap_campus_paths","effective_highway":"service","drivable":true,"vehicle_access":"unknown","campus_private_access":false,"oneway":false,"bidirectional":true,"routing_speed_kph":15,"routing_source":"jbnu_walking_path_vehicle_filter_v1"},"geometry":{"type":"LineString","coordinates":[[127.12995492499999,35.847232149999996],[127.129993,35.8473226],[127.12996435,35.84737355]]}},{"type":"Feature","id":"osm-way-1367280774","properties":{"osm_id":1367280774,"highway":"residential","name":null,"foot":null,"access":null,"surface":null,"source":"OpenStreetMap contributors","source_layer":"openstreetmap_campus_paths","effective_highway":"residential","drivable":true,"vehicle_access":"unknown","campus_private_access":false,"oneway":false,"bidirectional":true,"routing_speed_kph":20,"routing_source":"jbnu_walking_path_vehicle_filter_v1"},"geometry":{"type":"LineString","coordinates":[[127.1233541,35.8503093],[127.1231668,35.8503418]]}},{"type":"Feature","id":"osm-way-1367280775","properties":{"osm_id":1367280775,"highway":"service","name":null,"foot":null,"access":null,"surface":null,"source":"OpenStreetMap contributors","source_layer":"openstreetmap_campus_paths","effective_highway":"service","drivable":true,"vehicle_access":"unknown","campus_private_access":false,"oneway":false,"bidirectional":true,"routing_speed_kph":15,"routing_source":"jbnu_walking_path_vehicle_filter_v1"},"geometry":{"type":"LineString","coordinates":[[127.1231668,35.8503418],[127.1227908,35.8504297],[127.12267025,35.850458599999996],[127.12253734999999,35.850502250000005],[127.1224316,35.8505575],[127.1223697,35.850602],[127.1221552,35.8509108],[127.1221035,35.85099]]}},{"type":"Feature","id":"osm-way-1367280776","properties":{"osm_id":1367280776,"highway":"service","name":null,"foot":null,"access":null,"surface":null,"source":"OpenStreetMap contributors","source_layer":"openstreetmap_campus_paths","effective_highway":"service","drivable":true,"vehicle_access":"unknown","campus_private_access":false,"oneway":false,"bidirectional":true,"routing_speed_kph":15,"routing_source":"jbnu_walking_path_vehicle_filter_v1"},"geometry":{"type":"LineString","coordinates":[[127.12282909999999,35.851291599999996],[127.1229558,35.851095],[127.1230585,35.8511376],[127.12292778237767,35.85134187126917],[127.12282909999999,35.851291599999996]]}},{"type":"Feature","id":"osm-way-1367280781","properties":{"osm_id":1367280781,"highway":"tertiary","name":"조경단로","foot":null,"access":null,"surface":null,"source":"OpenStreetMap contributors","source_layer":"openstreetmap_campus_paths","effective_highway":"tertiary","drivable":true,"vehicle_access":"unknown","campus_private_access":false,"oneway":false,"bidirectional":true,"routing_speed_kph":30,"routing_source":"jbnu_walking_path_vehicle_filter_v1"},"geometry":{"type":"LineString","coordinates":[[127.1230905,35.8516521],[127.1232639,35.8517731],[127.1233392,35.8518322],[127.1234483,35.8519015],[127.1237416881584,35.85206514190149],[127.12415455,35.852234100000004],[127.1243464,35.8523063],[127.1244628,35.8523393],[127.1245907,35.852342725],[127.1247498,35.8524154],[127.1254333,35.8525472],[127.1255199,35.8525668],[127.1262035,35.8527261],[127.1266822,35.8528131],[127.1271305,35.8528245],[127.1274668,35.852798],[127.1277827,35.8527507],[127.1278964,35.8527336],[127.1279539,35.8527127],[127.1280918,35.8526624]]}},{"type":"Feature","id":"osm-way-1367280782","properties":{"osm_id":1367280782,"highway":"tertiary","name":"조경단로","foot":null,"access":null,"surface":null,"source":"OpenStreetMap contributors","source_layer":"openstreetmap_campus_paths","effective_highway":"tertiary","drivable":true,"vehicle_access":"unknown","campus_private_access":false,"oneway":false,"bidirectional":true,"routing_speed_kph":30,"routing_source":"jbnu_walking_path_vehicle_filter_v1"},"geometry":{"type":"LineString","coordinates":[[127.124597,35.8524524],[127.1243232,35.8523789],[127.124082,35.8522893],[127.1237628,35.8521654],[127.123331,35.8518907],[127.1232058,35.8518216],[127.12304719137835,35.85170666333925]]}},{"type":"Feature","id":"osm-way-1367280783","properties":{"osm_id":1367280783,"highway":"tertiary","name":"조경단로","foot":null,"access":null,"surface":null,"source":"OpenStreetMap contributors","source_layer":"openstreetmap_campus_paths","effective_highway":"tertiary","drivable":true,"vehicle_access":"unknown","campus_private_access":false,"oneway":false,"bidirectional":true,"routing_speed_kph":30,"routing_source":"jbnu_walking_path_vehicle_filter_v1"},"geometry":{"type":"LineString","coordinates":[[127.12304719137835,35.85170666333925],[127.1228852,35.8516045],[127.12270371403424,35.85150326808603]]}},{"type":"Feature","id":"osm-way-1367280798","properties":{"osm_id":1367280798,"highway":"service","name":null,"foot":null,"access":null,"surface":null,"source":"OpenStreetMap contributors","source_layer":"openstreetmap_campus_paths","effective_highway":"service","drivable":true,"vehicle_access":"unknown","campus_private_access":false,"oneway":false,"bidirectional":true,"routing_speed_kph":15,"routing_source":"jbnu_walking_path_vehicle_filter_v1"},"geometry":{"type":"LineString","coordinates":[[127.1231668,35.8503418],[127.12318565000001,35.850277500000004],[127.123187,35.8501905],[127.1232514,35.8501666]]}},{"type":"Feature","id":"osm-way-1367280799","properties":{"osm_id":1367280799,"highway":"service","name":null,"foot":null,"access":null,"surface":"grass_paver","source":"OpenStreetMap contributors","source_layer":"openstreetmap_campus_paths","effective_highway":"service","drivable":true,"vehicle_access":"unknown","campus_private_access":false,"oneway":false,"bidirectional":true,"routing_speed_kph":15,"routing_source":"jbnu_walking_path_vehicle_filter_v1"},"geometry":{"type":"LineString","coordinates":[[127.1232514,35.8501666],[127.1233835,35.8501443],[127.1233573,35.8500514],[127.1235979,35.8499834],[127.1239032,35.849897],[127.1239447,35.8500036],[127.1233835,35.8501443]]}},{"type":"Feature","id":"osm-way-1367280819","properties":{"osm_id":1367280819,"highway":"service","name":null,"foot":null,"access":null,"surface":null,"source":"OpenStreetMap contributors","source_layer":"openstreetmap_campus_paths","effective_highway":"service","drivable":true,"vehicle_access":"unknown","campus_private_access":false,"oneway":false,"bidirectional":true,"routing_speed_kph":15,"routing_source":"jbnu_walking_path_vehicle_filter_v1"},"geometry":{"type":"LineString","coordinates":[[127.1276121,35.8463715],[127.1279121,35.8464127],[127.12810186666667,35.846416000000005],[127.1281421,35.8462181],[127.127911,35.8461898],[127.12773731500334,35.84621870409989],[127.1276442,35.8462342],[127.1276121,35.8463715]]}},{"type":"Feature","id":"osm-way-1367330247","properties":{"osm_id":1367330247,"highway":"service","name":null,"foot":null,"access":null,"surface":null,"source":"OpenStreetMap contributors","source_layer":"openstreetmap_campus_paths","effective_highway":"service","drivable":true,"vehicle_access":"unknown","campus_private_access":false,"oneway":false,"bidirectional":true,"routing_speed_kph":15,"routing_source":"jbnu_walking_path_vehicle_filter_v1"},"geometry":{"type":"LineString","coordinates":[[127.1351624,35.8479388],[127.1351357,35.8479864],[127.1350717,35.8480847]]}},{"type":"Feature","id":"osm-way-1367330248","properties":{"osm_id":1367330248,"highway":"service","name":"농생명로(녹두로)","foot":null,"access":null,"surface":null,"source":"OpenStreetMap contributors","source_layer":"openstreetmap_campus_paths","effective_highway":"service","drivable":true,"vehicle_access":"unknown","campus_private_access":false,"oneway":false,"bidirectional":true,"routing_speed_kph":15,"routing_source":"jbnu_walking_path_vehicle_filter_v1"},"geometry":{"type":"LineString","coordinates":[[127.13472259999999,35.848219699999994],[127.1346437,35.8482653]]}},{"type":"Feature","id":"osm-way-1367330249","properties":{"osm_id":1367330249,"highway":"service","name":null,"foot":null,"access":null,"surface":null,"source":"OpenStreetMap contributors","source_layer":"openstreetmap_campus_paths","effective_highway":"service","drivable":true,"vehicle_access":"unknown","campus_private_access":false,"oneway":false,"bidirectional":true,"routing_speed_kph":15,"routing_source":"jbnu_walking_path_vehicle_filter_v1"},"geometry":{"type":"LineString","coordinates":[[127.1350717,35.8480847],[127.1350535,35.8480239],[127.13502976666666,35.8479841],[127.1350419,35.8479371]]}},{"type":"Feature","id":"osm-way-1367330250","properties":{"osm_id":1367330250,"highway":"service","name":null,"foot":null,"access":null,"surface":null,"source":"OpenStreetMap contributors","source_layer":"openstreetmap_campus_paths","effective_highway":"service","drivable":true,"vehicle_access":"unknown","campus_private_access":false,"oneway":false,"bidirectional":true,"routing_speed_kph":15,"routing_source":"jbnu_walking_path_vehicle_filter_v1"},"geometry":{"type":"LineString","coordinates":[[127.1350717,35.8480847],[127.13498273333333,35.84807893333333]]}},{"type":"Feature","id":"osm-way-1368399482","properties":{"osm_id":1368399482,"highway":"service","name":null,"foot":null,"access":null,"surface":null,"source":"OpenStreetMap contributors","source_layer":"openstreetmap_campus_paths","effective_highway":"service","drivable":true,"vehicle_access":"unknown","campus_private_access":false,"oneway":false,"bidirectional":true,"routing_speed_kph":15,"routing_source":"jbnu_walking_path_vehicle_filter_v1"},"geometry":{"type":"LineString","coordinates":[[127.1337037,35.848055],[127.1337151,35.8478825]]}},{"type":"Feature","id":"osm-way-1368399496","properties":{"osm_id":1368399496,"highway":"service","name":null,"foot":null,"access":null,"surface":null,"source":"OpenStreetMap contributors","source_layer":"openstreetmap_campus_paths","effective_highway":"service","drivable":true,"vehicle_access":"unknown","campus_private_access":false,"oneway":false,"bidirectional":true,"routing_speed_kph":15,"routing_source":"jbnu_walking_path_vehicle_filter_v1"},"geometry":{"type":"LineString","coordinates":[[127.1359451,35.847961749999996],[127.1355302,35.8479538],[127.1352495,35.8479423],[127.1351624,35.8479388],[127.1350419,35.8479371],[127.1349176,35.8479338]]}},{"type":"Feature","id":"osm-way-1368399498","properties":{"osm_id":1368399498,"highway":"tertiary","name":"조경단로","foot":null,"access":null,"surface":null,"source":"OpenStreetMap contributors","source_layer":"openstreetmap_campus_paths","effective_highway":"tertiary","drivable":true,"vehicle_access":"unknown","campus_private_access":false,"oneway":false,"bidirectional":true,"routing_speed_kph":30,"routing_source":"jbnu_walking_path_vehicle_filter_v1"},"geometry":{"type":"LineString","coordinates":[[127.1364394,35.8484189],[127.1359408,35.8495309],[127.13568795,35.850021]]}},{"type":"Feature","id":"osm-way-1368399499","properties":{"osm_id":1368399499,"highway":"tertiary","name":"조경단로","foot":null,"access":null,"surface":null,"source":"OpenStreetMap contributors","source_layer":"openstreetmap_campus_paths","effective_highway":"tertiary","drivable":true,"vehicle_access":"unknown","campus_private_access":false,"oneway":false,"bidirectional":true,"routing_speed_kph":30,"routing_source":"jbnu_walking_path_vehicle_filter_v1"},"geometry":{"type":"LineString","coordinates":[[127.1355665,35.8500721],[127.13558345,35.85001075],[127.1358504,35.849536],[127.1363734,35.8484069]]}},{"type":"Feature","id":"osm-way-1368399500","properties":{"osm_id":1368399500,"highway":"tertiary","name":"조경단로","foot":null,"access":null,"surface":"asphalt","source":"OpenStreetMap contributors","source_layer":"openstreetmap_campus_paths","effective_highway":"tertiary","drivable":true,"vehicle_access":"unknown","campus_private_access":false,"oneway":false,"bidirectional":true,"routing_speed_kph":30,"routing_source":"jbnu_walking_path_vehicle_filter_v1"},"geometry":{"type":"LineString","coordinates":[[127.13568795,35.850021],[127.1355985,35.8501669],[127.135475,35.8503096],[127.1353051,35.8504706],[127.1350711,35.8506426],[127.1348418,35.8507632],[127.1346949,35.8508227],[127.1345185,35.850878],[127.1339148,35.8510458],[127.1329667,35.8512964],[127.1328736,35.8513246],[127.13269526666666,35.851404699999996],[127.1324426,35.8514486],[127.1322275,35.8515121],[127.1311612,35.8518239],[127.130922,35.8518976],[127.1307253,35.8519557],[127.1299769,35.8521697],[127.1294772,35.852304],[127.1289074,35.8524838],[127.1286669,35.852586],[127.1282443,35.8527204],[127.12816899389168,35.85274445537877],[127.1281028,35.8527656],[127.12796535,35.85282525],[127.1279034,35.8528207],[127.1276115,35.8528699],[127.1273757,35.8528813],[127.1268293,35.8528813],[127.1265024,35.8528605],[127.1260191,35.8527601],[127.1254045,35.8526141],[127.124597,35.8524524]]}},{"type":"Feature","id":"osm-way-1368399501","properties":{"osm_id":1368399501,"highway":"tertiary","name":"조경단로","foot":null,"access":null,"surface":"asphalt","source":"OpenStreetMap contributors","source_layer":"openstreetmap_campus_paths","effective_highway":"tertiary","drivable":true,"vehicle_access":"unknown","campus_private_access":false,"oneway":false,"bidirectional":true,"routing_speed_kph":30,"routing_source":"jbnu_walking_path_vehicle_filter_v1"},"geometry":{"type":"LineString","coordinates":[[127.1328419,35.8512442],[127.1329354,35.8512179],[127.1338861,35.8509601],[127.1344993,35.850813],[127.1347024,35.8507434],[127.1348591,35.850648899999996],[127.1350439,35.8505656],[127.1352502,35.8504223],[127.1354231,35.8502524],[127.1355665,35.8500721]]}},{"type":"Feature","id":"osm-way-1368399502","properties":{"osm_id":1368399502,"highway":"service","name":"조경단로","foot":null,"access":null,"surface":null,"source":"OpenStreetMap contributors","source_layer":"openstreetmap_campus_paths","effective_highway":"service","drivable":true,"vehicle_access":"unknown","campus_private_access":false,"oneway":false,"bidirectional":true,"routing_speed_kph":15,"routing_source":"jbnu_walking_path_vehicle_filter_v1"},"geometry":{"type":"LineString","coordinates":[[127.13129006666668,35.851885599999996],[127.1312118,35.8518966],[127.1311612,35.8518239]]}},{"type":"Feature","id":"osm-way-1368399503","properties":{"osm_id":1368399503,"highway":"service","name":null,"foot":null,"access":null,"surface":null,"source":"OpenStreetMap contributors","source_layer":"openstreetmap_campus_paths","effective_highway":"service","drivable":true,"vehicle_access":"unknown","campus_private_access":false,"oneway":false,"bidirectional":true,"routing_speed_kph":15,"routing_source":"jbnu_walking_path_vehicle_filter_v1"},"geometry":{"type":"LineString","coordinates":[[127.13129006666668,35.851885599999996],[127.1311829,35.85195926666667],[127.1309403,35.8521358]]}},{"type":"Feature","id":"osm-way-1368399504","properties":{"osm_id":1368399504,"highway":"service","name":null,"foot":null,"access":null,"surface":null,"source":"OpenStreetMap contributors","source_layer":"openstreetmap_campus_paths","effective_highway":"service","drivable":true,"vehicle_access":"unknown","campus_private_access":false,"oneway":false,"bidirectional":true,"routing_speed_kph":15,"routing_source":"jbnu_walking_path_vehicle_filter_v1"},"geometry":{"type":"LineString","coordinates":[[127.1301138,35.8520197],[127.1302139,35.8519593],[127.1302626,35.8518913],[127.1302472,35.8517662],[127.13022169999999,35.8516941]]}},{"type":"Feature","id":"osm-way-1368399512","properties":{"osm_id":1368399512,"highway":"tertiary","name":"대학로지하차도","foot":null,"access":null,"surface":null,"source":"OpenStreetMap contributors","source_layer":"openstreetmap_campus_paths","effective_highway":"tertiary","drivable":true,"vehicle_access":"unknown","campus_private_access":false,"oneway":false,"bidirectional":true,"routing_speed_kph":30,"routing_source":"jbnu_walking_path_vehicle_filter_v1"},"geometry":{"type":"LineString","coordinates":[[127.1363734,35.8484069],[127.13767575,35.845642325]]}},{"type":"Feature","id":"osm-way-1368399513","properties":{"osm_id":1368399513,"highway":"tertiary","name":"조경단로","foot":null,"access":null,"surface":null,"source":"OpenStreetMap contributors","source_layer":"openstreetmap_campus_paths","effective_highway":"tertiary","drivable":true,"vehicle_access":"unknown","campus_private_access":false,"oneway":false,"bidirectional":true,"routing_speed_kph":30,"routing_source":"jbnu_walking_path_vehicle_filter_v1"},"geometry":{"type":"LineString","coordinates":[[127.1382282,35.8447082],[127.1381888,35.8448021],[127.1377774,35.8456646]]}},{"type":"Feature","id":"osm-way-1368399514","properties":{"osm_id":1368399514,"highway":"tertiary","name":"조경단로","foot":null,"access":null,"surface":null,"source":"OpenStreetMap contributors","source_layer":"openstreetmap_campus_paths","effective_highway":"tertiary","drivable":true,"vehicle_access":"unknown","campus_private_access":false,"oneway":false,"bidirectional":true,"routing_speed_kph":30,"routing_source":"jbnu_walking_path_vehicle_filter_v1"},"geometry":{"type":"LineString","coordinates":[[127.13767575,35.845642325],[127.1381001,35.8447752],[127.138142,35.8446842]]}},{"type":"Feature","id":"osm-way-1389446822","properties":{"osm_id":1389446822,"highway":"service","name":"자유로","foot":null,"access":null,"surface":null,"source":"OpenStreetMap contributors","source_layer":"openstreetmap_campus_paths","effective_highway":"service","drivable":true,"vehicle_access":"unknown","campus_private_access":false,"oneway":false,"bidirectional":true,"routing_speed_kph":15,"routing_source":"jbnu_walking_path_vehicle_filter_v1"},"geometry":{"type":"LineString","coordinates":[[127.1284386,35.8454291],[127.1284934,35.8455044],[127.12889,35.8460435],[127.1290729,35.8462828],[127.129125725,35.846351225]]}},{"type":"Feature","id":"osm-way-1389446823","properties":{"osm_id":1389446823,"highway":"service","name":null,"foot":null,"access":null,"surface":null,"source":"OpenStreetMap contributors","source_layer":"openstreetmap_campus_paths","effective_highway":"service","drivable":true,"vehicle_access":"unknown","campus_private_access":false,"oneway":false,"bidirectional":true,"routing_speed_kph":15,"routing_source":"jbnu_walking_path_vehicle_filter_v1"},"geometry":{"type":"LineString","coordinates":[[127.13375264999999,35.84388335],[127.13364212577297,35.84391123287402],[127.1335657,35.8439229]]}},{"type":"Feature","id":"osm-way-1389446824","properties":{"osm_id":1389446824,"highway":"service","name":null,"foot":null,"access":null,"surface":null,"source":"OpenStreetMap contributors","source_layer":"openstreetmap_campus_paths","effective_highway":"service","drivable":true,"vehicle_access":"unknown","campus_private_access":false,"oneway":false,"bidirectional":true,"routing_speed_kph":15,"routing_source":"jbnu_walking_path_vehicle_filter_v1"},"geometry":{"type":"LineString","coordinates":[[127.1336268,35.8437466],[127.13360433333332,35.84348236666667]]}},{"type":"Feature","id":"osm-way-1389446825","properties":{"osm_id":1389446825,"highway":"service","name":null,"foot":null,"access":null,"surface":null,"source":"OpenStreetMap contributors","source_layer":"openstreetmap_campus_paths","effective_highway":"service","drivable":true,"vehicle_access":"unknown","campus_private_access":false,"oneway":false,"bidirectional":true,"routing_speed_kph":15,"routing_source":"jbnu_walking_path_vehicle_filter_v1"},"geometry":{"type":"LineString","coordinates":[[127.1335657,35.8439229],[127.1335507,35.8438515],[127.1335677,35.8437877],[127.1336268,35.8437466]]}},{"type":"Feature","id":"osm-way-1389446830","properties":{"osm_id":1389446830,"highway":"service","name":null,"foot":null,"access":null,"surface":null,"source":"OpenStreetMap contributors","source_layer":"openstreetmap_campus_paths","effective_highway":"service","drivable":true,"vehicle_access":"unknown","campus_private_access":false,"oneway":false,"bidirectional":true,"routing_speed_kph":15,"routing_source":"jbnu_walking_path_vehicle_filter_v1"},"geometry":{"type":"LineString","coordinates":[[127.1351466,35.8451244],[127.13504502460324,35.84516849454184]]}},{"type":"Feature","id":"osm-way-1389446831","properties":{"osm_id":1389446831,"highway":"service","name":null,"foot":null,"access":null,"surface":null,"source":"OpenStreetMap contributors","source_layer":"openstreetmap_campus_paths","effective_highway":"service","drivable":true,"vehicle_access":"unknown","campus_private_access":false,"oneway":false,"bidirectional":true,"routing_speed_kph":15,"routing_source":"jbnu_walking_path_vehicle_filter_v1"},"geometry":{"type":"LineString","coordinates":[[127.1353215,35.8450559],[127.1351466,35.8451244]]}},{"type":"Feature","id":"osm-way-1389446840","properties":{"osm_id":1389446840,"highway":"tertiary","name":"건지산로","foot":null,"access":null,"surface":"asphalt","source":"OpenStreetMap contributors","source_layer":"openstreetmap_campus_paths","effective_highway":"tertiary","drivable":true,"vehicle_access":"unknown","campus_private_access":false,"oneway":false,"bidirectional":true,"routing_speed_kph":30,"routing_source":"jbnu_walking_path_vehicle_filter_v1"},"geometry":{"type":"LineString","coordinates":[[127.1334191,35.8524471],[127.1335173,35.852561],[127.1336213,35.8526519],[127.1337434,35.8527469],[127.1339373,35.8528697],[127.1342756,35.8530594],[127.1343559,35.8530995],[127.13449344144207,35.85317399966584],[127.1349441,35.8534181],[127.1351503,35.8535315],[127.1355255,35.8537377],[127.1358325,35.8538857]]}},{"type":"Feature","id":"osm-way-1394979935","properties":{"osm_id":1394979935,"highway":"service","name":null,"foot":null,"access":null,"surface":null,"source":"OpenStreetMap contributors","source_layer":"openstreetmap_campus_paths","effective_highway":"service","drivable":true,"vehicle_access":"unknown","campus_private_access":false,"oneway":false,"bidirectional":true,"routing_speed_kph":15,"routing_source":"jbnu_walking_path_vehicle_filter_v1"},"geometry":{"type":"LineString","coordinates":[[127.1304351,35.840274],[127.1303477,35.8402284],[127.1302833,35.8402786],[127.130183,35.8403569],[127.1300159,35.8402291],[127.1299655,35.8401905],[127.1300231,35.84008],[127.1300811,35.8399687]]}},{"type":"Feature","id":"osm-way-1394979936","properties":{"osm_id":1394979936,"highway":"service","name":null,"foot":null,"access":null,"surface":null,"source":"OpenStreetMap contributors","source_layer":"openstreetmap_campus_paths","effective_highway":"service","drivable":true,"vehicle_access":"unknown","campus_private_access":false,"oneway":false,"bidirectional":true,"routing_speed_kph":15,"routing_source":"jbnu_walking_path_vehicle_filter_v1"},"geometry":{"type":"LineString","coordinates":[[127.1300159,35.8402291],[127.1300956,35.8402169],[127.1302833,35.8402786]]}},{"type":"Feature","id":"osm-way-1394980051","properties":{"osm_id":1394980051,"highway":"service","name":null,"foot":null,"access":null,"surface":null,"source":"OpenStreetMap contributors","source_layer":"openstreetmap_campus_paths","effective_highway":"service","drivable":true,"vehicle_access":"unknown","campus_private_access":false,"oneway":false,"bidirectional":true,"routing_speed_kph":15,"routing_source":"jbnu_walking_path_vehicle_filter_v1"},"geometry":{"type":"LineString","coordinates":[[127.1301766,35.8398444],[127.1302462,35.8397196],[127.1302865,35.8396473]]}},{"type":"Feature","id":"osm-way-1394980052","properties":{"osm_id":1394980052,"highway":"service","name":null,"foot":null,"access":null,"surface":null,"source":"OpenStreetMap contributors","source_layer":"openstreetmap_campus_paths","effective_highway":"service","drivable":true,"vehicle_access":"unknown","campus_private_access":false,"oneway":false,"bidirectional":true,"routing_speed_kph":15,"routing_source":"jbnu_walking_path_vehicle_filter_v1"},"geometry":{"type":"LineString","coordinates":[[127.1302865,35.8396473],[127.1301021,35.8395129],[127.1303939,35.8392024],[127.1303383,35.8391543],[127.1302561,35.8390831]]}},{"type":"Feature","id":"osm-way-1394980053","properties":{"osm_id":1394980053,"highway":"service","name":null,"foot":null,"access":null,"surface":null,"source":"OpenStreetMap contributors","source_layer":"openstreetmap_campus_paths","effective_highway":"service","drivable":true,"vehicle_access":"unknown","campus_private_access":false,"oneway":false,"bidirectional":true,"routing_speed_kph":15,"routing_source":"jbnu_walking_path_vehicle_filter_v1"},"geometry":{"type":"LineString","coordinates":[[127.1302865,35.8396473],[127.130541,35.8397457],[127.13068983333334,35.8395994],[127.1307605,35.8395981],[127.130834,35.8396726],[127.1307815,35.8398195]]}},{"type":"Feature","id":"osm-way-1394980054","properties":{"osm_id":1394980054,"highway":"service","name":null,"foot":null,"access":null,"surface":null,"source":"OpenStreetMap contributors","source_layer":"openstreetmap_campus_paths","effective_highway":"service","drivable":true,"vehicle_access":"unknown","campus_private_access":false,"oneway":false,"bidirectional":true,"routing_speed_kph":15,"routing_source":"jbnu_walking_path_vehicle_filter_v1"},"geometry":{"type":"LineString","coordinates":[[127.130541,35.8397457],[127.1307815,35.8398195],[127.1308591,35.8398634]]}},{"type":"Feature","id":"osm-way-1394980055","properties":{"osm_id":1394980055,"highway":"service","name":null,"foot":null,"access":null,"surface":null,"source":"OpenStreetMap contributors","source_layer":"openstreetmap_campus_paths","effective_highway":"service","drivable":true,"vehicle_access":"unknown","campus_private_access":false,"oneway":false,"bidirectional":true,"routing_speed_kph":15,"routing_source":"jbnu_walking_path_vehicle_filter_v1"},"geometry":{"type":"LineString","coordinates":[[127.130834,35.8396726],[127.1309053,35.8396378],[127.130952,35.8395829],[127.1308025,35.8394709]]}},{"type":"Feature","id":"osm-way-1394980056","properties":{"osm_id":1394980056,"highway":"service","name":null,"foot":null,"access":null,"surface":null,"source":"OpenStreetMap contributors","source_layer":"openstreetmap_campus_paths","effective_highway":"service","drivable":true,"vehicle_access":"unknown","campus_private_access":false,"oneway":false,"bidirectional":true,"routing_speed_kph":15,"routing_source":"jbnu_walking_path_vehicle_filter_v1"},"geometry":{"type":"LineString","coordinates":[[127.1308025,35.8394709],[127.13068983333334,35.8395994]]}},{"type":"Feature","id":"osm-way-1394980057","properties":{"osm_id":1394980057,"highway":"service","name":null,"foot":null,"access":null,"surface":null,"source":"OpenStreetMap contributors","source_layer":"openstreetmap_campus_paths","effective_highway":"service","drivable":true,"vehicle_access":"unknown","campus_private_access":false,"oneway":false,"bidirectional":true,"routing_speed_kph":15,"routing_source":"jbnu_walking_path_vehicle_filter_v1"},"geometry":{"type":"LineString","coordinates":[[127.129783,35.8398746],[127.12970871890944,35.83998044965343]]}},{"type":"Feature","id":"osm-way-1394980058","properties":{"osm_id":1394980058,"highway":"service","name":null,"foot":null,"access":null,"surface":null,"source":"OpenStreetMap contributors","source_layer":"openstreetmap_campus_paths","effective_highway":"service","drivable":true,"vehicle_access":"unknown","campus_private_access":false,"oneway":false,"bidirectional":true,"routing_speed_kph":15,"routing_source":"jbnu_walking_path_vehicle_filter_v1"},"geometry":{"type":"LineString","coordinates":[[127.131087,35.8402772],[127.13096186666667,35.84037083333333],[127.1306251,35.8407243]]}},{"type":"Feature","id":"osm-way-1395426122","properties":{"osm_id":1395426122,"highway":"tertiary","name":"조경단로","foot":null,"access":null,"surface":null,"source":"OpenStreetMap contributors","source_layer":"openstreetmap_campus_paths","effective_highway":"tertiary","drivable":true,"vehicle_access":"unknown","campus_private_access":false,"oneway":false,"bidirectional":true,"routing_speed_kph":30,"routing_source":"jbnu_walking_path_vehicle_filter_v1"},"geometry":{"type":"LineString","coordinates":[[127.1386988,35.8408239],[127.138546,35.8403536],[127.1382303,35.8393185],[127.1381864,35.8391743],[127.1379733,35.8385293],[127.1378875,35.8382695],[127.1375326,35.8373098],[127.137243,35.8368252],[127.1365526,35.8358386],[127.1363674,35.8355739],[127.1362222,35.8353739],[127.1360432,35.8351275],[127.1359538,35.8350045],[127.1359027,35.8349341],[127.1358314,35.8348613]]}},{"type":"Feature","id":"osm-way-1395426123","properties":{"osm_id":1395426123,"highway":"tertiary_link","name":null,"foot":null,"access":null,"surface":null,"source":"OpenStreetMap contributors","source_layer":"openstreetmap_campus_paths","effective_highway":"tertiary_link","drivable":true,"vehicle_access":"unknown","campus_private_access":false,"oneway":false,"bidirectional":true,"routing_speed_kph":25,"routing_source":"jbnu_walking_path_vehicle_filter_v1"},"geometry":{"type":"LineString","coordinates":[[127.1387334,35.843382],[127.138859,35.8433342]]}},{"type":"Feature","id":"osm-way-1395426124","properties":{"osm_id":1395426124,"highway":"living_street","name":"금암5길","foot":null,"access":null,"surface":null,"source":"OpenStreetMap contributors","source_layer":"openstreetmap_campus_paths","effective_highway":"living_street","drivable":true,"vehicle_access":"unknown","campus_private_access":false,"oneway":false,"bidirectional":true,"routing_speed_kph":15,"routing_source":"jbnu_walking_path_vehicle_filter_v1"},"geometry":{"type":"LineString","coordinates":[[127.134317,35.8394381],[127.1341687,35.8395691]]}},{"type":"Feature","id":"osm-way-1395426125","properties":{"osm_id":1395426125,"highway":"residential","name":"금암5길","foot":null,"access":null,"surface":null,"source":"OpenStreetMap contributors","source_layer":"openstreetmap_campus_paths","effective_highway":"residential","drivable":true,"vehicle_access":"unknown","campus_private_access":false,"oneway":false,"bidirectional":true,"routing_speed_kph":20,"routing_source":"jbnu_walking_path_vehicle_filter_v1"},"geometry":{"type":"LineString","coordinates":[[127.1350997,35.8403261],[127.1352801,35.8399291],[127.1355523,35.8394035]]}},{"type":"Feature","id":"osm-way-1395426126","properties":{"osm_id":1395426126,"highway":"living_street","name":"금암5길","foot":null,"access":null,"surface":null,"source":"OpenStreetMap contributors","source_layer":"openstreetmap_campus_paths","effective_highway":"living_street","drivable":true,"vehicle_access":"unknown","campus_private_access":false,"oneway":false,"bidirectional":true,"routing_speed_kph":15,"routing_source":"jbnu_walking_path_vehicle_filter_v1"},"geometry":{"type":"LineString","coordinates":[[127.1355523,35.8394035],[127.1346912,35.8394233],[127.134317,35.8394381]]}},{"type":"Feature","id":"osm-way-1395426127","properties":{"osm_id":1395426127,"highway":"tertiary","name":"조경단로","foot":null,"access":null,"surface":"asphalt","source":"OpenStreetMap contributors","source_layer":"openstreetmap_campus_paths","effective_highway":"tertiary","drivable":true,"vehicle_access":"unknown","campus_private_access":false,"oneway":false,"bidirectional":true,"routing_speed_kph":30,"routing_source":"jbnu_walking_path_vehicle_filter_v1"},"geometry":{"type":"LineString","coordinates":[[127.138142,35.8446842],[127.1382082,35.8445361],[127.1382782,35.8443798],[127.1385235,35.8438381],[127.1385554,35.8437754],[127.1387334,35.843382],[127.1387679,35.8433056],[127.1388477,35.8431391],[127.1388891,35.8430528],[127.1389253,35.842908800000004],[127.1389738,35.8428443],[127.1389627,35.84278346666667],[127.139049,35.8426593],[127.1390791,35.8425382],[127.13906893333335,35.84241193333333],[127.1391087,35.8422654],[127.1390972,35.8421605],[127.1390853,35.8420515],[127.1390454,35.8419228],[127.1388808,35.8413914],[127.1388376,35.8412302],[127.1387378,35.8409437],[127.1386988,35.8408239]]}},{"type":"Feature","id":"osm-way-1395426166","properties":{"osm_id":1395426166,"highway":"service","name":null,"foot":null,"access":null,"surface":null,"source":"OpenStreetMap contributors","source_layer":"openstreetmap_campus_paths","effective_highway":"service","drivable":true,"vehicle_access":"unknown","campus_private_access":false,"oneway":false,"bidirectional":true,"routing_speed_kph":15,"routing_source":"jbnu_walking_path_vehicle_filter_v1"},"geometry":{"type":"LineString","coordinates":[[127.1384565,35.84247593333333],[127.1384072,35.8425563],[127.1383634,35.8425906],[127.1382861,35.8426511],[127.1380923,35.8425981],[127.1380634,35.8425044],[127.1380456,35.8424467],[127.1380848,35.8423671]]}},{"type":"Feature","id":"osm-way-1395426167","properties":{"osm_id":1395426167,"highway":"service","name":null,"foot":null,"access":null,"surface":"asphalt","source":"OpenStreetMap contributors","source_layer":"openstreetmap_campus_paths","effective_highway":"service","drivable":true,"vehicle_access":"unknown","campus_private_access":false,"oneway":false,"bidirectional":true,"routing_speed_kph":15,"routing_source":"jbnu_walking_path_vehicle_filter_v1"},"geometry":{"type":"LineString","coordinates":[[127.1366535,35.8418058],[127.1365875,35.8419283],[127.1365502,35.8420194],[127.1365325,35.8420624]]}},{"type":"Feature","id":"osm-way-1395426168","properties":{"osm_id":1395426168,"highway":"service","name":null,"foot":null,"access":null,"surface":"asphalt","source":"OpenStreetMap contributors","source_layer":"openstreetmap_campus_paths","effective_highway":"service","drivable":true,"vehicle_access":"unknown","campus_private_access":false,"oneway":false,"bidirectional":true,"routing_speed_kph":15,"routing_source":"jbnu_walking_path_vehicle_filter_v1"},"geometry":{"type":"LineString","coordinates":[[127.13633453920971,35.84195465436493],[127.1365325,35.8420624],[127.1368454,35.8421476],[127.1367543,35.8423615],[127.1360538,35.842159]]}},{"type":"Feature","id":"osm-way-1395426169","properties":{"osm_id":1395426169,"highway":"service","name":null,"foot":null,"access":null,"surface":null,"source":"OpenStreetMap contributors","source_layer":"openstreetmap_campus_paths","effective_highway":"service","drivable":true,"vehicle_access":"unknown","campus_private_access":false,"oneway":false,"bidirectional":true,"routing_speed_kph":15,"routing_source":"jbnu_walking_path_vehicle_filter_v1"},"geometry":{"type":"LineString","coordinates":[[127.136133,35.8417963],[127.1360952,35.8418828],[127.1360001,35.8420832],[127.1360538,35.842159]]}},{"type":"Feature","id":"osm-way-1395428828","properties":{"osm_id":1395428828,"highway":"tertiary","name":"사평로","foot":null,"access":null,"surface":null,"source":"OpenStreetMap contributors","source_layer":"openstreetmap_campus_paths","effective_highway":"tertiary","drivable":true,"vehicle_access":"unknown","campus_private_access":false,"oneway":false,"bidirectional":true,"routing_speed_kph":30,"routing_source":"jbnu_walking_path_vehicle_filter_v1"},"geometry":{"type":"LineString","coordinates":[[127.123341025,35.84314175],[127.12241164127191,35.84232811754626],[127.1215196,35.8414757],[127.1210574,35.8410847],[127.12061673582419,35.840607774945525]]}},{"type":"Feature","id":"osm-way-1395428829","properties":{"osm_id":1395428829,"highway":"tertiary","name":"사평로","foot":null,"access":null,"surface":"asphalt","source":"OpenStreetMap contributors","source_layer":"openstreetmap_campus_paths","effective_highway":"tertiary","drivable":true,"vehicle_access":"unknown","campus_private_access":false,"oneway":false,"bidirectional":true,"routing_speed_kph":30,"routing_source":"jbnu_walking_path_vehicle_filter_v1"},"geometry":{"type":"LineString","coordinates":[[127.123341025,35.84314175],[127.1235259916114,35.84329169744502],[127.1236997,35.843470275],[127.1238709,35.8435748],[127.1239187,35.8436127],[127.1240107,35.8436708]]}},{"type":"Feature","id":"osm-way-1395428830","properties":{"osm_id":1395428830,"highway":"tertiary","name":"사평로","foot":null,"access":null,"surface":null,"source":"OpenStreetMap contributors","source_layer":"openstreetmap_campus_paths","effective_highway":"tertiary","drivable":true,"vehicle_access":"unknown","campus_private_access":false,"oneway":false,"bidirectional":true,"routing_speed_kph":30,"routing_source":"jbnu_walking_path_vehicle_filter_v1"},"geometry":{"type":"LineString","coordinates":[[127.1240931,35.8436083],[127.1239187,35.8436127],[127.1238183,35.8436153],[127.1236997,35.843470275],[127.1235259916114,35.84329169744502],[127.123341025,35.84314175]]}},{"type":"Feature","id":"osm-way-1395428831","properties":{"osm_id":1395428831,"highway":"tertiary","name":null,"foot":null,"access":null,"surface":null,"source":"OpenStreetMap contributors","source_layer":"openstreetmap_campus_paths","effective_highway":"tertiary","drivable":true,"vehicle_access":"unknown","campus_private_access":false,"oneway":false,"bidirectional":true,"routing_speed_kph":30,"routing_source":"jbnu_walking_path_vehicle_filter_v1"},"geometry":{"type":"LineString","coordinates":[[127.1238709,35.8435748],[127.1240931,35.8436083]]}},{"type":"Feature","id":"osm-way-1396136979","properties":{"osm_id":1396136979,"highway":"service","name":null,"foot":null,"access":null,"surface":null,"source":"OpenStreetMap contributors","source_layer":"openstreetmap_campus_paths","effective_highway":"service","drivable":true,"vehicle_access":"unknown","campus_private_access":false,"oneway":false,"bidirectional":true,"routing_speed_kph":15,"routing_source":"jbnu_walking_path_vehicle_filter_v1"},"geometry":{"type":"LineString","coordinates":[[127.1317133,35.8476609],[127.1317121,35.8477285],[127.1317007,35.8477801]]}},{"type":"Feature","id":"osm-way-1396136988","properties":{"osm_id":1396136988,"highway":"service","name":null,"foot":null,"access":null,"surface":null,"source":"OpenStreetMap contributors","source_layer":"openstreetmap_campus_paths","effective_highway":"service","drivable":true,"vehicle_access":"unknown","campus_private_access":false,"oneway":false,"bidirectional":true,"routing_speed_kph":15,"routing_source":"jbnu_walking_path_vehicle_filter_v1"},"geometry":{"type":"LineString","coordinates":[[127.1345559,35.849458],[127.1348269,35.8490655],[127.1352138,35.8489661],[127.1351381,35.8486764],[127.1352809,35.8486539],[127.1351667,35.8483471],[127.1350717,35.8480847]]}},{"type":"Feature","id":"osm-way-1396136995","properties":{"osm_id":1396136995,"highway":"residential","name":null,"foot":null,"access":null,"surface":null,"source":"OpenStreetMap contributors","source_layer":"openstreetmap_campus_paths","effective_highway":"residential","drivable":true,"vehicle_access":"unknown","campus_private_access":false,"oneway":false,"bidirectional":true,"routing_speed_kph":20,"routing_source":"jbnu_walking_path_vehicle_filter_v1"},"geometry":{"type":"LineString","coordinates":[[127.1277827,35.8527507],[127.1277831,35.85268095],[127.1278516,35.8526714],[127.12789219996334,35.852609824900746],[127.12790025000001,35.85254865],[127.1279734,35.8524859]]}},{"type":"Feature","id":"osm-way-1396136999","properties":{"osm_id":1396136999,"highway":"residential","name":"창포길","foot":null,"access":null,"surface":"asphalt","source":"OpenStreetMap contributors","source_layer":"openstreetmap_campus_paths","effective_highway":"residential","drivable":true,"vehicle_access":"unknown","campus_private_access":false,"oneway":false,"bidirectional":true,"routing_speed_kph":20,"routing_source":"jbnu_walking_path_vehicle_filter_v1"},"geometry":{"type":"LineString","coordinates":[[127.1233541,35.8503093],[127.1235528,35.8502744],[127.1237972,35.8502186],[127.1240833,35.8501622],[127.1242429,35.8501078],[127.1243847,35.8500826],[127.1245178,35.8500622],[127.1246408,35.850059],[127.1251133,35.8500616],[127.12525763333333,35.85008023333334],[127.12532850000001,35.85009156666666]]}},{"type":"Feature","id":"osm-way-1396137015","properties":{"osm_id":1396137015,"highway":"service","name":null,"foot":null,"access":null,"surface":null,"source":"OpenStreetMap contributors","source_layer":"openstreetmap_campus_paths","effective_highway":"service","drivable":true,"vehicle_access":"unknown","campus_private_access":false,"oneway":false,"bidirectional":true,"routing_speed_kph":15,"routing_source":"jbnu_walking_path_vehicle_filter_v1"},"geometry":{"type":"LineString","coordinates":[[127.1240397,35.85124],[127.1239453,35.8514587],[127.12380678305198,35.85160517727708],[127.1237655,35.8517262],[127.1236904,35.8518045],[127.1234884,35.851866],[127.1234483,35.8519015]]}},{"type":"Feature","id":"osm-way-1396137016","properties":{"osm_id":1396137016,"highway":"service","name":null,"foot":null,"access":null,"surface":null,"source":"OpenStreetMap contributors","source_layer":"openstreetmap_campus_paths","effective_highway":"service","drivable":true,"vehicle_access":"unknown","campus_private_access":false,"oneway":false,"bidirectional":true,"routing_speed_kph":15,"routing_source":"jbnu_walking_path_vehicle_filter_v1"},"geometry":{"type":"LineString","coordinates":[[127.1243951,35.8513558],[127.1244596,35.8511232]]}},{"type":"Feature","id":"osm-way-1396137017","properties":{"osm_id":1396137017,"highway":"service","name":null,"foot":null,"access":null,"surface":null,"source":"OpenStreetMap contributors","source_layer":"openstreetmap_campus_paths","effective_highway":"service","drivable":true,"vehicle_access":"unknown","campus_private_access":false,"oneway":false,"bidirectional":true,"routing_speed_kph":15,"routing_source":"jbnu_walking_path_vehicle_filter_v1"},"geometry":{"type":"LineString","coordinates":[[127.1249434,35.851582050000005],[127.1247991,35.8519885],[127.1247278,35.8520058],[127.12471,35.8522981]]}},{"type":"Feature","id":"osm-way-1396137018","properties":{"osm_id":1396137018,"highway":"service","name":null,"foot":null,"access":null,"surface":null,"source":"OpenStreetMap contributors","source_layer":"openstreetmap_campus_paths","effective_highway":"service","drivable":true,"vehicle_access":"unknown","campus_private_access":false,"oneway":false,"bidirectional":true,"routing_speed_kph":15,"routing_source":"jbnu_walking_path_vehicle_filter_v1"},"geometry":{"type":"LineString","coordinates":[[127.1245907,35.852342725],[127.1246473,35.8523037],[127.12471,35.8522981],[127.12483251501457,35.85231922816802],[127.12493879996777,35.85242114744632]]}},{"type":"Feature","id":"osm-way-1396137019","properties":{"osm_id":1396137019,"highway":"service","name":null,"foot":null,"access":null,"surface":null,"source":"OpenStreetMap contributors","source_layer":"openstreetmap_campus_paths","effective_highway":"service","drivable":true,"vehicle_access":"unknown","campus_private_access":false,"oneway":false,"bidirectional":true,"routing_speed_kph":15,"routing_source":"jbnu_walking_path_vehicle_filter_v1"},"geometry":{"type":"LineString","coordinates":[[127.1246799,35.8505149],[127.1246071,35.8505362],[127.1243383,35.8504022]]}},{"type":"Feature","id":"osm-way-1396137020","properties":{"osm_id":1396137020,"highway":"service","name":null,"foot":null,"access":null,"surface":null,"source":"OpenStreetMap contributors","source_layer":"openstreetmap_campus_paths","effective_highway":"service","drivable":true,"vehicle_access":"unknown","campus_private_access":false,"oneway":false,"bidirectional":true,"routing_speed_kph":15,"routing_source":"jbnu_walking_path_vehicle_filter_v1"},"geometry":{"type":"LineString","coordinates":[[127.1243394,35.8505816],[127.1243383,35.8504022],[127.1242429,35.8501078]]}},{"type":"Feature","id":"osm-way-1396137022","properties":{"osm_id":1396137022,"highway":"service","name":null,"foot":null,"access":null,"surface":null,"source":"OpenStreetMap contributors","source_layer":"openstreetmap_campus_paths","effective_highway":"service","drivable":true,"vehicle_access":"unknown","campus_private_access":false,"oneway":false,"bidirectional":true,"routing_speed_kph":15,"routing_source":"jbnu_walking_path_vehicle_filter_v1"},"geometry":{"type":"LineString","coordinates":[[127.1255761,35.8518448],[127.1256054,35.8519194],[127.1256712,35.8520033],[127.1256861,35.8522322],[127.1257917,35.8525026],[127.1256477,35.852552349999996],[127.1255512,35.8525211],[127.1255199,35.8525668]]}},{"type":"Feature","id":"osm-way-1396137033","properties":{"osm_id":1396137033,"highway":"service","name":"예술로","foot":null,"access":null,"surface":null,"source":"OpenStreetMap contributors","source_layer":"openstreetmap_campus_paths","effective_highway":"service","drivable":true,"vehicle_access":"unknown","campus_private_access":false,"oneway":false,"bidirectional":true,"routing_speed_kph":15,"routing_source":"jbnu_walking_path_vehicle_filter_v1"},"geometry":{"type":"LineString","coordinates":[[127.1281108,35.8499884],[127.1281481,35.8498917],[127.1281836,35.8497824],[127.12823303333333,35.84964086666667],[127.12832312884339,35.84950395493778],[127.12852495784207,35.84911827119566],[127.1285543,35.8490622]]}},{"type":"Feature","id":"osm-way-1396137034","properties":{"osm_id":1396137034,"highway":"service","name":"예술로","foot":null,"access":null,"surface":null,"source":"OpenStreetMap contributors","source_layer":"openstreetmap_campus_paths","effective_highway":"service","drivable":true,"vehicle_access":"unknown","campus_private_access":false,"oneway":false,"bidirectional":true,"routing_speed_kph":15,"routing_source":"jbnu_walking_path_vehicle_filter_v1"},"geometry":{"type":"LineString","coordinates":[[127.1285543,35.8490622],[127.1285695,35.8489946],[127.1285963,35.8489295],[127.1286509,35.8488285],[127.1287092,35.8487718]]}},{"type":"Feature","id":"osm-way-1396137035","properties":{"osm_id":1396137035,"highway":"service","name":"예술로","foot":null,"access":null,"surface":null,"source":"OpenStreetMap contributors","source_layer":"openstreetmap_campus_paths","effective_highway":"service","drivable":true,"vehicle_access":"unknown","campus_private_access":false,"oneway":false,"bidirectional":true,"routing_speed_kph":15,"routing_source":"jbnu_walking_path_vehicle_filter_v1"},"geometry":{"type":"LineString","coordinates":[[127.1287092,35.8487718],[127.1287064,35.8488415],[127.1286518,35.8489425],[127.128625,35.8490076],[127.1285543,35.8490622]]}},{"type":"Feature","id":"osm-way-1396137037","properties":{"osm_id":1396137037,"highway":"residential","name":"창포길","foot":null,"access":null,"surface":"asphalt","source":"OpenStreetMap contributors","source_layer":"openstreetmap_campus_paths","effective_highway":"residential","drivable":true,"vehicle_access":"unknown","campus_private_access":false,"oneway":false,"bidirectional":true,"routing_speed_kph":20,"routing_source":"jbnu_walking_path_vehicle_filter_v1"},"geometry":{"type":"LineString","coordinates":[[127.12532850000001,35.85009156666666],[127.1265169,35.8501022],[127.1266057,35.8501146],[127.1267722,35.8501098],[127.1269197,35.8500712],[127.1274159,35.8499232],[127.1276461,35.8498892],[127.1278826,35.8499306],[127.1280484,35.8499606],[127.1281108,35.8499884]]}},{"type":"Feature","id":"osm-way-1396137038","properties":{"osm_id":1396137038,"highway":"residential","name":"창포길","foot":null,"access":null,"surface":"asphalt","source":"OpenStreetMap contributors","source_layer":"openstreetmap_campus_paths","effective_highway":"residential","drivable":true,"vehicle_access":"unknown","campus_private_access":false,"oneway":false,"bidirectional":true,"routing_speed_kph":20,"routing_source":"jbnu_walking_path_vehicle_filter_v1"},"geometry":{"type":"LineString","coordinates":[[127.1300158,35.851606200000006],[127.13022169999999,35.8516941],[127.1305099,35.851835],[127.1306452,35.8519013]]}},{"type":"Feature","id":"osm-way-1396137039","properties":{"osm_id":1396137039,"highway":"residential","name":"창포길","foot":null,"access":null,"surface":"asphalt","source":"OpenStreetMap contributors","source_layer":"openstreetmap_campus_paths","effective_highway":"residential","drivable":true,"vehicle_access":"unknown","campus_private_access":false,"oneway":false,"bidirectional":true,"routing_speed_kph":20,"routing_source":"jbnu_walking_path_vehicle_filter_v1"},"geometry":{"type":"LineString","coordinates":[[127.1300158,35.851606200000006],[127.1298283,35.851485],[127.1295985,35.8513442],[127.1290288,35.8507396],[127.1282679,35.8500906],[127.1282014,35.8500432],[127.1281108,35.8499884]]}},{"type":"Feature","id":"osm-way-1432764334","properties":{"osm_id":1432764334,"highway":"service","name":null,"foot":null,"access":null,"surface":null,"source":"OpenStreetMap contributors","source_layer":"openstreetmap_campus_paths","effective_highway":"service","drivable":true,"vehicle_access":"unknown","campus_private_access":false,"oneway":false,"bidirectional":true,"routing_speed_kph":15,"routing_source":"jbnu_walking_path_vehicle_filter_v1"},"geometry":{"type":"LineString","coordinates":[[127.12889,35.8460435],[127.1288306,35.846061175],[127.128582,35.8461959],[127.1283172,35.8461749],[127.12828916666666,35.84645336666667],[127.1285584,35.8464913],[127.128582,35.8461959]]}},{"type":"Feature","id":"osm-way-1432764335","properties":{"osm_id":1432764335,"highway":"service","name":null,"foot":null,"access":null,"surface":null,"source":"OpenStreetMap contributors","source_layer":"openstreetmap_campus_paths","effective_highway":"service","drivable":true,"vehicle_access":"unknown","campus_private_access":false,"oneway":false,"bidirectional":true,"routing_speed_kph":15,"routing_source":"jbnu_walking_path_vehicle_filter_v1"},"geometry":{"type":"LineString","coordinates":[[127.12828916666666,35.84645336666667],[127.12826876,35.846594859999996]]}},{"type":"Feature","id":"osm-way-1432764339","properties":{"osm_id":1432764339,"highway":"service","name":null,"foot":null,"access":null,"surface":null,"source":"OpenStreetMap contributors","source_layer":"openstreetmap_campus_paths","effective_highway":"service","drivable":true,"vehicle_access":"unknown","campus_private_access":false,"oneway":false,"bidirectional":true,"routing_speed_kph":15,"routing_source":"jbnu_walking_path_vehicle_filter_v1"},"geometry":{"type":"LineString","coordinates":[[127.12721381549221,35.84616083491686],[127.1274241,35.8461997],[127.12754851824772,35.846219202178766],[127.1276442,35.8462342]]}},{"type":"Feature","id":"osm-way-1432764340","properties":{"osm_id":1432764340,"highway":"service","name":"이세종로","foot":null,"access":null,"surface":null,"source":"OpenStreetMap contributors","source_layer":"openstreetmap_campus_paths","effective_highway":"service","drivable":true,"vehicle_access":"unknown","campus_private_access":false,"oneway":false,"bidirectional":true,"routing_speed_kph":15,"routing_source":"jbnu_walking_path_vehicle_filter_v1"},"geometry":{"type":"LineString","coordinates":[[127.1284386,35.8454291],[127.12829205,35.8453938],[127.12826895,35.8454475],[127.12799664,35.84553212666666],[127.12793745,35.84559935],[127.1278604,35.845598725]]}},{"type":"Feature","id":"osm-way-1435426317","properties":{"osm_id":1435426317,"highway":"living_street","name":"들사평5길","foot":null,"access":null,"surface":null,"source":"OpenStreetMap contributors","source_layer":"openstreetmap_campus_paths","effective_highway":"living_street","drivable":true,"vehicle_access":"unknown","campus_private_access":false,"oneway":false,"bidirectional":true,"routing_speed_kph":15,"routing_source":"jbnu_walking_path_vehicle_filter_v1"},"geometry":{"type":"LineString","coordinates":[[127.123341025,35.84314175],[127.1239523,35.8426965],[127.1245143,35.8422817]]}},{"type":"Feature","id":"osm-way-1435426318","properties":{"osm_id":1435426318,"highway":"living_street","name":"들사평4길","foot":null,"access":null,"surface":null,"source":"OpenStreetMap contributors","source_layer":"openstreetmap_campus_paths","effective_highway":"living_street","drivable":true,"vehicle_access":"unknown","campus_private_access":false,"oneway":false,"bidirectional":true,"routing_speed_kph":15,"routing_source":"jbnu_walking_path_vehicle_filter_v1"},"geometry":{"type":"LineString","coordinates":[[127.1224485,35.8422744],[127.12254070631546,35.842212561486285],[127.1230588,35.8418651],[127.123608,35.8414601]]}},{"type":"Feature","id":"osm-way-1448173471","properties":{"osm_id":1448173471,"highway":"service","name":null,"foot":null,"access":null,"surface":null,"source":"OpenStreetMap contributors","source_layer":"openstreetmap_campus_paths","effective_highway":"service","drivable":true,"vehicle_access":"unknown","campus_private_access":false,"oneway":false,"bidirectional":true,"routing_speed_kph":15,"routing_source":"jbnu_walking_path_vehicle_filter_v1"},"geometry":{"type":"LineString","coordinates":[[127.12828916666666,35.84645336666667],[127.12820652,35.846419839999996],[127.12810186666667,35.846416000000005]]}},{"type":"Feature","id":"osm-way-1448173475","properties":{"osm_id":1448173475,"highway":"service","name":null,"foot":null,"access":null,"surface":null,"source":"OpenStreetMap contributors","source_layer":"openstreetmap_campus_paths","effective_highway":"service","drivable":true,"vehicle_access":"unknown","campus_private_access":false,"oneway":false,"bidirectional":true,"routing_speed_kph":15,"routing_source":"jbnu_walking_path_vehicle_filter_v1"},"geometry":{"type":"LineString","coordinates":[[127.1360197,35.8470002],[127.1360439,35.8469268],[127.1361518,35.8466003]]}},{"type":"Feature","id":"osm-way-1463869551","properties":{"osm_id":1463869551,"highway":"service","name":"중도로","foot":null,"access":null,"surface":null,"source":"OpenStreetMap contributors","source_layer":"openstreetmap_campus_paths","effective_highway":"service","drivable":true,"vehicle_access":"unknown","campus_private_access":false,"oneway":false,"bidirectional":true,"routing_speed_kph":15,"routing_source":"jbnu_walking_path_vehicle_filter_v1"},"geometry":{"type":"LineString","coordinates":[[127.1301824,35.8477295],[127.12996435,35.84737355]]}},{"type":"Feature","id":"osm-way-1463876539","properties":{"osm_id":1463876539,"highway":"service","name":"창조로","foot":null,"access":null,"surface":null,"source":"OpenStreetMap contributors","source_layer":"openstreetmap_campus_paths","effective_highway":"service","drivable":true,"vehicle_access":"unknown","campus_private_access":false,"oneway":false,"bidirectional":true,"routing_speed_kph":15,"routing_source":"jbnu_walking_path_vehicle_filter_v1"},"geometry":{"type":"LineString","coordinates":[[127.1325513,35.8435558],[127.1321418,35.8435547],[127.13204163333334,35.8435703],[127.1314619,35.843638],[127.1313397,35.8436491],[127.1312676,35.8436557],[127.1310131,35.8436788],[127.1308931,35.8436897],[127.1308005,35.8437396]]}},{"type":"Feature","id":"osm-way-1463876540","properties":{"osm_id":1463876540,"highway":"service","name":"건지대로","foot":null,"access":null,"surface":null,"source":"OpenStreetMap contributors","source_layer":"openstreetmap_campus_paths","effective_highway":"service","drivable":true,"vehicle_access":"unknown","campus_private_access":false,"oneway":false,"bidirectional":true,"routing_speed_kph":15,"routing_source":"jbnu_walking_path_vehicle_filter_v1"},"geometry":{"type":"LineString","coordinates":[[127.1308005,35.8437396],[127.1308581,35.8435277],[127.1308866,35.8434228]]}},{"type":"Feature","id":"osm-way-1463876541","properties":{"osm_id":1463876541,"highway":"service","name":null,"foot":null,"access":null,"surface":null,"source":"OpenStreetMap contributors","source_layer":"openstreetmap_campus_paths","effective_highway":"service","drivable":true,"vehicle_access":"unknown","campus_private_access":false,"oneway":false,"bidirectional":true,"routing_speed_kph":15,"routing_source":"jbnu_walking_path_vehicle_filter_v1"},"geometry":{"type":"LineString","coordinates":[[127.1308005,35.8437396],[127.1306829,35.8437355],[127.130578,35.8437318],[127.130493,35.84376635]]}},{"type":"Feature","id":"osm-way-1463876542","properties":{"osm_id":1463876542,"highway":"service","name":"공학로","foot":null,"access":null,"surface":null,"source":"OpenStreetMap contributors","source_layer":"openstreetmap_campus_paths","effective_highway":"service","drivable":true,"vehicle_access":"unknown","campus_private_access":false,"oneway":false,"bidirectional":true,"routing_speed_kph":15,"routing_source":"jbnu_walking_path_vehicle_filter_v1"},"geometry":{"type":"LineString","coordinates":[[127.1319801,35.8456685],[127.1318837,35.845653]]}},{"type":"Feature","id":"osm-way-1463876543","properties":{"osm_id":1463876543,"highway":"service","name":"이세종로","foot":null,"access":null,"surface":null,"source":"OpenStreetMap contributors","source_layer":"openstreetmap_campus_paths","effective_highway":"service","drivable":true,"vehicle_access":"unknown","campus_private_access":false,"oneway":false,"bidirectional":true,"routing_speed_kph":15,"routing_source":"jbnu_walking_path_vehicle_filter_v1"},"geometry":{"type":"LineString","coordinates":[[127.1278604,35.845598725],[127.12751387308842,35.84557374348467],[127.12769655362038,35.845581008467676],[127.12742772173462,35.8455432210184],[127.127288,35.8455647],[127.1268596,35.8455304]]}},{"type":"Feature","id":"osm-way-1465102809","properties":{"osm_id":1465102809,"highway":"service","name":"공학로","foot":null,"access":null,"surface":null,"source":"OpenStreetMap contributors","source_layer":"openstreetmap_campus_paths","effective_highway":"service","drivable":true,"vehicle_access":"unknown","campus_private_access":false,"oneway":false,"bidirectional":true,"routing_speed_kph":15,"routing_source":"jbnu_walking_path_vehicle_filter_v1"},"geometry":{"type":"LineString","coordinates":[[127.1333562,35.8464728],[127.13352976974102,35.84647904173588],[127.1338901,35.8464931]]}},{"type":"Feature","id":"osm-way-1495468713","properties":{"osm_id":1495468713,"highway":"service","name":null,"foot":null,"access":null,"surface":null,"source":"OpenStreetMap contributors","source_layer":"openstreetmap_campus_paths","effective_highway":"service","drivable":true,"vehicle_access":"unknown","campus_private_access":false,"oneway":false,"bidirectional":true,"routing_speed_kph":15,"routing_source":"jbnu_walking_path_vehicle_filter_v1"},"geometry":{"type":"LineString","coordinates":[[127.1283561,35.8435184],[127.1284463,35.8435893]]}},{"type":"Feature","id":"osm-way-1495468714","properties":{"osm_id":1495468714,"highway":"service","name":null,"foot":null,"access":null,"surface":null,"source":"OpenStreetMap contributors","source_layer":"openstreetmap_campus_paths","effective_highway":"service","drivable":true,"vehicle_access":"unknown","campus_private_access":false,"oneway":false,"bidirectional":true,"routing_speed_kph":15,"routing_source":"jbnu_walking_path_vehicle_filter_v1"},"geometry":{"type":"LineString","coordinates":[[127.1284463,35.8435893],[127.128527,35.8436155],[127.1286011,35.843672],[127.12868375,35.843746249999995]]}},{"type":"Feature","id":"osm-way-1548870092","properties":{"osm_id":1548870092,"highway":"service","name":null,"foot":null,"access":null,"surface":null,"source":"OpenStreetMap contributors","source_layer":"openstreetmap_campus_paths","effective_highway":"service","drivable":true,"vehicle_access":"unknown","campus_private_access":false,"oneway":false,"bidirectional":true,"routing_speed_kph":15,"routing_source":"jbnu_walking_path_vehicle_filter_v1"},"geometry":{"type":"LineString","coordinates":[[127.1271995,35.8408289],[127.1270118,35.8406972],[127.1268875,35.8405475]]}},{"type":"Feature","id":"osm-way-1548870094","properties":{"osm_id":1548870094,"highway":"service","name":null,"foot":null,"access":null,"surface":null,"source":"OpenStreetMap contributors","source_layer":"openstreetmap_campus_paths","effective_highway":"service","drivable":true,"vehicle_access":"unknown","campus_private_access":false,"oneway":false,"bidirectional":true,"routing_speed_kph":15,"routing_source":"jbnu_walking_path_vehicle_filter_v1"},"geometry":{"type":"LineString","coordinates":[[127.12867689999999,35.8398557],[127.127501,35.840722099999994],[127.12745415,35.84075755],[127.12742945,35.84081865],[127.1273596,35.84079825],[127.1273105,35.84079555],[127.1272427,35.84075983333333],[127.12720755000001,35.840719],[127.1271929,35.84067535],[127.12717570000001,35.840625700000004],[127.12713706666666,35.840584],[127.1270392,35.8405866]]}},{"type":"Feature","id":"osm-way-1548870095","properties":{"osm_id":1548870095,"highway":"service","name":null,"foot":null,"access":null,"surface":null,"source":"OpenStreetMap contributors","source_layer":"openstreetmap_campus_paths","effective_highway":"service","drivable":true,"vehicle_access":"unknown","campus_private_access":false,"oneway":false,"bidirectional":true,"routing_speed_kph":15,"routing_source":"jbnu_walking_path_vehicle_filter_v1"},"geometry":{"type":"LineString","coordinates":[[127.1268875,35.8405475],[127.12695310000001,35.8405276],[127.1270323,35.8405129],[127.1270797,35.8405253],[127.1271334,35.8405497],[127.12713706666666,35.840584],[127.12717570000001,35.840625700000004],[127.1271929,35.84067535],[127.12720755000001,35.840719],[127.1272427,35.84075983333333],[127.1273105,35.84079555],[127.1273596,35.84079825],[127.1273944,35.8407651],[127.12745415,35.84075755],[127.127501,35.840722099999994]]}},{"type":"Feature","id":"osm-way-1548870096","properties":{"osm_id":1548870096,"highway":"service","name":null,"foot":null,"access":null,"surface":null,"source":"OpenStreetMap contributors","source_layer":"openstreetmap_campus_paths","effective_highway":"service","drivable":true,"vehicle_access":"unknown","campus_private_access":false,"oneway":false,"bidirectional":true,"routing_speed_kph":15,"routing_source":"jbnu_walking_path_vehicle_filter_v1"},"geometry":{"type":"LineString","coordinates":[[127.1268875,35.8405475],[127.12695310000001,35.8405276],[127.1270392,35.8405866]]}},{"type":"Feature","id":"osm-way-1548870097","properties":{"osm_id":1548870097,"highway":"service","name":null,"foot":null,"access":null,"surface":null,"source":"OpenStreetMap contributors","source_layer":"openstreetmap_campus_paths","effective_highway":"service","drivable":true,"vehicle_access":"unknown","campus_private_access":false,"oneway":false,"bidirectional":true,"routing_speed_kph":15,"routing_source":"jbnu_walking_path_vehicle_filter_v1"},"geometry":{"type":"LineString","coordinates":[[127.1270392,35.8405866],[127.1270768,35.8406685],[127.127319,35.8408576]]}},{"type":"Feature","id":"osm-way-1548870098","properties":{"osm_id":1548870098,"highway":"service","name":null,"foot":null,"access":null,"surface":null,"source":"OpenStreetMap contributors","source_layer":"openstreetmap_campus_paths","effective_highway":"service","drivable":true,"vehicle_access":"unknown","campus_private_access":false,"oneway":false,"bidirectional":true,"routing_speed_kph":15,"routing_source":"jbnu_walking_path_vehicle_filter_v1"},"geometry":{"type":"LineString","coordinates":[[127.1268875,35.8405475],[127.1265616,35.840336],[127.1265153,35.8403107],[127.1264347,35.840273249999996],[127.1263278,35.8402939],[127.1262533,35.8402862],[127.126096,35.840248],[127.1259103,35.8401877],[127.1257224,35.8400865],[127.12554474999999,35.8399807],[127.1254015,35.8398658],[127.1253226,35.8397808],[127.1254015,35.8398658],[127.1254647,35.8399028],[127.12554474999999,35.8399807],[127.1256286,35.8400097],[127.1257224,35.8400865],[127.1258953,35.8401296],[127.1260102,35.8401625],[127.1261638,35.8402037],[127.1263325,35.8402412],[127.1264347,35.840273249999996],[127.1265417,35.8402564],[127.1266368,35.840274],[127.1267028,35.840303],[127.1267857,35.8403702],[127.1268875,35.8405475]]}},{"type":"Feature","id":"osm-way-1548870099","properties":{"osm_id":1548870099,"highway":"unclassified","name":"들사평로","foot":null,"access":null,"surface":null,"source":"OpenStreetMap contributors","source_layer":"openstreetmap_campus_paths","effective_highway":"unclassified","drivable":true,"vehicle_access":"unknown","campus_private_access":false,"oneway":false,"bidirectional":true,"routing_speed_kph":25,"routing_source":"jbnu_walking_path_vehicle_filter_v1"},"geometry":{"type":"LineString","coordinates":[[127.1265659,35.8414969],[127.1266524,35.8415544]]}},{"type":"Feature","id":"osm-way-1548870100","properties":{"osm_id":1548870100,"highway":"service","name":null,"foot":null,"access":null,"surface":null,"source":"OpenStreetMap contributors","source_layer":"openstreetmap_campus_paths","effective_highway":"service","drivable":true,"vehicle_access":"unknown","campus_private_access":false,"oneway":false,"bidirectional":true,"routing_speed_kph":15,"routing_source":"jbnu_walking_path_vehicle_filter_v1"},"geometry":{"type":"LineString","coordinates":[[127.1265275,35.8413459],[127.12663175,35.84141905],[127.127276,35.8408879]]}},{"type":"Feature","id":"osm-way-1548870101","properties":{"osm_id":1548870101,"highway":"service","name":null,"foot":null,"access":null,"surface":null,"source":"OpenStreetMap contributors","source_layer":"openstreetmap_campus_paths","effective_highway":"service","drivable":true,"vehicle_access":"unknown","campus_private_access":false,"oneway":false,"bidirectional":true,"routing_speed_kph":15,"routing_source":"jbnu_walking_path_vehicle_filter_v1"},"geometry":{"type":"LineString","coordinates":[[127.1274098,35.8409922],[127.1273249,35.8409254]]}},{"type":"Feature","geometry":{"type":"LineString","coordinates":[[127.1325196,35.8478204],[127.13252509,35.84778197],[127.13252825555556,35.84768],[127.1331029,35.8477012]],"mantle_properties":{"strokeColor":"#2563EB","strokeOpacity":0.95,"strokeWeight":5,"strokeStyle":"solid","strokeLineCap":"butt","strokeLineJoin":"miter","visible":true,"clickable":true,"zIndex":0,"overlayType":"Polyline"}},"properties":{"strokeColor":"#2563EB","strokeOpacity":0.95,"strokeWeight":5,"strokeStyle":"solid","strokeLineCap":"butt","strokeLineJoin":"miter","visible":true,"clickable":true,"zIndex":0,"overlayType":"Polyline","id":"jbnu-osm-correction-115952728-46de33","kind":"walkway","name":"OSM 115952728 위치 보정","walkable":true,"bidirectional":true,"status":"active","access":"unknown","stairs":false,"wheelchair":false,"surface":"unknown","opening_hours":"24/7","access_time_start":null,"access_time_end":null,"access_timezone":"Asia/Seoul","source":"OpenStreetMap contributors; user_correction","verified_at":null,"evidence":"OSM 원본 115952728의 위치 보정본","category":null,"description":null,"source_id":"osm-way-115952728","replaces_source_id":"osm-way-115952728","source_status":"superseded_by_local_correction","source_highway":"service","source_layer":"jbnu_manual_workfile","effective_highway":"service","drivable":true,"vehicle_access":"unknown","campus_private_access":false,"oneway":false,"routing_speed_kph":15,"routing_source":"jbnu_walking_path_vehicle_filter_v1"},"id":"jbnu-osm-correction-115952728-46de33"},{"type":"Feature","geometry":{"type":"LineString","coordinates":[[127.13181963333334,35.84641462222223],[127.1318149,35.846463],[127.13178935,35.846795125],[127.13178332500001,35.846876050000006],[127.1317619,35.8473082],[127.1317981,35.8473098],[127.13240941111111,35.847328922222225],[127.133285525,35.847369225]],"mantle_properties":{"strokeColor":"#2563EB","strokeOpacity":0.95,"strokeWeight":5,"strokeStyle":"solid","strokeLineCap":"butt","strokeLineJoin":"miter","visible":true,"clickable":true,"zIndex":0,"overlayType":"Polyline"}},"properties":{"strokeColor":"#2563EB","strokeOpacity":0.95,"strokeWeight":5,"strokeStyle":"solid","strokeLineCap":"butt","strokeLineJoin":"miter","visible":true,"clickable":true,"zIndex":0,"overlayType":"Polyline","id":"jbnu-osm-correction-115952694-2458d5","kind":"walkway","name":"OSM 115952694 위치 보정","walkable":true,"bidirectional":true,"status":"active","access":"unknown","stairs":false,"wheelchair":false,"surface":"unknown","opening_hours":"24/7","access_time_start":null,"access_time_end":null,"access_timezone":"Asia/Seoul","source":"OpenStreetMap contributors; user_correction","verified_at":null,"evidence":"OSM 원본 115952694의 위치 보정본","category":null,"description":null,"source_id":"osm-way-115952694","replaces_source_id":"osm-way-115952694","source_status":"superseded_by_local_correction","source_highway":"service","source_layer":"jbnu_manual_workfile","effective_highway":"service","drivable":true,"vehicle_access":"unknown","campus_private_access":false,"oneway":false,"routing_speed_kph":15,"routing_source":"jbnu_walking_path_vehicle_filter_v1"},"id":"jbnu-osm-correction-115952694-2458d5"},{"type":"Feature","geometry":{"type":"LineString","coordinates":[[127.1327567,35.84638855],[127.132650775,35.846437525],[127.13257078888888,35.846446944444445],[127.13249414999999,35.846436275],[127.13242040833332,35.84639561666666]],"mantle_properties":{"strokeColor":"#2563EB","strokeOpacity":0.95,"strokeWeight":5,"strokeStyle":"solid","strokeLineCap":"butt","strokeLineJoin":"miter","visible":true,"clickable":true,"zIndex":0,"overlayType":"Polyline"}},"properties":{"strokeColor":"#2563EB","strokeOpacity":0.95,"strokeWeight":5,"strokeStyle":"solid","strokeLineCap":"butt","strokeLineJoin":"miter","visible":true,"clickable":true,"zIndex":0,"overlayType":"Polyline","id":"jbnu-osm-correction-1328178456-cc0ddd","kind":"walkway","name":"OSM 1328178456 위치 보정","walkable":true,"bidirectional":true,"status":"active","access":"unknown","stairs":false,"wheelchair":false,"surface":"unknown","opening_hours":"24/7","access_time_start":null,"access_time_end":null,"access_timezone":"Asia/Seoul","source":"OpenStreetMap contributors; user_correction","verified_at":null,"evidence":"OSM 원본 1328178456의 위치 보정본","category":null,"description":null,"source_id":"osm-way-1328178456","replaces_source_id":"osm-way-1328178456","source_status":"superseded_by_local_correction","source_highway":"service","source_layer":"jbnu_manual_workfile","effective_highway":"service","drivable":true,"vehicle_access":"unknown","campus_private_access":false,"oneway":false,"routing_speed_kph":15,"routing_source":"jbnu_walking_path_vehicle_filter_v1"},"id":"jbnu-osm-correction-1328178456-cc0ddd"},{"type":"Feature","geometry":{"type":"LineString","coordinates":[[127.13247825,35.8462967],[127.132605825,35.8463048],[127.1326963,35.846353775000004],[127.1327567,35.84638855],[127.1327916,35.8464092],[127.13286264999999,35.84643425],[127.1329103,35.84645],[127.1333562,35.8464728]],"mantle_properties":{"strokeColor":"#2563EB","strokeOpacity":0.95,"strokeWeight":5,"strokeStyle":"solid","strokeLineCap":"butt","strokeLineJoin":"miter","visible":true,"clickable":true,"zIndex":0,"overlayType":"Polyline"}},"properties":{"strokeColor":"#2563EB","strokeOpacity":0.95,"strokeWeight":5,"strokeStyle":"solid","strokeLineCap":"butt","strokeLineJoin":"miter","visible":true,"clickable":true,"zIndex":0,"overlayType":"Polyline","id":"jbnu-osm-correction-1280489680-b9fa27","kind":"walkway","name":"공학로","walkable":true,"bidirectional":true,"status":"active","access":"unknown","stairs":false,"wheelchair":false,"surface":"unknown","opening_hours":"24/7","access_time_start":null,"access_time_end":null,"access_timezone":"Asia/Seoul","source":"OpenStreetMap contributors; user_correction","verified_at":null,"evidence":"OSM 원본 1280489680의 위치 보정본","category":null,"description":null,"source_id":"osm-way-1280489680","replaces_source_id":"osm-way-1280489680","source_status":"superseded_by_local_correction","source_highway":"service","source_layer":"jbnu_manual_workfile","effective_highway":"service","drivable":true,"vehicle_access":"unknown","campus_private_access":false,"oneway":false,"routing_speed_kph":15,"routing_source":"jbnu_walking_path_vehicle_filter_v1"},"id":"jbnu-osm-correction-1280489680-b9fa27"},{"type":"Feature","geometry":{"type":"LineString","coordinates":[[127.133865125,35.847107449999996],[127.13432438333332,35.847129333333335],[127.134320425,35.8472159],[127.13442754444445,35.847222688888884],[127.1349816857143,35.847248209523805],[127.1351647,35.8472577],[127.1352156,35.8472599]],"mantle_properties":{"strokeColor":"#2563EB","strokeOpacity":0.95,"strokeWeight":5,"strokeStyle":"solid","strokeLineCap":"butt","strokeLineJoin":"miter","visible":true,"clickable":true,"zIndex":0,"overlayType":"Polyline"}},"properties":{"strokeColor":"#2563EB","strokeOpacity":0.95,"strokeWeight":5,"strokeStyle":"solid","strokeLineCap":"butt","strokeLineJoin":"miter","visible":true,"clickable":true,"zIndex":0,"overlayType":"Polyline","id":"jbnu-osm-correction-1389446814-6c5e8f","kind":"walkway","name":"OSM 1389446814 위치 보정","walkable":true,"bidirectional":true,"status":"active","access":"unknown","stairs":false,"wheelchair":false,"surface":"unknown","opening_hours":"24/7","access_time_start":null,"access_time_end":null,"access_timezone":"Asia/Seoul","source":"OpenStreetMap contributors; user_correction","verified_at":null,"evidence":"OSM 원본 1389446814의 위치 보정본","category":null,"description":null,"source_id":"osm-way-1389446814","replaces_source_id":"osm-way-1389446814","source_status":"superseded_by_local_correction","source_highway":"service","source_layer":"jbnu_manual_workfile","effective_highway":"service","drivable":true,"vehicle_access":"unknown","campus_private_access":false,"oneway":false,"routing_speed_kph":15,"routing_source":"jbnu_walking_path_vehicle_filter_v1"},"id":"jbnu-osm-correction-1389446814-6c5e8f"},{"type":"Feature","geometry":{"type":"LineString","coordinates":[[127.13438115,35.847131899999994],[127.1343813,35.8470977],[127.13443175,35.847102250000006],[127.1345077,35.8471093]],"mantle_properties":{"strokeColor":"#2563EB","strokeOpacity":0.95,"strokeWeight":5,"strokeStyle":"solid","strokeLineCap":"butt","strokeLineJoin":"miter","visible":true,"clickable":true,"zIndex":0,"overlayType":"Polyline"}},"properties":{"strokeColor":"#2563EB","strokeOpacity":0.95,"strokeWeight":5,"strokeStyle":"solid","strokeLineCap":"butt","strokeLineJoin":"miter","visible":true,"clickable":true,"zIndex":0,"overlayType":"Polyline","id":"jbnu-osm-correction-1389446836-512c28","kind":"walkway","name":"OSM 1389446836 위치 보정","walkable":true,"bidirectional":true,"status":"active","access":"unknown","stairs":false,"wheelchair":false,"surface":"unknown","opening_hours":"24/7","access_time_start":null,"access_time_end":null,"access_timezone":"Asia/Seoul","source":"OpenStreetMap contributors; user_correction","verified_at":null,"evidence":"OSM 원본 1389446836의 위치 보정본","category":null,"description":null,"source_id":"osm-way-1389446836","replaces_source_id":"osm-way-1389446836","source_status":"superseded_by_local_correction","source_highway":"service","source_layer":"jbnu_manual_workfile","effective_highway":"service","drivable":true,"vehicle_access":"unknown","campus_private_access":false,"oneway":false,"routing_speed_kph":15,"routing_source":"jbnu_walking_path_vehicle_filter_v1"},"id":"jbnu-osm-correction-1389446836-512c28"},{"type":"Feature","geometry":{"type":"LineString","coordinates":[[127.1316211,35.8472946],[127.13158225000001,35.84729325],[127.13138809555757,35.847287150383984]],"mantle_properties":{"strokeColor":"#2563EB","strokeOpacity":0.95,"strokeWeight":5,"strokeStyle":"solid","strokeLineCap":"butt","strokeLineJoin":"miter","visible":true,"clickable":true,"zIndex":0,"overlayType":"Polyline"}},"properties":{"strokeColor":"#2563EB","strokeOpacity":0.95,"strokeWeight":5,"strokeStyle":"solid","strokeLineCap":"butt","strokeLineJoin":"miter","visible":true,"clickable":true,"zIndex":0,"overlayType":"Polyline","id":"jbnu-osm-correction-1427026317-adc891","kind":"walkway","name":"OSM 1427026317 위치 보정","walkable":true,"bidirectional":true,"status":"active","access":"unknown","stairs":false,"wheelchair":false,"surface":"unknown","opening_hours":"24/7","access_time_start":null,"access_time_end":null,"access_timezone":"Asia/Seoul","source":"OpenStreetMap contributors; user_correction","verified_at":null,"evidence":"OSM 원본 1427026317의 위치 보정본","category":null,"description":null,"source_id":"osm-way-1427026317","replaces_source_id":"osm-way-1427026317","source_status":"superseded_by_local_correction","source_highway":"service","source_layer":"jbnu_manual_workfile","effective_highway":"service","drivable":true,"vehicle_access":"unknown","campus_private_access":false,"oneway":false,"routing_speed_kph":15,"routing_source":"jbnu_walking_path_vehicle_filter_v1"},"id":"jbnu-osm-correction-1427026317-adc891"},{"type":"Feature","geometry":{"type":"LineString","coordinates":[[127.1338215,35.8490068],[127.1338473,35.8493706],[127.1325527,35.8494676],[127.1325145,35.8491359],[127.133137,35.8490861]],"mantle_properties":{"strokeColor":"#2563EB","strokeOpacity":0.95,"strokeWeight":5,"strokeStyle":"solid","strokeLineCap":"butt","strokeLineJoin":"miter","visible":true,"clickable":true,"zIndex":0,"overlayType":"Polyline"}},"properties":{"strokeColor":"#2563EB","strokeOpacity":0.95,"strokeWeight":5,"strokeStyle":"solid","strokeLineCap":"butt","strokeLineJoin":"miter","visible":true,"clickable":true,"zIndex":0,"overlayType":"Polyline","id":"jbnu-osm-correction-36963737-97e71b","kind":"walkway","name":"OSM 36963737 위치 보정","walkable":true,"bidirectional":true,"status":"active","access":"unknown","stairs":false,"wheelchair":false,"surface":"unknown","opening_hours":"24/7","access_time_start":null,"access_time_end":null,"access_timezone":"Asia/Seoul","source":"OpenStreetMap contributors; user_correction","verified_at":null,"evidence":"OSM 원본 36963737의 위치 보정본","category":null,"description":null,"source_id":"osm-way-36963737","replaces_source_id":"osm-way-36963737","source_status":"superseded_by_local_correction","source_highway":"service","source_layer":"jbnu_manual_workfile","effective_highway":"service","drivable":true,"vehicle_access":"unknown","campus_private_access":false,"oneway":false,"routing_speed_kph":15,"routing_source":"jbnu_walking_path_vehicle_filter_v1"},"id":"jbnu-osm-correction-36963737-97e71b"},{"type":"Feature","geometry":{"type":"LineString","coordinates":[[127.1317629,35.8487812],[127.13180342,35.84891624],[127.13233789468838,35.84882116863202]],"mantle_properties":{"strokeColor":"#2563EB","strokeOpacity":0.95,"strokeWeight":5,"strokeStyle":"solid","strokeLineCap":"butt","strokeLineJoin":"miter","visible":true,"clickable":true,"zIndex":0,"overlayType":"Polyline"}},"properties":{"strokeColor":"#2563EB","strokeOpacity":0.95,"strokeWeight":5,"strokeStyle":"solid","strokeLineCap":"butt","strokeLineJoin":"miter","visible":true,"clickable":true,"zIndex":0,"overlayType":"Polyline","id":"jbnu-osm-correction-115952682-73fd42","kind":"walkway","name":"OSM 115952682 위치 보정","walkable":true,"bidirectional":true,"status":"active","access":"unknown","stairs":false,"wheelchair":false,"surface":"unknown","opening_hours":"24/7","access_time_start":null,"access_time_end":null,"access_timezone":"Asia/Seoul","source":"OpenStreetMap contributors; user_correction","verified_at":null,"evidence":"OSM 원본 115952682의 위치 보정본","category":null,"description":null,"source_id":"osm-way-115952682","replaces_source_id":"osm-way-115952682","source_status":"superseded_by_local_correction","source_highway":"service","source_layer":"jbnu_manual_workfile","effective_highway":"service","drivable":true,"vehicle_access":"unknown","campus_private_access":false,"oneway":false,"routing_speed_kph":15,"routing_source":"jbnu_walking_path_vehicle_filter_v1"},"id":"jbnu-osm-correction-115952682-73fd42"},{"type":"Feature","geometry":{"type":"LineString","coordinates":[[127.13180342,35.84891624],[127.13135425555555,35.849005455555556],[127.13132,35.8489646],[127.1312433,35.8488578]],"mantle_properties":{"strokeColor":"#2563EB","strokeOpacity":0.95,"strokeWeight":5,"strokeStyle":"solid","strokeLineCap":"butt","strokeLineJoin":"miter","visible":true,"clickable":true,"zIndex":0,"overlayType":"Polyline"}},"properties":{"strokeColor":"#2563EB","strokeOpacity":0.95,"strokeWeight":5,"strokeStyle":"solid","strokeLineCap":"butt","strokeLineJoin":"miter","visible":true,"clickable":true,"zIndex":0,"overlayType":"Polyline","id":"jbnu-osm-correction-115952686-7390ac","kind":"walkway","name":"OSM 115952686 위치 보정","walkable":true,"bidirectional":true,"status":"active","access":"unknown","stairs":false,"wheelchair":false,"surface":"unknown","opening_hours":"24/7","access_time_start":null,"access_time_end":null,"access_timezone":"Asia/Seoul","source":"OpenStreetMap contributors; user_correction","verified_at":null,"evidence":"OSM 원본 115952686의 위치 보정본","category":null,"description":null,"source_id":"osm-way-115952686","replaces_source_id":"osm-way-115952686","source_status":"superseded_by_local_correction","source_highway":"service","source_layer":"jbnu_manual_workfile","effective_highway":"service","drivable":true,"vehicle_access":"unknown","campus_private_access":false,"oneway":false,"routing_speed_kph":15,"routing_source":"jbnu_walking_path_vehicle_filter_v1"},"id":"jbnu-osm-correction-115952686-7390ac"},{"type":"Feature","geometry":{"type":"LineString","coordinates":[[127.13135425555555,35.849005455555556],[127.1314103,35.8491974],[127.1314461,35.8493085]],"mantle_properties":{"strokeColor":"#2563EB","strokeOpacity":0.95,"strokeWeight":5,"strokeStyle":"solid","strokeLineCap":"butt","strokeLineJoin":"miter","visible":true,"clickable":true,"zIndex":0,"overlayType":"Polyline"}},"properties":{"strokeColor":"#2563EB","strokeOpacity":0.95,"strokeWeight":5,"strokeStyle":"solid","strokeLineCap":"butt","strokeLineJoin":"miter","visible":true,"clickable":true,"zIndex":0,"overlayType":"Polyline","id":"jbnu-osm-correction-115952740-a38f79","kind":"walkway","name":"OSM 115952740 위치 보정","walkable":true,"bidirectional":true,"status":"active","access":"unknown","stairs":false,"wheelchair":false,"surface":"unknown","opening_hours":"24/7","access_time_start":null,"access_time_end":null,"access_timezone":"Asia/Seoul","source":"OpenStreetMap contributors; user_correction","verified_at":null,"evidence":"OSM 원본 115952740의 위치 보정본","category":null,"description":null,"source_id":"osm-way-115952740","replaces_source_id":"osm-way-115952740","source_status":"superseded_by_local_correction","source_highway":"service","source_layer":"jbnu_manual_workfile","effective_highway":"service","drivable":true,"vehicle_access":"unknown","campus_private_access":false,"oneway":false,"routing_speed_kph":15,"routing_source":"jbnu_walking_path_vehicle_filter_v1"},"id":"jbnu-osm-correction-115952740-a38f79"},{"type":"Feature","geometry":{"type":"LineString","coordinates":[[127.12607380000001,35.84591206666666],[127.12594164444444,35.84588032222222],[127.1258379,35.8460945]],"mantle_properties":{"strokeColor":"#2563EB","strokeOpacity":0.95,"strokeWeight":5,"strokeStyle":"solid","strokeLineCap":"butt","strokeLineJoin":"miter","visible":true,"clickable":true,"zIndex":0,"overlayType":"Polyline"}},"properties":{"strokeColor":"#2563EB","strokeOpacity":0.95,"strokeWeight":5,"strokeStyle":"solid","strokeLineCap":"butt","strokeLineJoin":"miter","visible":true,"clickable":true,"zIndex":0,"overlayType":"Polyline","id":"jbnu-osm-correction-968143661-ee23d1","kind":"walkway","name":"OSM 968143661 위치 보정","walkable":true,"bidirectional":true,"status":"active","access":"unknown","stairs":false,"wheelchair":false,"surface":"unknown","opening_hours":"24/7","access_time_start":null,"access_time_end":null,"access_timezone":"Asia/Seoul","source":"OpenStreetMap contributors; user_correction","verified_at":null,"evidence":"OSM 원본 968143661의 위치 보정본","category":null,"description":null,"source_id":"osm-way-968143661","replaces_source_id":"osm-way-968143661","source_status":"superseded_by_local_correction","source_highway":"service","source_layer":"jbnu_manual_workfile","effective_highway":"service","drivable":true,"vehicle_access":"unknown","campus_private_access":false,"oneway":false,"routing_speed_kph":15,"routing_source":"jbnu_walking_path_vehicle_filter_v1"},"id":"jbnu-osm-correction-968143661-ee23d1"},{"type":"Feature","geometry":{"type":"LineString","coordinates":[[127.1268596,35.8455304],[127.1267342,35.8460626],[127.12607380000001,35.84591206666666],[127.1259916,35.8461376],[127.1259701,35.8461975]],"mantle_properties":{"strokeColor":"#2563EB","strokeOpacity":0.95,"strokeWeight":5,"strokeStyle":"solid","strokeLineCap":"butt","strokeLineJoin":"miter","visible":true,"clickable":true,"zIndex":0,"overlayType":"Polyline"}},"properties":{"strokeColor":"#2563EB","strokeOpacity":0.95,"strokeWeight":5,"strokeStyle":"solid","strokeLineCap":"butt","strokeLineJoin":"miter","visible":true,"clickable":true,"zIndex":0,"overlayType":"Polyline","id":"jbnu-osm-correction-876428423-eae7b5","kind":"walkway","name":"OSM 876428423 위치 보정","walkable":true,"bidirectional":true,"status":"active","access":"unknown","stairs":false,"wheelchair":false,"surface":"unknown","opening_hours":"24/7","access_time_start":null,"access_time_end":null,"access_timezone":"Asia/Seoul","source":"OpenStreetMap contributors; user_correction","verified_at":null,"evidence":"OSM 원본 876428423의 위치 보정본","category":null,"description":null,"source_id":"osm-way-876428423","replaces_source_id":"osm-way-876428423","source_status":"superseded_by_local_correction","source_highway":"service","source_layer":"jbnu_manual_workfile","effective_highway":"service","drivable":true,"vehicle_access":"unknown","campus_private_access":false,"oneway":false,"routing_speed_kph":15,"routing_source":"jbnu_walking_path_vehicle_filter_v1"},"id":"jbnu-osm-correction-876428423-eae7b5"},{"type":"Feature","geometry":{"type":"LineString","coordinates":[[127.1288898,35.844969750000004],[127.1292195,35.8449547],[127.12924002,35.84497264666666],[127.1292598,35.8449906],[127.12931527,35.845166469999995]],"mantle_properties":{"strokeColor":"#2563EB","strokeOpacity":0.95,"strokeWeight":5,"strokeStyle":"solid","strokeLineCap":"butt","strokeLineJoin":"miter","visible":true,"clickable":true,"zIndex":0,"overlayType":"Polyline"}},"properties":{"strokeColor":"#2563EB","strokeOpacity":0.95,"strokeWeight":5,"strokeStyle":"solid","strokeLineCap":"butt","strokeLineJoin":"miter","visible":true,"clickable":true,"zIndex":0,"overlayType":"Polyline","id":"jbnu-osm-correction-471478391-c25092","kind":"walkway","name":"OSM 471478391 위치 보정","walkable":true,"bidirectional":true,"status":"active","access":"unknown","stairs":false,"wheelchair":false,"surface":"unknown","opening_hours":"24/7","access_time_start":null,"access_time_end":null,"access_timezone":"Asia/Seoul","source":"OpenStreetMap contributors; user_correction","verified_at":null,"evidence":"OSM 원본 471478391의 위치 보정본","category":null,"description":null,"source_id":"osm-way-471478391","replaces_source_id":"osm-way-471478391","source_status":"superseded_by_local_correction","source_highway":"service","source_layer":"jbnu_manual_workfile","effective_highway":"service","drivable":true,"vehicle_access":"unknown","campus_private_access":false,"oneway":false,"routing_speed_kph":15,"routing_source":"jbnu_walking_path_vehicle_filter_v1"},"id":"jbnu-osm-correction-471478391-c25092"},{"type":"Feature","geometry":{"type":"LineString","coordinates":[[127.135389275,35.846943625],[127.1353068,35.8469229],[127.1352545,35.8469099],[127.13500915000002,35.846898949999996],[127.134666375,35.8468838],[127.13445130000001,35.846875000000004],[127.1341602,35.846862],[127.133873275,35.846851175000005]],"mantle_properties":{"strokeColor":"#F59E0B","strokeOpacity":0.95,"strokeWeight":5,"strokeStyle":"shortdash","strokeLineCap":"butt","strokeLineJoin":"miter","visible":true,"clickable":true,"zIndex":0,"overlayType":"Polyline"}},"properties":{"strokeColor":"#F59E0B","strokeOpacity":0.95,"strokeWeight":5,"strokeStyle":"shortdash","strokeLineCap":"butt","strokeLineJoin":"miter","visible":true,"clickable":true,"zIndex":0,"overlayType":"Polyline","id":"jbnu-osm-correction-115952713-4f970e","kind":"walkway","name":"OSM 115952713 위치 보정","walkable":true,"bidirectional":true,"status":"candidate","access":"unknown","stairs":false,"wheelchair":false,"surface":"unknown","opening_hours":"unknown","access_time_start":null,"access_time_end":null,"access_timezone":"Asia/Seoul","source":"OpenStreetMap contributors; user_correction","verified_at":null,"evidence":"OSM 원본 115952713의 위치 보정본","category":null,"description":null,"source_id":"osm-way-115952713","replaces_source_id":"osm-way-115952713","source_status":"superseded_by_local_correction","source_highway":"service","source_layer":"jbnu_manual_workfile","effective_highway":"service","drivable":true,"vehicle_access":"unknown","campus_private_access":false,"oneway":false,"routing_speed_kph":15,"routing_source":"jbnu_walking_path_vehicle_filter_v1"},"id":"jbnu-osm-correction-115952713-4f970e"},{"type":"Feature","geometry":{"type":"LineString","coordinates":[[127.13500915000002,35.846898949999996],[127.1349846,35.8472104],[127.1349816857143,35.847248209523805]],"mantle_properties":{"strokeColor":"#F59E0B","strokeOpacity":0.95,"strokeWeight":5,"strokeStyle":"shortdash","strokeLineCap":"butt","strokeLineJoin":"miter","visible":true,"clickable":true,"zIndex":0,"overlayType":"Polyline"}},"properties":{"strokeColor":"#F59E0B","strokeOpacity":0.95,"strokeWeight":5,"strokeStyle":"shortdash","strokeLineCap":"butt","strokeLineJoin":"miter","visible":true,"clickable":true,"zIndex":0,"overlayType":"Polyline","id":"jbnu-osm-correction-1368399485-7ee42c","kind":"walkway","name":"OSM 1368399485 위치 보정","walkable":true,"bidirectional":true,"status":"candidate","access":"unknown","stairs":false,"wheelchair":false,"surface":"unknown","opening_hours":"unknown","access_time_start":null,"access_time_end":null,"access_timezone":"Asia/Seoul","source":"OpenStreetMap contributors; user_correction","verified_at":null,"evidence":"OSM 원본 1368399485의 위치 보정본","category":null,"description":null,"source_id":"osm-way-1368399485","replaces_source_id":"osm-way-1368399485","source_status":"superseded_by_local_correction","source_highway":"service","source_layer":"jbnu_manual_workfile","effective_highway":"service","drivable":true,"vehicle_access":"unknown","campus_private_access":false,"oneway":false,"routing_speed_kph":15,"routing_source":"jbnu_walking_path_vehicle_filter_v1"},"id":"jbnu-osm-correction-1368399485-7ee42c"},{"type":"Feature","geometry":{"type":"LineString","coordinates":[[127.132443875,35.84625545],[127.13247825,35.8462967],[127.13245997499999,35.846355925],[127.13242040833332,35.84639561666666],[127.132405,35.8464108],[127.13231987500001,35.84642434999999],[127.13197905,35.846413549999994],[127.13181963333334,35.84641462222223],[127.1318149,35.846463],[127.13164115000001,35.846456475000004],[127.1314971,35.84645435]],"mantle_properties":{"strokeColor":"#F59E0B","strokeOpacity":0.95,"strokeWeight":5,"strokeStyle":"shortdash","strokeLineCap":"butt","strokeLineJoin":"miter","visible":true,"clickable":true,"zIndex":0,"overlayType":"Polyline"}},"properties":{"strokeColor":"#F59E0B","strokeOpacity":0.95,"strokeWeight":5,"strokeStyle":"shortdash","strokeLineCap":"butt","strokeLineJoin":"miter","visible":true,"clickable":true,"zIndex":0,"overlayType":"Polyline","id":"jbnu-osm-correction-115952714-abab3f","kind":"walkway","name":"OSM 115952714 위치 보정","walkable":true,"bidirectional":true,"status":"candidate","access":"unknown","stairs":false,"wheelchair":false,"surface":"unknown","opening_hours":"unknown","access_time_start":null,"access_time_end":null,"access_timezone":"Asia/Seoul","source":"OpenStreetMap contributors; user_correction","verified_at":null,"evidence":"OSM 원본 115952714의 위치 보정본","category":null,"description":null,"source_id":"osm-way-115952714","replaces_source_id":"osm-way-115952714","source_status":"superseded_by_local_correction","source_highway":"service","source_layer":"jbnu_manual_workfile","effective_highway":"service","drivable":true,"vehicle_access":"unknown","campus_private_access":false,"oneway":false,"routing_speed_kph":15,"routing_source":"jbnu_walking_path_vehicle_filter_v1"},"id":"jbnu-osm-correction-115952714-abab3f"},{"type":"Feature","geometry":{"type":"LineString","coordinates":[[127.131195492,35.846471536],[127.1312578,35.8467984],[127.1310351,35.84681735],[127.1309366,35.8468238],[127.1302698,35.8468546],[127.13006636875,35.846838968750006],[127.1299272,35.846821250000005]],"mantle_properties":{"strokeColor":"#F59E0B","strokeOpacity":0.95,"strokeWeight":5,"strokeStyle":"shortdash","strokeLineCap":"butt","strokeLineJoin":"miter","visible":true,"clickable":true,"zIndex":0,"overlayType":"Polyline"}},"properties":{"strokeColor":"#F59E0B","strokeOpacity":0.95,"strokeWeight":5,"strokeStyle":"shortdash","strokeLineCap":"butt","strokeLineJoin":"miter","visible":true,"clickable":true,"zIndex":0,"overlayType":"Polyline","id":"jbnu-osm-correction-471373631-64e41e","kind":"walkway","name":"OSM 471373631 위치 보정","walkable":true,"bidirectional":true,"status":"candidate","access":"unknown","stairs":false,"wheelchair":false,"surface":"unknown","opening_hours":"unknown","access_time_start":null,"access_time_end":null,"access_timezone":"Asia/Seoul","source":"OpenStreetMap contributors; user_correction","verified_at":null,"evidence":"OSM 원본 471373631의 위치 보정본","category":null,"description":null,"source_id":"osm-way-471373631","replaces_source_id":"osm-way-471373631","source_status":"superseded_by_local_correction","source_highway":"service","source_layer":"jbnu_manual_workfile","effective_highway":"service","drivable":true,"vehicle_access":"unknown","campus_private_access":false,"oneway":false,"routing_speed_kph":15,"routing_source":"jbnu_walking_path_vehicle_filter_v1"},"id":"jbnu-osm-correction-471373631-64e41e"},{"type":"Feature","geometry":{"type":"LineString","coordinates":[[127.13017102500001,35.843975225],[127.130161,35.8440198],[127.130157,35.844042650000006]],"mantle_properties":{"strokeColor":"#F59E0B","strokeOpacity":0.95,"strokeWeight":5,"strokeStyle":"shortdash","strokeLineCap":"butt","strokeLineJoin":"miter","visible":true,"clickable":true,"zIndex":0,"overlayType":"Polyline"}},"properties":{"strokeColor":"#F59E0B","strokeOpacity":0.95,"strokeWeight":5,"strokeStyle":"shortdash","strokeLineCap":"butt","strokeLineJoin":"miter","visible":true,"clickable":true,"zIndex":0,"overlayType":"Polyline","id":"jbnu-osm-correction-1328178448-847afd","kind":"walkway","name":"OSM 1328178448 위치 보정","walkable":true,"bidirectional":true,"status":"candidate","access":"unknown","stairs":false,"wheelchair":false,"surface":"unknown","opening_hours":"unknown","access_time_start":null,"access_time_end":null,"access_timezone":"Asia/Seoul","source":"OpenStreetMap contributors; user_correction","verified_at":null,"evidence":"OSM 원본 1328178448의 위치 보정본","category":null,"description":null,"source_id":"osm-way-1328178448","replaces_source_id":"osm-way-1328178448","source_status":"superseded_by_local_correction","source_highway":"service","source_layer":"jbnu_manual_workfile","effective_highway":"service","drivable":true,"vehicle_access":"unknown","campus_private_access":false,"oneway":false,"routing_speed_kph":15,"routing_source":"jbnu_walking_path_vehicle_filter_v1"},"id":"jbnu-osm-correction-1328178448-847afd"},{"type":"Feature","geometry":{"type":"LineString","coordinates":[[127.13253994576095,35.845211590951834],[127.1327399,35.845187925],[127.1329606,35.845111325],[127.133169075,35.84507055],[127.1333535,35.845069699999996],[127.1335795,35.845144950000005],[127.13370625,35.8452564],[127.13379885407625,35.84548602816789],[127.1338701,35.8455800625]],"mantle_properties":{"strokeColor":"#F59E0B","strokeOpacity":0.95,"strokeWeight":5,"strokeStyle":"shortdash","strokeLineCap":"butt","strokeLineJoin":"miter","visible":true,"clickable":true,"zIndex":0,"overlayType":"Polyline"}},"properties":{"strokeColor":"#F59E0B","strokeOpacity":0.95,"strokeWeight":5,"strokeStyle":"shortdash","strokeLineCap":"butt","strokeLineJoin":"miter","visible":true,"clickable":true,"zIndex":0,"overlayType":"Polyline","id":"jbnu-osm-correction-36963724-740f64","kind":"walkway","name":"OSM 36963724 위치 보정","walkable":true,"bidirectional":true,"status":"candidate","access":"unknown","stairs":false,"wheelchair":false,"surface":"unknown","opening_hours":"unknown","access_time_start":null,"access_time_end":null,"access_timezone":"Asia/Seoul","source":"OpenStreetMap contributors; user_correction","verified_at":null,"evidence":"OSM 원본 36963724의 위치 보정본","category":null,"description":null,"source_id":"osm-way-36963724","replaces_source_id":"osm-way-36963724","source_status":"superseded_by_local_correction","source_highway":"service","source_layer":"jbnu_manual_workfile","effective_highway":"service","drivable":true,"vehicle_access":"unknown","campus_private_access":false,"oneway":false,"routing_speed_kph":15,"routing_source":"jbnu_walking_path_vehicle_filter_v1"},"id":"jbnu-osm-correction-36963724-740f64"},{"type":"Feature","geometry":{"type":"LineString","coordinates":[[127.1333384,35.84463565],[127.1333777,35.84490136666666]],"mantle_properties":{"strokeColor":"#F59E0B","strokeOpacity":0.95,"strokeWeight":5,"strokeStyle":"shortdash","strokeLineCap":"butt","strokeLineJoin":"miter","visible":true,"clickable":true,"zIndex":0,"overlayType":"Polyline"}},"properties":{"strokeColor":"#F59E0B","strokeOpacity":0.95,"strokeWeight":5,"strokeStyle":"shortdash","strokeLineCap":"butt","strokeLineJoin":"miter","visible":true,"clickable":true,"zIndex":0,"overlayType":"Polyline","id":"jbnu-osm-correction-744069041-428aa1","kind":"walkway","name":"OSM 744069041 위치 보정","walkable":true,"bidirectional":true,"status":"candidate","access":"unknown","stairs":false,"wheelchair":false,"surface":"unknown","opening_hours":"unknown","access_time_start":null,"access_time_end":null,"access_timezone":"Asia/Seoul","source":"OpenStreetMap contributors; user_correction","verified_at":null,"evidence":"OSM 원본 744069041의 위치 보정본","category":null,"description":null,"source_id":"osm-way-744069041","replaces_source_id":"osm-way-744069041","source_status":"superseded_by_local_correction","source_highway":"service","source_layer":"jbnu_manual_workfile","effective_highway":"service","drivable":true,"vehicle_access":"unknown","campus_private_access":false,"oneway":false,"routing_speed_kph":15,"routing_source":"jbnu_walking_path_vehicle_filter_v1"},"id":"jbnu-osm-correction-744069041-428aa1"},{"type":"Feature","geometry":{"type":"LineString","coordinates":[[127.1340302,35.8445091],[127.133935525,35.84455307499999],[127.1333384,35.84463565],[127.1333213,35.8445259],[127.1333166,35.8444835],[127.13330245,35.844421275]],"mantle_properties":{"strokeColor":"#F59E0B","strokeOpacity":0.95,"strokeWeight":5,"strokeStyle":"shortdash","strokeLineCap":"butt","strokeLineJoin":"miter","visible":true,"clickable":true,"zIndex":0,"overlayType":"Polyline"}},"properties":{"strokeColor":"#F59E0B","strokeOpacity":0.95,"strokeWeight":5,"strokeStyle":"shortdash","strokeLineCap":"butt","strokeLineJoin":"miter","visible":true,"clickable":true,"zIndex":0,"overlayType":"Polyline","id":"jbnu-osm-correction-472625470-b7e7b6","kind":"walkway","name":"OSM 472625470 위치 보정","walkable":true,"bidirectional":true,"status":"candidate","access":"unknown","stairs":false,"wheelchair":false,"surface":"unknown","opening_hours":"unknown","access_time_start":null,"access_time_end":null,"access_timezone":"Asia/Seoul","source":"OpenStreetMap contributors; user_correction","verified_at":null,"evidence":"OSM 원본 472625470의 위치 보정본","category":null,"description":null,"source_id":"osm-way-472625470","replaces_source_id":"osm-way-472625470","source_status":"superseded_by_local_correction","source_highway":"service","source_layer":"jbnu_manual_workfile","effective_highway":"service","drivable":true,"vehicle_access":"unknown","campus_private_access":false,"oneway":false,"routing_speed_kph":15,"routing_source":"jbnu_walking_path_vehicle_filter_v1"},"id":"jbnu-osm-correction-472625470-b7e7b6"},{"type":"Feature","geometry":{"type":"LineString","coordinates":[[127.1340035,35.844343],[127.1340119,35.8443975],[127.1340302,35.8445091],[127.1340831,35.8445313],[127.1341454,35.8445346],[127.1342936,35.8445144],[127.1343224,35.8445954],[127.134354,35.8446824],[127.1343902,35.844796],[127.1344163,35.844827],[127.13443886666668,35.84488736666667],[127.1344981,35.8451178],[127.13456585,35.84510445]],"mantle_properties":{"strokeColor":"#F59E0B","strokeOpacity":0.95,"strokeWeight":5,"strokeStyle":"shortdash","strokeLineCap":"butt","strokeLineJoin":"miter","visible":true,"clickable":true,"zIndex":0,"overlayType":"Polyline"}},"properties":{"strokeColor":"#F59E0B","strokeOpacity":0.95,"strokeWeight":5,"strokeStyle":"shortdash","strokeLineCap":"butt","strokeLineJoin":"miter","visible":true,"clickable":true,"zIndex":0,"overlayType":"Polyline","id":"jbnu-osm-correction-472625469-406998","kind":"walkway","name":"OSM 472625469 위치 보정","walkable":true,"bidirectional":true,"status":"candidate","access":"unknown","stairs":false,"wheelchair":false,"surface":"unknown","opening_hours":"unknown","access_time_start":null,"access_time_end":null,"access_timezone":"Asia/Seoul","source":"OpenStreetMap contributors; user_correction","verified_at":null,"evidence":"OSM 원본 472625469의 위치 보정본","category":null,"description":null,"source_id":"osm-way-472625469","replaces_source_id":"osm-way-472625469","source_status":"superseded_by_local_correction","source_highway":"service","source_layer":"jbnu_manual_workfile","effective_highway":"service","drivable":true,"vehicle_access":"unknown","campus_private_access":false,"oneway":false,"routing_speed_kph":15,"routing_source":"jbnu_walking_path_vehicle_filter_v1"},"id":"jbnu-osm-correction-472625469-406998"},{"type":"Feature","geometry":{"type":"LineString","coordinates":[[127.1310351,35.84681735],[127.1310035,35.84704574444444],[127.1309851,35.8471495],[127.1309814,35.8471772],[127.1309519,35.8474066],[127.130947125,35.847570774999994],[127.13091972500001,35.847626225],[127.130709225,35.847665250000006],[127.13073055000001,35.847709949999995],[127.130722575,35.84776265000001]],"mantle_properties":{"strokeColor":"#F59E0B","strokeOpacity":0.95,"strokeWeight":5,"strokeStyle":"shortdash","strokeLineCap":"butt","strokeLineJoin":"miter","visible":true,"clickable":true,"zIndex":0,"overlayType":"Polyline"}},"properties":{"strokeColor":"#F59E0B","strokeOpacity":0.95,"strokeWeight":5,"strokeStyle":"shortdash","strokeLineCap":"butt","strokeLineJoin":"miter","visible":true,"clickable":true,"zIndex":0,"overlayType":"Polyline","id":"jbnu-osm-correction-115952679-f1648a","kind":"walkway","name":"OSM 115952679 위치 보정","walkable":true,"bidirectional":true,"status":"candidate","access":"unknown","stairs":false,"wheelchair":false,"surface":"unknown","opening_hours":"unknown","access_time_start":null,"access_time_end":null,"access_timezone":"Asia/Seoul","source":"OpenStreetMap contributors; user_correction","verified_at":null,"evidence":"OSM 원본 115952679의 위치 보정본","category":null,"description":null,"source_id":"osm-way-115952679","replaces_source_id":"osm-way-115952679","source_status":"superseded_by_local_correction","source_highway":"service","source_layer":"jbnu_manual_workfile","effective_highway":"service","drivable":true,"vehicle_access":"unknown","campus_private_access":false,"oneway":false,"routing_speed_kph":15,"routing_source":"jbnu_walking_path_vehicle_filter_v1"},"id":"jbnu-osm-correction-115952679-f1648a"},{"type":"Feature","geometry":{"type":"LineString","coordinates":[[127.1309851,35.8471495],[127.13093835000001,35.84715224999999],[127.1307373,35.8471647],[127.13063486325656,35.847224681511214],[127.13053155,35.847247975],[127.13004543749999,35.84724269583333],[127.12995492499999,35.847232149999996]],"mantle_properties":{"strokeColor":"#F59E0B","strokeOpacity":0.95,"strokeWeight":5,"strokeStyle":"shortdash","strokeLineCap":"butt","strokeLineJoin":"miter","visible":true,"clickable":true,"zIndex":0,"overlayType":"Polyline"}},"properties":{"strokeColor":"#F59E0B","strokeOpacity":0.95,"strokeWeight":5,"strokeStyle":"shortdash","strokeLineCap":"butt","strokeLineJoin":"miter","visible":true,"clickable":true,"zIndex":0,"overlayType":"Polyline","id":"jbnu-osm-correction-115952718-dca041","kind":"walkway","name":"OSM 115952718 위치 보정","walkable":true,"bidirectional":true,"status":"candidate","access":"unknown","stairs":false,"wheelchair":false,"surface":"unknown","opening_hours":"unknown","access_time_start":null,"access_time_end":null,"access_timezone":"Asia/Seoul","source":"OpenStreetMap contributors; user_correction","verified_at":null,"evidence":"OSM 원본 115952718의 위치 보정본","category":null,"description":null,"source_id":"osm-way-115952718","replaces_source_id":"osm-way-115952718","source_status":"superseded_by_local_correction","source_highway":"service","source_layer":"jbnu_manual_workfile","effective_highway":"service","drivable":true,"vehicle_access":"unknown","campus_private_access":false,"oneway":false,"routing_speed_kph":15,"routing_source":"jbnu_walking_path_vehicle_filter_v1"},"id":"jbnu-osm-correction-115952718-dca041"},{"type":"Feature","geometry":{"type":"LineString","coordinates":[[127.12964556666667,35.845612044444444],[127.1296329,35.8454017],[127.1296302,35.8453562]],"mantle_properties":{"strokeColor":"#F59E0B","strokeOpacity":0.95,"strokeWeight":5,"strokeStyle":"shortdash","strokeLineCap":"butt","strokeLineJoin":"miter","visible":true,"clickable":true,"zIndex":0,"overlayType":"Polyline"}},"properties":{"strokeColor":"#F59E0B","strokeOpacity":0.95,"strokeWeight":5,"strokeStyle":"shortdash","strokeLineCap":"butt","strokeLineJoin":"miter","visible":true,"clickable":true,"zIndex":0,"overlayType":"Polyline","id":"jbnu-osm-correction-1327522119-c21313","kind":"walkway","name":"OSM 1327522119 위치 보정","walkable":true,"bidirectional":true,"status":"candidate","access":"unknown","stairs":false,"wheelchair":false,"surface":"unknown","opening_hours":"unknown","access_time_start":null,"access_time_end":null,"access_timezone":"Asia/Seoul","source":"OpenStreetMap contributors; user_correction","verified_at":null,"evidence":"OSM 원본 1327522119의 위치 보정본","category":null,"description":null,"source_id":"osm-way-1327522119","replaces_source_id":"osm-way-1327522119","source_status":"superseded_by_local_correction","source_highway":"service","source_layer":"jbnu_manual_workfile","effective_highway":"service","drivable":true,"vehicle_access":"unknown","campus_private_access":false,"oneway":false,"routing_speed_kph":15,"routing_source":"jbnu_walking_path_vehicle_filter_v1"},"id":"jbnu-osm-correction-1327522119-c21313"},{"type":"Feature","geometry":{"type":"LineString","coordinates":[[127.1284386,35.8454291],[127.128551,35.8454288],[127.1286118,35.8454163],[127.1289015,35.8454004],[127.129081,35.8453884],[127.129374,35.8453689],[127.1294686,35.8453625],[127.1296302,35.8453562],[127.1297195,35.8453508],[127.129868,35.845342],[127.1300293,35.8453352],[127.1303009,35.8453238],[127.1303579,35.8453207],[127.1304131,35.8453232]],"mantle_properties":{"strokeColor":"#F59E0B","strokeOpacity":0.95,"strokeWeight":5,"strokeStyle":"shortdash","strokeLineCap":"butt","strokeLineJoin":"miter","visible":true,"clickable":true,"zIndex":0,"overlayType":"Polyline"}},"properties":{"strokeColor":"#F59E0B","strokeOpacity":0.95,"strokeWeight":5,"strokeStyle":"shortdash","strokeLineCap":"butt","strokeLineJoin":"miter","visible":true,"clickable":true,"zIndex":0,"overlayType":"Polyline","id":"jbnu-osm-correction-1228596606-6cf7cb","kind":"walkway","name":"이세종로","walkable":true,"bidirectional":true,"status":"candidate","access":"unknown","stairs":false,"wheelchair":false,"surface":"unknown","opening_hours":"unknown","access_time_start":null,"access_time_end":null,"access_timezone":"Asia/Seoul","source":"OpenStreetMap contributors; user_correction","verified_at":null,"evidence":"OSM 원본 1228596606의 위치 보정본","category":null,"description":null,"source_id":"osm-way-1228596606","replaces_source_id":"osm-way-1228596606","source_status":"superseded_by_local_correction","source_highway":"service","source_layer":"jbnu_manual_workfile","effective_highway":"service","drivable":true,"vehicle_access":"unknown","campus_private_access":false,"oneway":false,"routing_speed_kph":15,"routing_source":"jbnu_walking_path_vehicle_filter_v1"},"id":"jbnu-osm-correction-1228596606-6cf7cb"},{"type":"Feature","geometry":{"type":"LineString","coordinates":[[127.12912333333334,35.84713156666666],[127.1290335,35.847085375],[127.12896975,35.847031],[127.1289248,35.8469799],[127.128896,35.8469478],[127.12886114999999,35.846877675],[127.128851725,35.8467538],[127.1288672,35.84665],[127.12890677499999,35.846558675000004],[127.1290019,35.846450975],[127.1290643,35.846390725],[127.1291146,35.8463576],[127.129125725,35.846351225],[127.1291387,35.8463478],[127.129317775,35.846315175],[127.12948747499999,35.84631845],[127.12961742499999,35.846346675],[127.1297898,35.846450450000006],[127.1298515,35.8465119],[127.1298864,35.8465467],[127.12992865,35.84666795],[127.12993195,35.846743975],[127.1299272,35.846821250000005],[127.12990995,35.846865225],[127.12988295000001,35.84692835],[127.129828125,35.84700814999999],[127.12975022500001,35.8470788],[127.1296738,35.8471359],[127.1296383,35.8471576],[127.1295478,35.847184325],[127.129272125,35.847188075],[127.12912333333334,35.84713156666666]],"mantle_properties":{"strokeColor":"#F59E0B","strokeOpacity":0.95,"strokeWeight":5,"strokeStyle":"shortdash","strokeLineCap":"butt","strokeLineJoin":"miter","visible":true,"clickable":true,"zIndex":0,"overlayType":"Polyline"}},"properties":{"strokeColor":"#F59E0B","strokeOpacity":0.95,"strokeWeight":5,"strokeStyle":"shortdash","strokeLineCap":"butt","strokeLineJoin":"miter","visible":true,"clickable":true,"zIndex":0,"overlayType":"Polyline","id":"jbnu-osm-correction-743598986-9a1aa2","kind":"walkway","name":"OSM 743598986 위치 보정","walkable":true,"bidirectional":true,"status":"candidate","access":"unknown","stairs":false,"wheelchair":false,"surface":"unknown","opening_hours":"unknown","access_time_start":null,"access_time_end":null,"access_timezone":"Asia/Seoul","source":"OpenStreetMap contributors; user_correction","verified_at":null,"evidence":"OSM 원본 743598986의 위치 보정본","category":null,"description":null,"source_id":"osm-way-743598986","replaces_source_id":"osm-way-743598986","source_status":"superseded_by_local_correction","source_highway":"service","source_layer":"jbnu_manual_workfile","effective_highway":"service","drivable":true,"vehicle_access":"unknown","campus_private_access":false,"oneway":false,"routing_speed_kph":15,"routing_source":"jbnu_walking_path_vehicle_filter_v1"},"id":"jbnu-osm-correction-743598986-9a1aa2"},{"type":"Feature","geometry":{"type":"LineString","coordinates":[[127.13398155,35.846294449999995],[127.1339093,35.8464103],[127.1338901,35.8464931]],"mantle_properties":{"strokeColor":"#F59E0B","strokeOpacity":0.95,"strokeWeight":5,"strokeStyle":"shortdash","strokeLineCap":"butt","strokeLineJoin":"miter","visible":true,"clickable":true,"zIndex":0,"overlayType":"Polyline"}},"properties":{"strokeColor":"#F59E0B","strokeOpacity":0.95,"strokeWeight":5,"strokeStyle":"shortdash","strokeLineCap":"butt","strokeLineJoin":"miter","visible":true,"clickable":true,"zIndex":0,"overlayType":"Polyline","id":"jbnu-osm-correction-471376693-2d1423","kind":"walkway","name":"OSM 471376693 위치 보정","walkable":true,"bidirectional":true,"status":"candidate","access":"unknown","stairs":false,"wheelchair":false,"surface":"unknown","opening_hours":"unknown","access_time_start":null,"access_time_end":null,"access_timezone":"Asia/Seoul","source":"OpenStreetMap contributors; user_correction","verified_at":null,"evidence":"OSM 원본 471376693의 위치 보정본","category":null,"description":null,"source_id":"osm-way-471376693","replaces_source_id":"osm-way-471376693","source_status":"superseded_by_local_correction","source_highway":"service","source_layer":"jbnu_manual_workfile","effective_highway":"service","drivable":true,"vehicle_access":"unknown","campus_private_access":false,"oneway":false,"routing_speed_kph":15,"routing_source":"jbnu_walking_path_vehicle_filter_v1"},"id":"jbnu-osm-correction-471376693-2d1423"},{"type":"Feature","geometry":{"type":"LineString","coordinates":[[127.134656025,35.846319525],[127.13518987500001,35.8463369],[127.135135475,35.846216825],[127.134967875,35.84596834999999],[127.13489815,35.845920449999994],[127.1344864,35.8459059],[127.13408735,35.845894425],[127.133998975,35.845939575],[127.133796425,35.84616835],[127.1339184,35.8462516],[127.13398155,35.846294449999995]],"mantle_properties":{"strokeColor":"#F59E0B","strokeOpacity":0.95,"strokeWeight":5,"strokeStyle":"shortdash","strokeLineCap":"butt","strokeLineJoin":"miter","visible":true,"clickable":true,"zIndex":0,"overlayType":"Polyline"}},"properties":{"strokeColor":"#F59E0B","strokeOpacity":0.95,"strokeWeight":5,"strokeStyle":"shortdash","strokeLineCap":"butt","strokeLineJoin":"miter","visible":true,"clickable":true,"zIndex":0,"overlayType":"Polyline","id":"jbnu-osm-correction-1091855606-dc8ac7","kind":"walkway","name":"OSM 1091855606 위치 보정","walkable":true,"bidirectional":true,"status":"candidate","access":"unknown","stairs":false,"wheelchair":false,"surface":"unknown","opening_hours":"unknown","access_time_start":null,"access_time_end":null,"access_timezone":"Asia/Seoul","source":"OpenStreetMap contributors; user_correction","verified_at":null,"evidence":"OSM 원본 1091855606의 위치 보정본","category":null,"description":null,"source_id":"osm-way-1091855606","replaces_source_id":"osm-way-1091855606","source_status":"superseded_by_local_correction","source_highway":"service","source_layer":"jbnu_manual_workfile","effective_highway":"service","drivable":true,"vehicle_access":"unknown","campus_private_access":false,"oneway":false,"routing_speed_kph":15,"routing_source":"jbnu_walking_path_vehicle_filter_v1"},"id":"jbnu-osm-correction-1091855606-dc8ac7"},{"type":"Feature","geometry":{"type":"LineString","coordinates":[[127.1317619,35.8473082],[127.1316211,35.8472946]],"mantle_properties":{"strokeColor":"#F59E0B","strokeOpacity":0.95,"strokeWeight":5,"strokeStyle":"shortdash","strokeLineCap":"butt","strokeLineJoin":"miter","visible":true,"clickable":true,"zIndex":0,"overlayType":"Polyline"}},"properties":{"strokeColor":"#F59E0B","strokeOpacity":0.95,"strokeWeight":5,"strokeStyle":"shortdash","strokeLineCap":"butt","strokeLineJoin":"miter","visible":true,"clickable":true,"zIndex":0,"overlayType":"Polyline","id":"jbnu-osm-correction-743824977-8291eb","kind":"walkway","name":"OSM 743824977 위치 보정","walkable":true,"bidirectional":true,"status":"candidate","access":"unknown","stairs":false,"wheelchair":false,"surface":"unknown","opening_hours":"unknown","access_time_start":null,"access_time_end":null,"access_timezone":"Asia/Seoul","source":"OpenStreetMap contributors; user_correction","verified_at":null,"evidence":"OSM 원본 743824977의 위치 보정본","category":null,"description":null,"source_id":"osm-way-743824977","replaces_source_id":"osm-way-743824977","source_status":"superseded_by_local_correction","source_highway":"service","source_layer":"jbnu_manual_workfile","effective_highway":"service","drivable":true,"vehicle_access":"unknown","campus_private_access":false,"oneway":false,"routing_speed_kph":15,"routing_source":"jbnu_walking_path_vehicle_filter_v1"},"id":"jbnu-osm-correction-743824977-8291eb"},{"type":"Feature","geometry":{"type":"LineString","coordinates":[[127.1302882,35.8459511],[127.1303245,35.8458149],[127.130393,35.8454234],[127.1304131,35.8453232],[127.13042790000002,35.8452585],[127.1305293,35.8448148],[127.1305592,35.8447072]],"mantle_properties":{"strokeColor":"#F59E0B","strokeOpacity":0.95,"strokeWeight":5,"strokeStyle":"shortdash","strokeLineCap":"butt","strokeLineJoin":"miter","visible":true,"clickable":true,"zIndex":0,"overlayType":"Polyline"}},"properties":{"strokeColor":"#F59E0B","strokeOpacity":0.95,"strokeWeight":5,"strokeStyle":"shortdash","strokeLineCap":"butt","strokeLineJoin":"miter","visible":true,"clickable":true,"zIndex":0,"overlayType":"Polyline","id":"jbnu-osm-correction-1228588852-9136b0","kind":"walkway","name":"건지대로","walkable":true,"bidirectional":true,"status":"candidate","access":"unknown","stairs":false,"wheelchair":false,"surface":"asphalt","opening_hours":"unknown","access_time_start":null,"access_time_end":null,"access_timezone":"Asia/Seoul","source":"OpenStreetMap contributors; user_correction","verified_at":null,"evidence":"OSM 원본 1228588852의 위치 보정본","category":null,"description":null,"source_id":"osm-way-1228588852","replaces_source_id":"osm-way-1228588852","source_status":"superseded_by_local_correction","source_highway":"service","source_layer":"jbnu_manual_workfile","effective_highway":"service","drivable":true,"vehicle_access":"unknown","campus_private_access":false,"oneway":false,"routing_speed_kph":15,"routing_source":"jbnu_walking_path_vehicle_filter_v1"},"id":"jbnu-osm-correction-1228588852-9136b0"},{"type":"Feature","geometry":{"type":"LineString","coordinates":[[127.1338664,35.8484318],[127.1338668,35.8485242],[127.1338672888889,35.848539772222225],[127.1338707,35.848563]],"mantle_properties":{"strokeColor":"#F59E0B","strokeOpacity":0.95,"strokeWeight":5,"strokeStyle":"shortdash","strokeLineCap":"butt","strokeLineJoin":"miter","visible":true,"clickable":true,"zIndex":0,"overlayType":"Polyline"}},"properties":{"strokeColor":"#F59E0B","strokeOpacity":0.95,"strokeWeight":5,"strokeStyle":"shortdash","strokeLineCap":"butt","strokeLineJoin":"miter","visible":true,"clickable":true,"zIndex":0,"overlayType":"Polyline","id":"jbnu-osm-correction-115952688-70477d","kind":"walkway","name":"OSM 115952688 위치 보정","walkable":true,"bidirectional":true,"status":"candidate","access":"unknown","stairs":false,"wheelchair":false,"surface":"unknown","opening_hours":"unknown","access_time_start":null,"access_time_end":null,"access_timezone":"Asia/Seoul","source":"OpenStreetMap contributors; user_correction","verified_at":null,"evidence":"OSM 원본 115952688의 위치 보정본","category":null,"description":null,"source_id":"osm-way-115952688","replaces_source_id":"osm-way-115952688","source_status":"superseded_by_local_correction","source_highway":"service","source_layer":"jbnu_manual_workfile","effective_highway":"service","drivable":true,"vehicle_access":"unknown","campus_private_access":false,"oneway":false,"routing_speed_kph":15,"routing_source":"jbnu_walking_path_vehicle_filter_v1"},"id":"jbnu-osm-correction-115952688-70477d"}]}